날짜,순위,팀명,경기,승,패,무,승률,게임차,연도,월,일,최근승,최근무,최근패,홈승,홈무,홈패,원정승,원정무,원정패
2022-04-02,1,KT,1,1,0,0,1.0,0.0,2022,4,2.0,1.0,0.0,0.0,1.0,0.0,0.0,0.0,0.0,0.0
2022-04-02,1,두산,1,1,0,0,1.0,0.0,2022,4,2.0,1.0,0.0,0.0,1.0,0.0,0.0,0.0,0.0,0.0
2022-04-02,1,LG,1,1,0,0,1.0,0.0,2022,4,2.0,1.0,0.0,0.0,0.0,0.0,0.0,1.0,0.0,0.0
2022-04-02,1,SSG,1,1,0,0,1.0,0.0,2022,4,2.0,1.0,0.0,0.0,0.0,0.0,0.0,1.0,0.0,0.0
2022-04-02,1,롯데,1,1,0,0,1.0,0.0,2022,4,2.0,1.0,0.0,0.0,0.0,0.0,0.0,1.0,0.0,0.0
2022-04-02,6,삼성,1,0,1,0,0.0,1.0,2022,4,2.0,0.0,0.0,1.0,0.0,0.0,0.0,0.0,0.0,1.0
2022-04-02,6,키움,1,0,1,0,0.0,1.0,2022,4,2.0,0.0,0.0,1.0,0.0,0.0,1.0,0.0,0.0,0.0
2022-04-02,6,NC,1,0,1,0,0.0,1.0,2022,4,2.0,0.0,0.0,1.0,0.0,0.0,1.0,0.0,0.0,0.0
2022-04-02,6,KIA,1,0,1,0,0.0,1.0,2022,4,2.0,0.0,0.0,1.0,0.0,0.0,1.0,0.0,0.0,0.0
2022-04-02,6,한화,1,0,1,0,0.0,1.0,2022,4,2.0,0.0,0.0,1.0,0.0,0.0,0.0,0.0,0.0,1.0
2022-04-03,1,두산,2,2,0,0,1.0,0.0,2022,4,3.0,2.0,0.0,0.0,2.0,0.0,0.0,0.0,0.0,0.0
2022-04-03,1,LG,2,2,0,0,1.0,0.0,2022,4,3.0,2.0,0.0,0.0,0.0,0.0,0.0,2.0,0.0,0.0
2022-04-03,1,SSG,2,2,0,0,1.0,0.0,2022,4,3.0,2.0,0.0,0.0,0.0,0.0,0.0,2.0,0.0,0.0
2022-04-03,4,KT,2,1,1,0,0.5,1.0,2022,4,3.0,1.0,0.0,1.0,1.0,0.0,1.0,0.0,0.0,0.0
2022-04-03,4,삼성,2,1,1,0,0.5,1.0,2022,4,3.0,1.0,0.0,1.0,0.0,0.0,0.0,1.0,0.0,1.0
2022-04-03,4,키움,2,1,1,0,0.5,1.0,2022,4,3.0,1.0,0.0,1.0,1.0,0.0,1.0,0.0,0.0,0.0
2022-04-03,4,롯데,2,1,1,0,0.5,1.0,2022,4,3.0,1.0,0.0,1.0,0.0,0.0,0.0,1.0,0.0,1.0
2022-04-03,8,NC,2,0,2,0,0.0,2.0,2022,4,3.0,0.0,0.0,2.0,0.0,0.0,2.0,0.0,0.0,0.0
2022-04-03,8,KIA,2,0,2,0,0.0,2.0,2022,4,3.0,0.0,0.0,2.0,0.0,0.0,2.0,0.0,0.0,0.0
2022-04-03,8,한화,2,0,2,0,0.0,2.0,2022,4,3.0,0.0,0.0,2.0,0.0,0.0,0.0,0.0,0.0,2.0
2022-04-05,1,LG,3,3,0,0,1.0,0.0,2022,4,5.0,3.0,0.0,0.0,0.0,0.0,0.0,3.0,0.0,0.0
2022-04-05,1,SSG,3,3,0,0,1.0,0.0,2022,4,5.0,3.0,0.0,0.0,0.0,0.0,0.0,3.0,0.0,0.0
2022-04-05,3,두산,3,2,1,0,0.667,1.0,2022,4,5.0,2.0,0.0,1.0,2.0,0.0,1.0,0.0,0.0,0.0
2022-04-05,3,삼성,3,2,1,0,0.667,1.0,2022,4,5.0,2.0,0.0,1.0,0.0,0.0,0.0,2.0,0.0,1.0
2022-04-05,3,롯데,3,2,1,0,0.667,1.0,2022,4,5.0,2.0,0.0,1.0,0.0,0.0,0.0,2.0,0.0,1.0
2022-04-05,6,KT,3,1,2,0,0.333,2.0,2022,4,5.0,1.0,0.0,2.0,1.0,0.0,2.0,0.0,0.0,0.0
2022-04-05,6,키움,3,1,2,0,0.333,2.0,2022,4,5.0,1.0,0.0,2.0,1.0,0.0,2.0,0.0,0.0,0.0
2022-04-05,6,KIA,3,1,2,0,0.333,2.0,2022,4,5.0,1.0,0.0,2.0,1.0,0.0,2.0,0.0,0.0,0.0
2022-04-05,9,NC,3,0,3,0,0.0,3.0,2022,4,5.0,0.0,0.0,3.0,0.0,0.0,3.0,0.0,0.0,0.0
2022-04-05,9,한화,3,0,3,0,0.0,3.0,2022,4,5.0,0.0,0.0,3.0,0.0,0.0,0.0,0.0,0.0,3.0
2022-04-06,1,LG,4,4,0,0,1.0,0.0,2022,4,6.0,4.0,0.0,0.0,0.0,0.0,0.0,4.0,0.0,0.0
2022-04-06,1,SSG,4,4,0,0,1.0,0.0,2022,4,6.0,4.0,0.0,0.0,0.0,0.0,0.0,4.0,0.0,0.0
2022-04-06,3,삼성,4,3,1,0,0.75,1.0,2022,4,6.0,3.0,0.0,1.0,0.0,0.0,0.0,3.0,0.0,1.0
2022-04-06,4,두산,4,2,2,0,0.5,2.0,2022,4,6.0,2.0,0.0,2.0,2.0,0.0,2.0,0.0,0.0,0.0
2022-04-06,4,롯데,4,2,2,0,0.5,2.0,2022,4,6.0,2.0,0.0,2.0,0.0,0.0,0.0,2.0,0.0,2.0
2022-04-06,4,KIA,4,2,2,0,0.5,2.0,2022,4,6.0,2.0,0.0,2.0,2.0,0.0,2.0,0.0,0.0,0.0
2022-04-06,7,KT,4,1,3,0,0.25,3.0,2022,4,6.0,1.0,0.0,3.0,1.0,0.0,3.0,0.0,0.0,0.0
2022-04-06,7,키움,4,1,3,0,0.25,3.0,2022,4,6.0,1.0,0.0,3.0,1.0,0.0,3.0,0.0,0.0,0.0
2022-04-06,7,NC,4,1,3,0,0.25,3.0,2022,4,6.0,1.0,0.0,3.0,1.0,0.0,3.0,0.0,0.0,0.0
2022-04-06,10,한화,4,0,4,0,0.0,4.0,2022,4,6.0,0.0,0.0,4.0,0.0,0.0,0.0,0.0,0.0,4.0
2022-04-07,1,LG,5,5,0,0,1.0,0.0,2022,4,7.0,5.0,0.0,0.0,0.0,0.0,0.0,5.0,0.0,0.0
2022-04-07,1,SSG,5,5,0,0,1.0,0.0,2022,4,7.0,5.0,0.0,0.0,0.0,0.0,0.0,5.0,0.0,0.0
2022-04-07,3,두산,5,3,2,0,0.6,2.0,2022,4,7.0,3.0,0.0,2.0,3.0,0.0,2.0,0.0,0.0,0.0
2022-04-07,3,삼성,5,3,2,0,0.6,2.0,2022,4,7.0,3.0,0.0,2.0,0.0,0.0,0.0,3.0,0.0,2.0
2022-04-07,3,롯데,5,3,2,0,0.6,2.0,2022,4,7.0,3.0,0.0,2.0,0.0,0.0,0.0,3.0,0.0,2.0
2022-04-07,3,KIA,5,3,2,0,0.6,2.0,2022,4,7.0,3.0,0.0,2.0,3.0,0.0,2.0,0.0,0.0,0.0
2022-04-07,7,KT,5,1,4,0,0.2,4.0,2022,4,7.0,1.0,0.0,4.0,1.0,0.0,4.0,0.0,0.0,0.0
2022-04-07,7,키움,5,1,4,0,0.2,4.0,2022,4,7.0,1.0,0.0,4.0,1.0,0.0,4.0,0.0,0.0,0.0
2022-04-07,7,NC,5,1,4,0,0.2,4.0,2022,4,7.0,1.0,0.0,4.0,1.0,0.0,4.0,0.0,0.0,0.0
2022-04-07,10,한화,5,0,5,0,0.0,5.0,2022,4,7.0,0.0,0.0,5.0,0.0,0.0,0.0,0.0,0.0,5.0
2022-04-08,1,SSG,6,6,0,0,1.0,0.0,2022,4,8.0,6.0,0.0,0.0,1.0,0.0,0.0,5.0,0.0,0.0
2022-04-08,2,LG,6,5,1,0,0.833,1.0,2022,4,8.0,5.0,0.0,1.0,0.0,0.0,1.0,5.0,0.0,0.0
2022-04-08,3,두산,6,4,2,0,0.667,2.0,2022,4,8.0,4.0,0.0,2.0,3.0,0.0,2.0,1.0,0.0,0.0
2022-04-08,4,삼성,6,3,3,0,0.5,3.0,2022,4,8.0,3.0,0.0,3.0,0.0,0.0,1.0,3.0,0.0,2.0
2022-04-08,4,롯데,6,3,3,0,0.5,3.0,2022,4,8.0,3.0,0.0,3.0,0.0,0.0,1.0,3.0,0.0,2.0
2022-04-08,4,KIA,6,3,3,0,0.5,3.0,2022,4,8.0,3.0,0.0,3.0,3.0,0.0,2.0,0.0,0.0,1.0
2022-04-08,7,KT,6,2,4,0,0.333,4.0,2022,4,8.0,2.0,0.0,4.0,1.0,0.0,4.0,1.0,0.0,0.0
2022-04-08,7,키움,6,2,4,0,0.333,4.0,2022,4,8.0,2.0,0.0,4.0,1.0,0.0,4.0,1.0,0.0,0.0
2022-04-08,7,NC,6,2,4,0,0.333,4.0,2022,4,8.0,2.0,0.0,4.0,1.0,0.0,4.0,1.0,0.0,0.0
2022-04-08,10,한화,6,0,6,0,0.0,6.0,2022,4,8.0,0.0,0.0,6.0,0.0,0.0,1.0,0.0,0.0,5.0
2022-04-09,1,SSG,7,7,0,0,1.0,0.0,2022,4,9.0,7.0,0.0,0.0,2.0,0.0,0.0,5.0,0.0,0.0
2022-04-09,2,LG,7,6,1,0,0.857,1.0,2022,4,9.0,6.0,0.0,1.0,1.0,0.0,1.0,5.0,0.0,0.0
2022-04-09,3,두산,7,4,3,0,0.571,3.0,2022,4,9.0,4.0,0.0,3.0,3.0,0.0,2.0,1.0,0.0,1.0
2022-04-09,3,롯데,7,4,3,0,0.571,3.0,2022,4,9.0,4.0,0.0,3.0,1.0,0.0,1.0,3.0,0.0,2.0
2022-04-09,5,삼성,7,3,4,0,0.429,4.0,2022,4,9.0,3.0,0.0,4.0,0.0,0.0,2.0,3.0,0.0,2.0
2022-04-09,5,키움,7,3,4,0,0.429,4.0,2022,4,9.0,3.0,0.0,4.0,1.0,0.0,4.0,2.0,0.0,0.0
2022-04-09,5,KIA,7,3,4,0,0.429,4.0,2022,4,9.0,3.0,0.0,4.0,3.0,0.0,2.0,0.0,0.0,2.0
2022-04-09,8,KT,7,2,5,0,0.286,5.0,2022,4,9.0,2.0,0.0,5.0,1.0,0.0,4.0,1.0,0.0,1.0
2022-04-09,8,NC,7,2,5,0,0.286,5.0,2022,4,9.0,2.0,0.0,5.0,1.0,0.0,4.0,1.0,0.0,1.0
2022-04-09,10,한화,7,1,6,0,0.143,6.0,2022,4,9.0,1.0,0.0,6.0,1.0,0.0,1.0,0.0,0.0,5.0
2022-04-10,1,SSG,8,8,0,0,1.0,0.0,2022,4,10.0,8.0,0.0,0.0,3.0,0.0,0.0,5.0,0.0,0.0
2022-04-10,2,LG,8,7,1,0,0.875,1.0,2022,4,10.0,7.0,0.0,1.0,2.0,0.0,1.0,5.0,0.0,0.0
2022-04-10,3,두산,8,5,3,0,0.625,3.0,2022,4,10.0,5.0,0.0,3.0,3.0,0.0,2.0,2.0,0.0,1.0
2022-04-10,4,키움,8,4,4,0,0.5,4.0,2022,4,10.0,4.0,0.0,4.0,1.0,0.0,4.0,3.0,0.0,0.0
2022-04-10,4,롯데,8,4,4,0,0.5,4.0,2022,4,10.0,4.0,0.0,4.0,1.0,0.0,2.0,3.0,0.0,2.0
2022-04-10,6,삼성,8,3,5,0,0.375,5.0,2022,4,10.0,3.0,0.0,5.0,0.0,0.0,3.0,3.0,0.0,2.0
2022-04-10,6,KIA,8,3,5,0,0.375,5.0,2022,4,10.0,3.0,0.0,5.0,3.0,0.0,2.0,0.0,0.0,3.0
2022-04-10,8,KT,8,2,6,0,0.25,6.0,2022,4,10.0,2.0,0.0,6.0,1.0,0.0,4.0,1.0,0.0,2.0
2022-04-10,8,NC,8,2,6,0,0.25,6.0,2022,4,10.0,2.0,0.0,6.0,1.0,0.0,4.0,1.0,0.0,2.0
2022-04-10,8,한화,8,2,6,0,0.25,6.0,2022,4,10.0,2.0,0.0,6.0,2.0,0.0,1.0,0.0,0.0,5.0
2022-04-12,1,SSG,9,9,0,0,1.0,0.0,2022,4,12.0,9.0,0.0,0.0,3.0,0.0,0.0,6.0,0.0,0.0
2022-04-12,2,LG,9,7,2,0,0.778,2.0,2022,4,12.0,7.0,0.0,2.0,2.0,0.0,2.0,5.0,0.0,0.0
2022-04-12,3,두산,9,6,3,0,0.667,3.0,2022,4,12.0,6.0,0.0,3.0,3.0,0.0,2.0,3.0,0.0,1.0
2022-04-12,4,키움,9,5,4,0,0.556,4.0,2022,4,12.0,5.0,0.0,4.0,2.0,0.0,4.0,3.0,0.0,0.0
2022-04-12,5,삼성,9,4,5,0,0.444,5.0,2022,4,12.0,4.0,0.0,5.0,1.0,0.0,3.0,3.0,0.0,2.0
2022-04-12,5,롯데,9,4,5,0,0.444,5.0,2022,4,12.0,4.0,0.0,5.0,1.0,0.0,2.0,3.0,0.0,3.0
2022-04-12,5,KIA,9,4,5,0,0.444,5.0,2022,4,12.0,4.0,0.0,5.0,4.0,0.0,2.0,0.0,0.0,3.0
2022-04-12,8,KT,9,2,7,0,0.222,7.0,2022,4,12.0,2.0,0.0,7.0,1.0,0.0,5.0,1.0,0.0,2.0
2022-04-12,8,NC,9,2,7,0,0.222,7.0,2022,4,12.0,2.0,0.0,7.0,1.0,0.0,4.0,1.0,0.0,3.0
2022-04-12,8,한화,9,2,7,0,0.222,7.0,2022,4,12.0,2.0,0.0,7.0,2.0,0.0,1.0,0.0,0.0,6.0
2022-04-13,1,SSG,10,10,0,0,1.0,0.0,2022,4,13.0,10.0,0.0,0.0,3.0,0.0,0.0,7.0,0.0,0.0
2022-04-13,2,LG,10,7,3,0,0.7,3.0,2022,4,13.0,7.0,0.0,3.0,2.0,0.0,3.0,5.0,0.0,0.0
2022-04-13,3,두산,9,6,3,0,0.667,3.5,2022,4,13.0,6.0,0.0,3.0,3.0,0.0,2.0,3.0,0.0,1.0
2022-04-13,4,키움,10,6,4,0,0.6,4.0,2022,4,13.0,6.0,0.0,4.0,3.0,0.0,4.0,3.0,0.0,0.0
2022-04-13,5,삼성,10,5,5,0,0.5,5.0,2022,4,13.0,5.0,0.0,5.0,2.0,0.0,3.0,3.0,0.0,2.0
2022-04-13,6,롯데,9,4,5,0,0.444,5.5,2022,4,13.0,4.0,0.0,5.0,1.0,0.0,2.0,3.0,0.0,3.0
2022-04-13,6,KIA,9,4,5,0,0.444,5.5,2022,4,13.0,4.0,0.0,5.0,4.0,0.0,2.0,0.0,0.0,3.0
2022-04-13,8,KT,9,2,7,0,0.222,7.5,2022,4,13.0,2.0,0.0,7.0,1.0,0.0,5.0,1.0,0.0,2.0
2022-04-13,9,NC,10,2,8,0,0.2,8.0,2022,4,13.0,2.0,0.0,8.0,1.0,0.0,4.0,1.0,0.0,4.0
2022-04-13,9,한화,10,2,8,0,0.2,8.0,2022,4,13.0,2.0,0.0,8.0,2.0,0.0,1.0,0.0,0.0,7.0
2022-04-14,1,SSG,11,10,1,0,0.909,0.0,2022,4,14.0,9.0,0.0,1.0,3.0,0.0,0.0,7.0,0.0,1.0
2022-04-14,2,LG,11,8,3,0,0.727,2.0,2022,4,14.0,7.0,0.0,3.0,3.0,0.0,3.0,5.0,0.0,0.0
2022-04-14,3,두산,10,7,3,0,0.7,2.5,2022,4,14.0,7.0,0.0,3.0,3.0,0.0,2.0,4.0,0.0,1.0
2022-04-14,4,키움,11,7,4,0,0.636,3.0,2022,4,14.0,7.0,0.0,3.0,4.0,0.0,4.0,3.0,0.0,0.0
2022-04-14,5,삼성,11,6,5,0,0.545,4.0,2022,4,14.0,6.0,0.0,4.0,3.0,0.0,3.0,3.0,0.0,2.0
2022-04-14,6,롯데,10,5,5,0,0.5,4.5,2022,4,14.0,5.0,0.0,5.0,1.0,0.0,2.0,4.0,0.0,3.0
2022-04-14,7,KIA,10,4,6,0,0.4,5.5,2022,4,14.0,4.0,0.0,6.0,4.0,0.0,3.0,0.0,0.0,3.0
2022-04-14,8,KT,10,2,8,0,0.2,7.5,2022,4,14.0,2.0,0.0,8.0,1.0,0.0,6.0,1.0,0.0,2.0
2022-04-14,9,NC,11,2,9,0,0.182,8.0,2022,4,14.0,2.0,0.0,8.0,1.0,0.0,4.0,1.0,0.0,5.0
2022-04-14,9,한화,11,2,9,0,0.182,8.0,2022,4,14.0,2.0,0.0,8.0,2.0,0.0,1.0,0.0,0.0,8.0
2022-04-15,1,SSG,12,11,1,0,0.917,0.0,2022,4,15.0,9.0,0.0,1.0,4.0,0.0,0.0,7.0,0.0,1.0
2022-04-15,2,LG,12,8,4,0,0.667,3.0,2022,4,15.0,6.0,0.0,4.0,3.0,0.0,3.0,5.0,0.0,1.0
2022-04-15,2,키움,12,8,4,0,0.667,3.0,2022,4,15.0,7.0,0.0,3.0,4.0,0.0,4.0,4.0,0.0,0.0
2022-04-15,4,두산,11,7,4,0,0.636,3.5,2022,4,15.0,6.0,0.0,4.0,3.0,0.0,3.0,4.0,0.0,1.0
2022-04-15,5,롯데,11,6,5,0,0.545,4.5,2022,4,15.0,5.0,0.0,5.0,2.0,0.0,2.0,4.0,0.0,3.0
2022-04-15,6,삼성,12,6,6,0,0.5,5.0,2022,4,15.0,5.0,0.0,5.0,3.0,0.0,3.0,3.0,0.0,3.0
2022-04-15,7,KIA,11,4,7,0,0.364,6.5,2022,4,15.0,4.0,0.0,6.0,4.0,0.0,3.0,0.0,0.0,4.0
2022-04-15,8,NC,12,3,9,0,0.25,8.0,2022,4,15.0,3.0,0.0,7.0,2.0,0.0,4.0,1.0,0.0,5.0
2022-04-15,8,한화,12,3,9,0,0.25,8.0,2022,4,15.0,3.0,0.0,7.0,3.0,0.0,1.0,0.0,0.0,8.0
2022-04-15,10,KT,11,2,9,0,0.182,8.5,2022,4,15.0,1.0,0.0,9.0,1.0,0.0,6.0,1.0,0.0,3.0
2022-04-16,1,SSG,13,12,1,0,0.923,0.0,2022,4,16.0,9.0,0.0,1.0,5.0,0.0,0.0,7.0,0.0,1.0
2022-04-16,2,LG,13,9,4,0,0.692,3.0,2022,4,16.0,6.0,0.0,4.0,3.0,0.0,3.0,6.0,0.0,1.0
2022-04-16,3,두산,12,8,4,0,0.667,3.5,2022,4,16.0,6.0,0.0,4.0,4.0,0.0,3.0,4.0,0.0,1.0
2022-04-16,4,키움,13,8,5,0,0.615,4.0,2022,4,16.0,7.0,0.0,3.0,4.0,0.0,4.0,4.0,0.0,1.0
2022-04-16,5,롯데,12,6,6,0,0.5,5.5,2022,4,16.0,5.0,0.0,5.0,2.0,0.0,3.0,4.0,0.0,3.0
2022-04-16,6,삼성,13,6,7,0,0.462,6.0,2022,4,16.0,4.0,0.0,6.0,3.0,0.0,3.0,3.0,0.0,4.0
2022-04-16,7,KIA,12,5,7,0,0.417,6.5,2022,4,16.0,5.0,0.0,5.0,4.0,0.0,3.0,1.0,0.0,4.0
2022-04-16,8,KT,12,3,9,0,0.25,8.5,2022,4,16.0,2.0,0.0,8.0,1.0,0.0,6.0,2.0,0.0,3.0
2022-04-16,9,NC,13,3,10,0,0.231,9.0,2022,4,16.0,3.0,0.0,7.0,2.0,0.0,5.0,1.0,0.0,5.0
2022-04-16,9,한화,13,3,10,0,0.231,9.0,2022,4,16.0,3.0,0.0,7.0,3.0,0.0,2.0,0.0,0.0,8.0
2022-04-17,1,SSG,14,13,1,0,0.929,0.0,2022,4,17.0,9.0,0.0,1.0,6.0,0.0,0.0,7.0,0.0,1.0
2022-04-17,2,LG,14,10,4,0,0.714,3.0,2022,4,17.0,6.0,0.0,4.0,3.0,0.0,3.0,7.0,0.0,1.0
2022-04-17,3,키움,14,9,5,0,0.643,4.0,2022,4,17.0,8.0,0.0,2.0,4.0,0.0,4.0,5.0,0.0,1.0
2022-04-17,4,두산,13,8,5,0,0.615,4.5,2022,4,17.0,6.0,0.0,4.0,4.0,0.0,4.0,4.0,0.0,1.0
2022-04-17,5,롯데,13,7,6,0,0.538,5.5,2022,4,17.0,5.0,0.0,5.0,3.0,0.0,3.0,4.0,0.0,3.0
2022-04-17,6,KIA,13,6,7,0,0.462,6.5,2022,4,17.0,5.0,0.0,5.0,4.0,0.0,3.0,2.0,0.0,4.0
2022-04-17,7,삼성,14,6,8,0,0.429,7.0,2022,4,17.0,3.0,0.0,7.0,3.0,0.0,3.0,3.0,0.0,5.0
2022-04-17,8,KT,13,3,10,0,0.231,9.5,2022,4,17.0,2.0,0.0,8.0,1.0,0.0,6.0,2.0,0.0,4.0
2022-04-17,9,NC,14,3,11,0,0.214,10.0,2022,4,17.0,2.0,0.0,8.0,2.0,0.0,6.0,1.0,0.0,5.0
2022-04-17,9,한화,14,3,11,0,0.214,10.0,2022,4,17.0,3.0,0.0,7.0,3.0,0.0,3.0,0.0,0.0,8.0
2022-04-19,1,SSG,15,13,2,0,0.867,0.0,2022,4,19.0,8.0,0.0,2.0,6.0,0.0,1.0,7.0,0.0,1.0
2022-04-19,2,LG,15,10,5,0,0.667,3.0,2022,4,19.0,5.0,0.0,5.0,3.0,0.0,4.0,7.0,0.0,1.0
2022-04-19,2,키움,15,10,5,0,0.667,3.0,2022,4,19.0,9.0,0.0,1.0,4.0,0.0,4.0,6.0,0.0,1.0
2022-04-19,4,두산,14,8,6,0,0.571,4.5,2022,4,19.0,6.0,0.0,4.0,4.0,0.0,4.0,4.0,0.0,2.0
2022-04-19,5,롯데,14,7,7,0,0.5,5.5,2022,4,19.0,5.0,0.0,5.0,3.0,0.0,4.0,4.0,0.0,3.0
2022-04-19,5,KIA,14,7,7,0,0.5,5.5,2022,4,19.0,5.0,0.0,5.0,5.0,0.0,3.0,2.0,0.0,4.0
2022-04-19,7,삼성,15,6,9,0,0.4,7.0,2022,4,19.0,3.0,0.0,7.0,3.0,0.0,3.0,3.0,0.0,6.0
2022-04-19,8,KT,14,4,10,0,0.286,8.5,2022,4,19.0,3.0,0.0,7.0,1.0,0.0,6.0,3.0,0.0,4.0
2022-04-19,9,NC,15,4,11,0,0.267,9.0,2022,4,19.0,3.0,0.0,7.0,3.0,0.0,6.0,1.0,0.0,5.0
2022-04-19,9,한화,15,4,11,0,0.267,9.0,2022,4,19.0,4.0,0.0,6.0,3.0,0.0,3.0,1.0,0.0,8.0
2022-04-20,1,SSG,16,14,2,0,0.875,0.0,2022,4,20.0,8.0,0.0,2.0,7.0,0.0,1.0,7.0,0.0,1.0
2022-04-20,2,LG,16,10,6,0,0.625,4.0,2022,4,20.0,5.0,0.0,5.0,3.0,0.0,5.0,7.0,0.0,1.0
2022-04-20,2,키움,16,10,6,0,0.625,4.0,2022,4,20.0,8.0,0.0,2.0,4.0,0.0,4.0,6.0,0.0,2.0
2022-04-20,4,두산,15,9,6,0,0.6,4.5,2022,4,20.0,6.0,0.0,4.0,4.0,0.0,4.0,5.0,0.0,2.0
2022-04-20,5,롯데,15,8,7,0,0.533,5.5,2022,4,20.0,5.0,0.0,5.0,4.0,0.0,4.0,4.0,0.0,3.0
2022-04-20,6,KIA,15,7,8,0,0.467,6.5,2022,4,20.0,4.0,0.0,6.0,5.0,0.0,4.0,2.0,0.0,4.0
2022-04-20,7,삼성,16,6,10,0,0.375,8.0,2022,4,20.0,3.0,0.0,7.0,3.0,0.0,3.0,3.0,0.0,7.0
2022-04-20,8,KT,15,5,10,0,0.333,8.5,2022,4,20.0,4.0,0.0,6.0,1.0,0.0,6.0,4.0,0.0,4.0
2022-04-20,9,NC,16,5,11,0,0.313,9.0,2022,4,20.0,3.0,0.0,7.0,4.0,0.0,6.0,1.0,0.0,5.0
2022-04-20,10,한화,16,4,12,0,0.25,10.0,2022,4,20.0,4.0,0.0,6.0,3.0,0.0,3.0,1.0,0.0,9.0
2022-04-21,1,SSG,17,15,2,0,0.882,0.0,2022,4,21.0,8.0,0.0,2.0,8.0,0.0,1.0,7.0,0.0,1.0
2022-04-21,2,두산,16,10,6,0,0.625,4.5,2022,4,21.0,6.0,0.0,4.0,4.0,0.0,4.0,6.0,0.0,2.0
2022-04-21,3,LG,17,10,7,0,0.588,5.0,2022,4,21.0,4.0,0.0,6.0,3.0,0.0,6.0,7.0,0.0,1.0
2022-04-21,3,키움,17,10,7,0,0.588,5.0,2022,4,21.0,7.0,0.0,3.0,4.0,0.0,4.0,6.0,0.0,3.0
2022-04-21,5,롯데,16,8,8,0,0.5,6.5,2022,4,21.0,5.0,0.0,5.0,4.0,0.0,5.0,4.0,0.0,3.0
2022-04-21,6,KIA,16,7,9,0,0.438,7.5,2022,4,21.0,4.0,0.0,6.0,5.0,0.0,5.0,2.0,0.0,4.0
2022-04-21,7,삼성,17,7,10,0,0.412,8.0,2022,4,21.0,4.0,0.0,6.0,3.0,0.0,3.0,4.0,0.0,7.0
2022-04-21,8,KT,16,6,10,0,0.375,8.5,2022,4,21.0,4.0,0.0,6.0,1.0,0.0,6.0,5.0,0.0,4.0
2022-04-21,9,NC,17,5,12,0,0.294,10.0,2022,4,21.0,3.0,0.0,7.0,4.0,0.0,7.0,1.0,0.0,5.0
2022-04-21,9,한화,17,5,12,0,0.294,10.0,2022,4,21.0,4.0,0.0,6.0,3.0,0.0,3.0,2.0,0.0,9.0
2022-04-22,1,SSG,18,15,3,0,0.833,0.0,2022,4,22.0,7.0,0.0,3.0,8.0,0.0,1.0,7.0,0.0,2.0
2022-04-22,2,LG,18,11,7,0,0.611,4.0,2022,4,22.0,4.0,0.0,6.0,3.0,0.0,6.0,8.0,0.0,1.0
2022-04-22,3,두산,17,10,7,0,0.588,4.5,2022,4,22.0,6.0,0.0,4.0,4.0,0.0,5.0,6.0,0.0,2.0
2022-04-22,4,키움,18,10,8,0,0.556,5.0,2022,4,22.0,6.0,0.0,4.0,4.0,0.0,5.0,6.0,0.0,3.0
2022-04-22,5,롯데,17,9,8,0,0.529,5.5,2022,4,22.0,5.0,0.0,5.0,4.0,0.0,5.0,5.0,0.0,3.0
2022-04-22,6,KIA,17,8,9,0,0.471,6.5,2022,4,22.0,5.0,0.0,5.0,5.0,0.0,5.0,3.0,0.0,4.0
2022-04-22,7,KT,17,7,10,0,0.412,7.5,2022,4,22.0,5.0,0.0,5.0,2.0,0.0,6.0,5.0,0.0,4.0
2022-04-22,8,삼성,18,7,11,0,0.389,8.0,2022,4,22.0,4.0,0.0,6.0,3.0,0.0,4.0,4.0,0.0,7.0
2022-04-22,9,한화,18,6,12,0,0.333,9.0,2022,4,22.0,4.0,0.0,6.0,4.0,0.0,3.0,2.0,0.0,9.0
2022-04-22,10,NC,18,5,13,0,0.278,10.0,2022,4,22.0,3.0,0.0,7.0,4.0,0.0,7.0,1.0,0.0,6.0
2022-04-23,1,SSG,19,15,4,0,0.789,0.0,2022,4,23.0,6.0,0.0,4.0,8.0,0.0,1.0,7.0,0.0,3.0
2022-04-23,2,두산,18,11,7,0,0.611,3.5,2022,4,23.0,6.0,0.0,4.0,5.0,0.0,5.0,6.0,0.0,2.0
2022-04-23,3,LG,19,11,8,0,0.579,4.0,2022,4,23.0,4.0,0.0,6.0,3.0,0.0,6.0,8.0,0.0,2.0
2022-04-23,3,키움,19,11,8,0,0.579,4.0,2022,4,23.0,6.0,0.0,4.0,5.0,0.0,5.0,6.0,0.0,3.0
2022-04-23,5,롯데,18,10,8,0,0.556,4.5,2022,4,23.0,6.0,0.0,4.0,4.0,0.0,5.0,6.0,0.0,3.0
2022-04-23,6,KT,18,8,10,0,0.444,6.5,2022,4,23.0,6.0,0.0,4.0,3.0,0.0,6.0,5.0,0.0,4.0
2022-04-23,6,KIA,18,8,10,0,0.444,6.5,2022,4,23.0,5.0,0.0,5.0,5.0,0.0,5.0,3.0,0.0,5.0
2022-04-23,8,삼성,19,7,12,0,0.368,8.0,2022,4,23.0,3.0,0.0,7.0,3.0,0.0,5.0,4.0,0.0,7.0
2022-04-23,8,한화,19,7,12,0,0.368,8.0,2022,4,23.0,5.0,0.0,5.0,5.0,0.0,3.0,2.0,0.0,9.0
2022-04-23,10,NC,19,5,14,0,0.263,10.0,2022,4,23.0,3.0,0.0,7.0,4.0,0.0,7.0,1.0,0.0,7.0
2022-04-24,1,SSG,20,16,4,0,0.8,0.0,2022,4,24.0,6.0,0.0,4.0,8.0,0.0,1.0,8.0,0.0,3.0
2022-04-24,2,LG,20,12,8,0,0.6,4.0,2022,4,24.0,5.0,0.0,5.0,3.0,0.0,6.0,9.0,0.0,2.0
2022-04-24,3,두산,19,11,8,0,0.579,4.5,2022,4,24.0,5.0,0.0,5.0,5.0,0.0,6.0,6.0,0.0,2.0
2022-04-24,3,롯데,19,11,8,0,0.579,4.5,2022,4,24.0,7.0,0.0,3.0,4.0,0.0,5.0,7.0,0.0,3.0
2022-04-24,5,키움,20,11,9,0,0.55,5.0,2022,4,24.0,5.0,0.0,5.0,5.0,0.0,6.0,6.0,0.0,3.0
2022-04-24,6,KIA,19,9,10,0,0.474,6.5,2022,4,24.0,5.0,0.0,5.0,5.0,0.0,5.0,4.0,0.0,5.0
2022-04-24,7,KT,19,8,11,0,0.421,7.5,2022,4,24.0,6.0,0.0,4.0,3.0,0.0,7.0,5.0,0.0,4.0
2022-04-24,8,삼성,20,7,13,0,0.35,9.0,2022,4,24.0,2.0,0.0,8.0,3.0,0.0,6.0,4.0,0.0,7.0
2022-04-24,8,한화,20,7,13,0,0.35,9.0,2022,4,24.0,5.0,0.0,5.0,5.0,0.0,4.0,2.0,0.0,9.0
2022-04-24,10,NC,20,6,14,0,0.3,10.0,2022,4,24.0,4.0,0.0,6.0,4.0,0.0,7.0,2.0,0.0,7.0
2022-04-26,1,SSG,21,17,4,0,0.81,0.0,2022,4,26.0,7.0,0.0,3.0,8.0,0.0,1.0,9.0,0.0,3.0
2022-04-26,2,두산,20,12,8,0,0.6,4.5,2022,4,26.0,5.0,0.0,5.0,6.0,0.0,6.0,6.0,0.0,2.0
2022-04-26,3,LG,21,12,9,0,0.571,5.0,2022,4,26.0,4.0,0.0,6.0,3.0,0.0,6.0,9.0,0.0,3.0
2022-04-26,4,롯데,20,11,9,0,0.55,5.5,2022,4,26.0,6.0,0.0,4.0,4.0,0.0,6.0,7.0,0.0,3.0
2022-04-26,5,키움,21,11,10,0,0.524,6.0,2022,4,26.0,4.0,0.0,6.0,5.0,0.0,6.0,6.0,0.0,4.0
2022-04-26,6,KIA,20,10,10,0,0.5,6.5,2022,4,26.0,6.0,0.0,4.0,5.0,0.0,5.0,5.0,0.0,5.0
2022-04-26,7,KT,20,8,12,0,0.4,8.5,2022,4,26.0,6.0,0.0,4.0,3.0,0.0,8.0,5.0,0.0,4.0
2022-04-26,8,삼성,21,8,13,0,0.381,9.0,2022,4,26.0,2.0,0.0,8.0,4.0,0.0,6.0,4.0,0.0,7.0
2022-04-26,8,한화,21,8,13,0,0.381,9.0,2022,4,26.0,6.0,0.0,4.0,6.0,0.0,4.0,2.0,0.0,9.0
2022-04-26,10,NC,21,6,15,0,0.286,11.0,2022,4,26.0,4.0,0.0,6.0,4.0,0.0,7.0,2.0,0.0,8.0
2022-04-27,1,SSG,22,17,4,1,0.81,0.0,2022,4,27.0,6.0,1.0,3.0,8.0,0.0,1.0,9.0,1.0,3.0
2022-04-27,2,두산,21,13,8,0,0.619,4.0,2022,4,27.0,6.0,0.0,4.0,7.0,0.0,6.0,6.0,0.0,2.0
2022-04-27,3,LG,22,13,9,0,0.591,4.5,2022,4,27.0,5.0,0.0,5.0,3.0,0.0,6.0,10.0,0.0,3.0
2022-04-27,4,롯데,21,11,9,1,0.55,5.5,2022,4,27.0,5.0,1.0,4.0,4.0,1.0,6.0,7.0,0.0,3.0
2022-04-27,5,키움,22,12,10,0,0.545,5.5,2022,4,27.0,4.0,0.0,6.0,5.0,0.0,6.0,7.0,0.0,4.0
2022-04-27,6,KIA,21,10,11,0,0.476,7.0,2022,4,27.0,6.0,0.0,4.0,5.0,0.0,5.0,5.0,0.0,6.0
2022-04-27,7,KT,21,9,12,0,0.429,8.0,2022,4,27.0,7.0,0.0,3.0,4.0,0.0,8.0,5.0,0.0,4.0
2022-04-27,8,삼성,22,8,14,0,0.364,9.5,2022,4,27.0,2.0,0.0,8.0,4.0,0.0,7.0,4.0,0.0,7.0
2022-04-27,8,한화,22,8,14,0,0.364,9.5,2022,4,27.0,5.0,0.0,5.0,6.0,0.0,5.0,2.0,0.0,9.0
2022-04-27,10,NC,22,6,16,0,0.273,11.5,2022,4,27.0,3.0,0.0,7.0,4.0,0.0,7.0,2.0,0.0,9.0
2022-04-28,1,SSG,23,17,5,1,0.773,0.0,2022,4,28.0,5.0,1.0,4.0,8.0,0.0,1.0,9.0,1.0,4.0
2022-04-28,2,LG,23,14,9,0,0.609,3.5,2022,4,28.0,5.0,0.0,5.0,3.0,0.0,6.0,11.0,0.0,3.0
2022-04-28,3,두산,22,13,9,0,0.591,4.0,2022,4,28.0,5.0,0.0,5.0,7.0,0.0,7.0,6.0,0.0,2.0
2022-04-28,4,롯데,22,12,9,1,0.571,4.5,2022,4,28.0,6.0,1.0,3.0,5.0,1.0,6.0,7.0,0.0,3.0
2022-04-28,5,키움,23,13,10,0,0.565,4.5,2022,4,28.0,5.0,0.0,5.0,5.0,0.0,6.0,8.0,0.0,4.0
2022-04-28,6,KT,22,10,12,0,0.455,7.0,2022,4,28.0,7.0,0.0,3.0,5.0,0.0,8.0,5.0,0.0,4.0
2022-04-28,6,KIA,22,10,12,0,0.455,7.0,2022,4,28.0,5.0,0.0,5.0,5.0,0.0,5.0,5.0,0.0,7.0
2022-04-28,8,삼성,23,8,15,0,0.348,9.5,2022,4,28.0,2.0,0.0,8.0,4.0,0.0,8.0,4.0,0.0,7.0
2022-04-28,8,한화,23,8,15,0,0.348,9.5,2022,4,28.0,5.0,0.0,5.0,6.0,0.0,6.0,2.0,0.0,9.0
2022-04-28,10,NC,23,7,16,0,0.304,10.5,2022,4,28.0,4.0,0.0,6.0,4.0,0.0,7.0,3.0,0.0,9.0
2022-04-29,1,SSG,24,18,5,1,0.783,0.0,2022,4,29.0,5.0,1.0,4.0,9.0,0.0,1.0,9.0,1.0,4.0
2022-04-29,2,롯데,23,13,9,1,0.591,4.5,2022,4,29.0,6.0,1.0,3.0,5.0,1.0,6.0,8.0,0.0,3.0
2022-04-29,3,LG,24,14,10,0,0.583,4.5,2022,4,29.0,4.0,0.0,6.0,3.0,0.0,7.0,11.0,0.0,3.0
2022-04-29,4,두산,23,13,10,0,0.565,5.0,2022,4,29.0,5.0,0.0,5.0,7.0,0.0,7.0,6.0,0.0,3.0
2022-04-29,5,키움,24,13,11,0,0.542,5.5,2022,4,29.0,4.0,0.0,6.0,5.0,0.0,7.0,8.0,0.0,4.0
2022-04-29,6,KT,23,11,12,0,0.478,7.0,2022,4,29.0,8.0,0.0,2.0,5.0,0.0,8.0,6.0,0.0,4.0
2022-04-29,7,KIA,23,10,13,0,0.435,8.0,2022,4,29.0,4.0,0.0,6.0,5.0,0.0,6.0,5.0,0.0,7.0
2022-04-29,8,삼성,24,9,15,0,0.375,9.5,2022,4,29.0,3.0,0.0,7.0,4.0,0.0,8.0,5.0,0.0,7.0
2022-04-29,9,NC,24,8,16,0,0.333,10.5,2022,4,29.0,5.0,0.0,5.0,5.0,0.0,7.0,3.0,0.0,9.0
2022-04-29,9,한화,24,8,16,0,0.333,10.5,2022,4,29.0,5.0,0.0,5.0,6.0,0.0,6.0,2.0,0.0,10.0
2022-04-30,1,SSG,25,19,5,1,0.792,0.0,2022,4,30.0,6.0,1.0,3.0,10.0,0.0,1.0,9.0,1.0,4.0
2022-04-30,2,롯데,24,14,9,1,0.609,4.5,2022,4,30.0,7.0,1.0,2.0,5.0,1.0,6.0,9.0,0.0,3.0
2022-04-30,3,LG,25,14,11,0,0.56,5.5,2022,4,30.0,4.0,0.0,6.0,3.0,0.0,8.0,11.0,0.0,3.0
2022-04-30,3,키움,25,14,11,0,0.56,5.5,2022,4,30.0,4.0,0.0,6.0,6.0,0.0,7.0,8.0,0.0,4.0
2022-04-30,5,두산,24,13,11,0,0.542,6.0,2022,4,30.0,5.0,0.0,5.0,7.0,0.0,7.0,6.0,0.0,4.0
2022-04-30,6,KT,24,11,13,0,0.458,8.0,2022,4,30.0,7.0,0.0,3.0,5.0,0.0,8.0,6.0,0.0,5.0
2022-04-30,7,KIA,24,10,14,0,0.417,9.0,2022,4,30.0,3.0,0.0,7.0,5.0,0.0,7.0,5.0,0.0,7.0
2022-04-30,8,삼성,25,10,15,0,0.4,9.5,2022,4,30.0,4.0,0.0,6.0,4.0,0.0,8.0,6.0,0.0,7.0
2022-04-30,9,한화,25,9,16,0,0.36,10.5,2022,4,30.0,5.0,0.0,5.0,6.0,0.0,6.0,3.0,0.0,10.0
2022-04-30,10,NC,25,8,17,0,0.32,11.5,2022,4,30.0,4.0,0.0,6.0,5.0,0.0,8.0,3.0,0.0,9.0
2022-05-01,1,SSG,26,19,6,1,0.76,0.0,2022,5,1.0,5.0,1.0,4.0,10.0,0.0,2.0,9.0,1.0,4.0
2022-05-01,2,롯데,25,15,9,1,0.625,3.5,2022,5,1.0,7.0,1.0,2.0,5.0,1.0,6.0,10.0,0.0,3.0
2022-05-01,3,키움,26,15,11,0,0.577,4.5,2022,5,1.0,5.0,0.0,5.0,7.0,0.0,7.0,8.0,0.0,4.0
2022-05-01,4,두산,25,14,11,0,0.56,5.0,2022,5,1.0,5.0,0.0,5.0,7.0,0.0,7.0,7.0,0.0,4.0
2022-05-01,5,LG,26,14,12,0,0.538,5.5,2022,5,1.0,4.0,0.0,6.0,3.0,0.0,9.0,11.0,0.0,3.0
2022-05-01,6,KT,25,11,14,0,0.44,8.0,2022,5,1.0,6.0,0.0,4.0,5.0,0.0,8.0,6.0,0.0,6.0
2022-05-01,7,삼성,26,11,15,0,0.423,8.5,2022,5,1.0,5.0,0.0,5.0,4.0,0.0,8.0,7.0,0.0,7.0
2022-05-01,8,KIA,25,10,15,0,0.4,9.0,2022,5,1.0,3.0,0.0,7.0,5.0,0.0,8.0,5.0,0.0,7.0
2022-05-01,9,한화,26,10,16,0,0.385,9.5,2022,5,1.0,6.0,0.0,4.0,6.0,0.0,6.0,4.0,0.0,10.0
2022-05-01,10,NC,26,8,18,0,0.308,11.5,2022,5,1.0,3.0,0.0,7.0,5.0,0.0,9.0,3.0,0.0,9.0
2022-05-03,1,SSG,27,20,6,1,0.769,0.0,2022,5,3.0,5.0,1.0,4.0,11.0,0.0,2.0,9.0,1.0,4.0
2022-05-03,2,롯데,26,15,10,1,0.6,4.5,2022,5,3.0,7.0,1.0,2.0,5.0,1.0,6.0,10.0,0.0,4.0
2022-05-03,3,키움,27,16,11,0,0.593,4.5,2022,5,3.0,6.0,0.0,4.0,7.0,0.0,7.0,9.0,0.0,4.0
2022-05-03,4,LG,27,15,12,0,0.556,5.5,2022,5,3.0,5.0,0.0,5.0,4.0,0.0,9.0,11.0,0.0,3.0
2022-05-03,5,두산,26,14,12,0,0.538,6.0,2022,5,3.0,4.0,0.0,6.0,7.0,0.0,7.0,7.0,0.0,5.0
2022-05-03,6,KT,26,12,14,0,0.462,8.0,2022,5,3.0,6.0,0.0,4.0,6.0,0.0,8.0,6.0,0.0,6.0
2022-05-03,7,삼성,27,11,16,0,0.407,9.5,2022,5,3.0,4.0,0.0,6.0,4.0,0.0,9.0,7.0,0.0,7.0
2022-05-03,8,KIA,26,10,16,0,0.385,10.0,2022,5,3.0,3.0,0.0,7.0,5.0,0.0,9.0,5.0,0.0,7.0
2022-05-03,9,한화,27,10,17,0,0.37,10.5,2022,5,3.0,5.0,0.0,5.0,6.0,0.0,6.0,4.0,0.0,11.0
2022-05-03,10,NC,27,9,18,0,0.333,11.5,2022,5,3.0,4.0,0.0,6.0,5.0,0.0,9.0,4.0,0.0,9.0
2022-05-04,1,SSG,28,20,7,1,0.741,0.0,2022,5,4.0,5.0,1.0,4.0,11.0,0.0,3.0,9.0,1.0,4.0
2022-05-04,2,롯데,27,16,10,1,0.615,3.5,2022,5,4.0,7.0,1.0,2.0,5.0,1.0,6.0,11.0,0.0,4.0
2022-05-04,3,키움,28,16,12,0,0.571,4.5,2022,5,4.0,6.0,0.0,4.0,7.0,0.0,7.0,9.0,0.0,5.0
2022-05-04,4,두산,27,15,12,0,0.556,5.0,2022,5,4.0,5.0,0.0,5.0,7.0,0.0,7.0,8.0,0.0,5.0
2022-05-04,5,LG,28,15,13,0,0.536,5.5,2022,5,4.0,4.0,0.0,6.0,4.0,0.0,10.0,11.0,0.0,3.0
2022-05-04,6,KT,27,12,15,0,0.444,8.0,2022,5,4.0,5.0,0.0,5.0,6.0,0.0,9.0,6.0,0.0,6.0
2022-05-04,7,삼성,28,12,16,0,0.429,8.5,2022,5,4.0,5.0,0.0,5.0,5.0,0.0,9.0,7.0,0.0,7.0
2022-05-04,8,KIA,27,11,16,0,0.407,9.0,2022,5,4.0,3.0,0.0,7.0,6.0,0.0,9.0,5.0,0.0,7.0
2022-05-04,9,한화,28,11,17,0,0.393,9.5,2022,5,4.0,5.0,0.0,5.0,6.0,0.0,6.0,5.0,0.0,11.0
2022-05-04,10,NC,28,9,19,0,0.321,11.5,2022,5,4.0,4.0,0.0,6.0,5.0,0.0,9.0,4.0,0.0,10.0
2022-05-05,1,SSG,29,21,7,1,0.75,0.0,2022,5,5.0,6.0,1.0,3.0,12.0,0.0,3.0,9.0,1.0,4.0
2022-05-05,2,롯데,28,16,11,1,0.593,4.5,2022,5,5.0,6.0,1.0,3.0,5.0,1.0,6.0,11.0,0.0,5.0
2022-05-05,3,두산,28,16,12,0,0.571,5.0,2022,5,5.0,5.0,0.0,5.0,7.0,0.0,7.0,9.0,0.0,5.0
2022-05-05,4,키움,29,16,13,0,0.552,5.5,2022,5,5.0,5.0,0.0,5.0,7.0,0.0,7.0,9.0,0.0,6.0
2022-05-05,5,LG,29,15,14,0,0.517,6.5,2022,5,5.0,4.0,0.0,6.0,4.0,0.0,11.0,11.0,0.0,3.0
2022-05-05,6,KT,28,13,15,0,0.464,8.0,2022,5,5.0,5.0,0.0,5.0,7.0,0.0,9.0,6.0,0.0,6.0
2022-05-05,7,삼성,29,13,16,0,0.448,8.5,2022,5,5.0,6.0,0.0,4.0,6.0,0.0,9.0,7.0,0.0,7.0
2022-05-05,8,KIA,28,12,16,0,0.429,9.0,2022,5,5.0,4.0,0.0,6.0,7.0,0.0,9.0,5.0,0.0,7.0
2022-05-05,9,한화,29,11,18,0,0.379,10.5,2022,5,5.0,4.0,0.0,6.0,6.0,0.0,6.0,5.0,0.0,12.0
2022-05-05,10,NC,29,9,20,0,0.31,12.5,2022,5,5.0,4.0,0.0,6.0,5.0,0.0,9.0,4.0,0.0,11.0
2022-05-06,1,SSG,30,21,8,1,0.724,0.0,2022,5,6.0,5.0,1.0,4.0,12.0,0.0,3.0,9.0,1.0,5.0
2022-05-06,2,롯데,29,16,12,1,0.571,4.5,2022,5,6.0,5.0,1.0,4.0,5.0,1.0,7.0,11.0,0.0,5.0
2022-05-06,3,키움,30,17,13,0,0.567,4.5,2022,5,6.0,6.0,0.0,4.0,8.0,0.0,7.0,9.0,0.0,6.0
2022-05-06,4,두산,29,16,13,0,0.552,5.0,2022,5,6.0,5.0,0.0,5.0,7.0,0.0,8.0,9.0,0.0,5.0
2022-05-06,5,LG,30,16,14,0,0.533,5.5,2022,5,6.0,4.0,0.0,6.0,4.0,0.0,11.0,12.0,0.0,3.0
2022-05-06,6,KT,29,14,15,0,0.483,7.0,2022,5,6.0,6.0,0.0,4.0,7.0,0.0,9.0,7.0,0.0,6.0
2022-05-06,7,삼성,30,14,16,0,0.467,7.5,2022,5,6.0,7.0,0.0,3.0,6.0,0.0,9.0,8.0,0.0,7.0
2022-05-06,8,KIA,29,13,16,0,0.448,8.0,2022,5,6.0,4.0,0.0,6.0,7.0,0.0,9.0,6.0,0.0,7.0
2022-05-06,9,한화,30,11,19,0,0.367,10.5,2022,5,6.0,4.0,0.0,6.0,6.0,0.0,7.0,5.0,0.0,12.0
2022-05-06,10,NC,30,9,21,0,0.3,12.5,2022,5,6.0,3.0,0.0,7.0,5.0,0.0,10.0,4.0,0.0,11.0
2022-05-07,1,SSG,31,22,8,1,0.733,0.0,2022,5,7.0,5.0,1.0,4.0,12.0,0.0,3.0,10.0,1.0,5.0
2022-05-07,2,두산,30,17,13,0,0.567,5.0,2022,5,7.0,5.0,0.0,5.0,8.0,0.0,8.0,9.0,0.0,5.0
2022-05-07,3,롯데,30,16,13,1,0.552,5.5,2022,5,7.0,5.0,1.0,4.0,5.0,1.0,8.0,11.0,0.0,5.0
2022-05-07,4,LG,31,17,14,0,0.548,5.5,2022,5,7.0,5.0,0.0,5.0,4.0,0.0,11.0,13.0,0.0,3.0
2022-05-07,4,키움,31,17,14,0,0.548,5.5,2022,5,7.0,6.0,0.0,4.0,8.0,0.0,8.0,9.0,0.0,6.0
2022-05-07,6,삼성,31,15,16,0,0.484,7.5,2022,5,7.0,7.0,0.0,3.0,6.0,0.0,9.0,9.0,0.0,7.0
2022-05-07,7,KT,30,14,16,0,0.467,8.0,2022,5,7.0,6.0,0.0,4.0,7.0,0.0,9.0,7.0,0.0,7.0
2022-05-07,7,KIA,30,14,16,0,0.467,8.0,2022,5,7.0,4.0,0.0,6.0,7.0,0.0,9.0,7.0,0.0,7.0
2022-05-07,9,한화,31,11,20,0,0.355,11.5,2022,5,7.0,3.0,0.0,7.0,6.0,0.0,8.0,5.0,0.0,12.0
2022-05-07,10,NC,31,9,22,0,0.29,13.5,2022,5,7.0,3.0,0.0,7.0,5.0,0.0,11.0,4.0,0.0,11.0
2022-05-08,1,SSG,32,23,8,1,0.742,0.0,2022,5,8.0,6.0,0.0,4.0,12.0,0.0,3.0,11.0,1.0,5.0
2022-05-08,2,LG,32,18,14,0,0.563,5.5,2022,5,8.0,5.0,0.0,5.0,4.0,0.0,11.0,14.0,0.0,3.0
2022-05-08,3,두산,31,17,14,0,0.548,6.0,2022,5,8.0,4.0,0.0,6.0,8.0,0.0,9.0,9.0,0.0,5.0
2022-05-08,4,롯데,31,16,14,1,0.533,6.5,2022,5,8.0,5.0,0.0,5.0,5.0,1.0,9.0,11.0,0.0,5.0
2022-05-08,5,키움,32,17,15,0,0.531,6.5,2022,5,8.0,5.0,0.0,5.0,8.0,0.0,9.0,9.0,0.0,6.0
2022-05-08,6,삼성,32,16,16,0,0.5,7.5,2022,5,8.0,8.0,0.0,2.0,6.0,0.0,9.0,10.0,0.0,7.0
2022-05-08,7,KT,31,15,16,0,0.484,8.0,2022,5,8.0,6.0,0.0,4.0,7.0,0.0,9.0,8.0,0.0,7.0
2022-05-08,7,KIA,31,15,16,0,0.484,8.0,2022,5,8.0,5.0,0.0,5.0,7.0,0.0,9.0,8.0,0.0,7.0
2022-05-08,9,한화,32,11,21,0,0.344,12.5,2022,5,8.0,3.0,0.0,7.0,6.0,0.0,9.0,5.0,0.0,12.0
2022-05-08,10,NC,32,9,23,0,0.281,14.5,2022,5,8.0,3.0,0.0,7.0,5.0,0.0,12.0,4.0,0.0,11.0
2022-05-10,1,SSG,33,24,8,1,0.75,0.0,2022,5,10.0,7.0,0.0,3.0,12.0,0.0,3.0,12.0,1.0,5.0
2022-05-10,2,LG,33,19,14,0,0.576,5.5,2022,5,10.0,5.0,0.0,5.0,5.0,0.0,11.0,14.0,0.0,3.0
2022-05-10,3,두산,32,18,14,0,0.563,6.0,2022,5,10.0,5.0,0.0,5.0,8.0,0.0,9.0,10.0,0.0,5.0
2022-05-10,4,롯데,32,17,14,1,0.548,6.5,2022,5,10.0,5.0,0.0,5.0,6.0,1.0,9.0,11.0,0.0,5.0
2022-05-10,5,키움,33,17,16,0,0.515,7.5,2022,5,10.0,4.0,0.0,6.0,8.0,0.0,10.0,9.0,0.0,6.0
2022-05-10,6,KIA,32,16,16,0,0.5,8.0,2022,5,10.0,6.0,0.0,4.0,8.0,0.0,9.0,8.0,0.0,7.0
2022-05-10,7,삼성,33,16,17,0,0.485,8.5,2022,5,10.0,8.0,0.0,2.0,6.0,0.0,10.0,10.0,0.0,7.0
2022-05-10,8,KT,32,15,17,0,0.469,9.0,2022,5,10.0,5.0,0.0,5.0,7.0,0.0,9.0,8.0,0.0,8.0
2022-05-10,9,한화,33,11,22,0,0.333,13.5,2022,5,10.0,3.0,0.0,7.0,6.0,0.0,9.0,5.0,0.0,13.0
2022-05-10,10,NC,33,9,24,0,0.273,15.5,2022,5,10.0,2.0,0.0,8.0,5.0,0.0,12.0,4.0,0.0,12.0
2022-05-11,1,SSG,34,24,9,1,0.727,0.0,2022,5,11.0,6.0,0.0,4.0,12.0,0.0,3.0,12.0,1.0,6.0
2022-05-11,2,LG,34,20,14,0,0.588,4.5,2022,5,11.0,6.0,0.0,4.0,6.0,0.0,11.0,14.0,0.0,3.0
2022-05-11,3,두산,33,19,14,0,0.576,5.0,2022,5,11.0,6.0,0.0,4.0,8.0,0.0,9.0,11.0,0.0,5.0
2022-05-11,4,롯데,33,18,14,1,0.563,5.5,2022,5,11.0,5.0,0.0,5.0,7.0,1.0,9.0,11.0,0.0,5.0
2022-05-11,5,삼성,34,17,17,0,0.5,7.5,2022,5,11.0,8.0,0.0,2.0,7.0,0.0,10.0,10.0,0.0,7.0
2022-05-11,5,키움,34,17,17,0,0.5,7.5,2022,5,11.0,4.0,0.0,6.0,8.0,0.0,11.0,9.0,0.0,6.0
2022-05-11,7,KT,33,16,17,0,0.485,8.0,2022,5,11.0,5.0,0.0,5.0,7.0,0.0,9.0,9.0,0.0,8.0
2022-05-11,7,KIA,33,16,17,0,0.485,8.0,2022,5,11.0,6.0,0.0,4.0,8.0,0.0,10.0,8.0,0.0,7.0
2022-05-11,9,한화,34,11,23,0,0.324,13.5,2022,5,11.0,3.0,0.0,7.0,6.0,0.0,9.0,5.0,0.0,14.0
2022-05-11,10,NC,34,9,25,0,0.265,15.5,2022,5,11.0,1.0,0.0,9.0,5.0,0.0,12.0,4.0,0.0,13.0
2022-05-12,1,SSG,35,24,10,1,0.706,0.0,2022,5,12.0,5.0,0.0,5.0,12.0,0.0,3.0,12.0,1.0,7.0
2022-05-12,2,LG,35,21,14,0,0.6,3.5,2022,5,12.0,7.0,0.0,3.0,7.0,0.0,11.0,14.0,0.0,3.0
2022-05-12,3,두산,34,20,14,0,0.588,4.0,2022,5,12.0,7.0,0.0,3.0,8.0,0.0,9.0,12.0,0.0,5.0
2022-05-12,4,롯데,34,18,15,1,0.545,5.5,2022,5,12.0,4.0,0.0,6.0,7.0,1.0,10.0,11.0,0.0,5.0
2022-05-12,5,삼성,35,18,17,0,0.514,6.5,2022,5,12.0,8.0,0.0,2.0,8.0,0.0,10.0,10.0,0.0,7.0
2022-05-12,6,KIA,34,17,17,0,0.5,7.0,2022,5,12.0,7.0,0.0,3.0,9.0,0.0,10.0,8.0,0.0,7.0
2022-05-12,7,키움,35,17,18,0,0.486,7.5,2022,5,12.0,3.0,0.0,7.0,8.0,0.0,12.0,9.0,0.0,6.0
2022-05-12,8,KT,34,16,18,0,0.471,8.0,2022,5,12.0,5.0,0.0,5.0,7.0,0.0,9.0,9.0,0.0,9.0
2022-05-12,9,한화,35,11,24,0,0.314,13.5,2022,5,12.0,2.0,0.0,8.0,6.0,0.0,9.0,5.0,0.0,15.0
2022-05-12,10,NC,35,10,25,0,0.286,14.5,2022,5,12.0,2.0,0.0,8.0,5.0,0.0,12.0,5.0,0.0,13.0
2022-05-13,1,SSG,36,24,11,1,0.686,0.0,2022,5,13.0,5.0,0.0,5.0,12.0,0.0,4.0,12.0,1.0,7.0
2022-05-13,2,두산,34,20,14,0,0.588,3.5,2022,5,13.0,7.0,0.0,3.0,8.0,0.0,9.0,12.0,0.0,5.0
2022-05-13,3,LG,36,21,15,0,0.583,3.5,2022,5,13.0,7.0,0.0,3.0,7.0,0.0,12.0,14.0,0.0,3.0
2022-05-13,4,롯데,35,19,15,1,0.559,4.5,2022,5,13.0,4.0,0.0,6.0,7.0,1.0,10.0,12.0,0.0,5.0
2022-05-13,5,삼성,35,18,17,0,0.514,6.0,2022,5,13.0,8.0,0.0,2.0,8.0,0.0,10.0,10.0,0.0,7.0
2022-05-13,5,KIA,35,18,17,0,0.514,6.0,2022,5,13.0,8.0,0.0,2.0,9.0,0.0,10.0,9.0,0.0,7.0
2022-05-13,7,키움,36,18,18,0,0.5,6.5,2022,5,13.0,3.0,0.0,7.0,8.0,0.0,12.0,10.0,0.0,6.0
2022-05-13,8,KT,35,16,19,0,0.457,8.0,2022,5,13.0,5.0,0.0,5.0,7.0,0.0,10.0,9.0,0.0,9.0
2022-05-13,9,NC,36,11,25,0,0.306,13.5,2022,5,13.0,3.0,0.0,7.0,5.0,0.0,12.0,6.0,0.0,13.0
2022-05-13,9,한화,36,11,25,0,0.306,13.5,2022,5,13.0,1.0,0.0,9.0,6.0,0.0,10.0,5.0,0.0,15.0
2022-05-14,1,SSG,37,25,11,1,0.694,0.0,2022,5,14.0,5.0,0.0,5.0,13.0,0.0,4.0,12.0,1.0,7.0
2022-05-14,2,LG,37,22,15,0,0.595,3.5,2022,5,14.0,7.0,0.0,3.0,8.0,0.0,12.0,14.0,0.0,3.0
2022-05-14,3,두산,35,20,15,0,0.571,4.5,2022,5,14.0,6.0,0.0,4.0,8.0,0.0,9.0,12.0,0.0,6.0
2022-05-14,3,롯데,36,20,15,1,0.571,4.5,2022,5,14.0,5.0,0.0,5.0,7.0,1.0,10.0,13.0,0.0,5.0
2022-05-14,5,삼성,36,19,17,0,0.528,6.0,2022,5,14.0,8.0,0.0,2.0,9.0,0.0,10.0,10.0,0.0,7.0
2022-05-14,6,키움,37,19,18,0,0.514,6.5,2022,5,14.0,3.0,0.0,7.0,8.0,0.0,12.0,11.0,0.0,6.0
2022-05-14,7,KIA,36,18,18,0,0.5,7.0,2022,5,14.0,8.0,0.0,2.0,9.0,0.0,10.0,9.0,0.0,8.0
2022-05-14,8,KT,36,16,20,0,0.444,9.0,2022,5,14.0,4.0,0.0,6.0,7.0,0.0,11.0,9.0,0.0,9.0
2022-05-14,9,NC,37,11,26,0,0.297,14.5,2022,5,14.0,2.0,0.0,8.0,5.0,0.0,12.0,6.0,0.0,14.0
2022-05-14,9,한화,37,11,26,0,0.297,14.5,2022,5,14.0,1.0,0.0,9.0,6.0,0.0,11.0,5.0,0.0,15.0
2022-05-15,1,SSG,38,25,12,1,0.676,0.0,2022,5,15.0,5.0,0.0,5.0,13.0,0.0,5.0,12.0,1.0,7.0
2022-05-15,2,LG,38,23,15,0,0.605,2.5,2022,5,15.0,8.0,0.0,2.0,9.0,0.0,12.0,14.0,0.0,3.0
2022-05-15,3,두산,36,20,16,0,0.556,4.5,2022,5,15.0,6.0,0.0,4.0,8.0,0.0,9.0,12.0,0.0,7.0
2022-05-15,3,롯데,37,20,16,1,0.556,4.5,2022,5,15.0,4.0,0.0,6.0,7.0,1.0,10.0,13.0,0.0,6.0
2022-05-15,5,삼성,37,20,17,0,0.541,5.0,2022,5,15.0,9.0,0.0,1.0,10.0,0.0,10.0,10.0,0.0,7.0
2022-05-15,6,키움,38,20,18,0,0.526,5.5,2022,5,15.0,4.0,0.0,6.0,8.0,0.0,12.0,12.0,0.0,6.0
2022-05-15,7,KIA,37,18,19,0,0.486,7.0,2022,5,15.0,7.0,0.0,3.0,9.0,0.0,10.0,9.0,0.0,9.0
2022-05-15,8,KT,37,16,21,0,0.432,9.0,2022,5,15.0,4.0,0.0,6.0,7.0,0.0,12.0,9.0,0.0,9.0
2022-05-15,9,NC,38,12,26,0,0.316,13.5,2022,5,15.0,3.0,0.0,7.0,5.0,0.0,12.0,7.0,0.0,14.0
2022-05-15,9,한화,38,12,26,0,0.316,13.5,2022,5,15.0,1.0,0.0,9.0,7.0,0.0,11.0,5.0,0.0,15.0
2022-05-17,1,SSG,39,25,12,2,0.676,0.0,2022,5,17.0,4.0,1.0,5.0,13.0,0.0,5.0,12.0,2.0,7.0
2022-05-17,2,LG,39,23,16,0,0.59,3.0,2022,5,17.0,8.0,0.0,2.0,9.0,0.0,12.0,14.0,0.0,4.0
2022-05-17,3,두산,37,20,16,1,0.556,4.5,2022,5,17.0,5.0,1.0,4.0,8.0,1.0,9.0,12.0,0.0,7.0
2022-05-17,4,롯데,38,20,17,1,0.541,5.0,2022,5,17.0,4.0,0.0,6.0,7.0,1.0,11.0,13.0,0.0,6.0
2022-05-17,5,키움,39,21,18,0,0.538,5.0,2022,5,17.0,5.0,0.0,5.0,8.0,0.0,12.0,13.0,0.0,6.0
2022-05-17,6,삼성,38,20,18,0,0.526,5.5,2022,5,17.0,8.0,0.0,2.0,10.0,0.0,10.0,10.0,0.0,8.0
2022-05-17,7,KIA,38,19,19,0,0.5,6.5,2022,5,17.0,7.0,0.0,3.0,9.0,0.0,10.0,10.0,0.0,9.0
2022-05-17,8,KT,38,17,21,0,0.447,8.5,2022,5,17.0,4.0,0.0,6.0,8.0,0.0,12.0,9.0,0.0,9.0
2022-05-17,9,한화,39,13,26,0,0.333,13.0,2022,5,17.0,2.0,0.0,8.0,8.0,0.0,11.0,5.0,0.0,15.0
2022-05-17,10,NC,39,12,27,0,0.308,14.0,2022,5,17.0,3.0,0.0,7.0,5.0,0.0,13.0,7.0,0.0,14.0
2022-05-18,1,SSG,40,26,12,2,0.684,0.0,2022,5,18.0,5.0,1.0,4.0,13.0,0.0,5.0,13.0,2.0,7.0
2022-05-18,2,LG,40,24,16,0,0.6,3.0,2022,5,18.0,8.0,0.0,2.0,9.0,0.0,12.0,15.0,0.0,4.0
2022-05-18,3,두산,38,20,17,1,0.541,5.5,2022,5,18.0,4.0,1.0,5.0,8.0,1.0,10.0,12.0,0.0,7.0
2022-05-18,4,삼성,39,21,18,0,0.538,5.5,2022,5,18.0,8.0,0.0,2.0,10.0,0.0,10.0,11.0,0.0,8.0
2022-05-18,5,롯데,39,20,18,1,0.526,6.0,2022,5,18.0,4.0,0.0,6.0,7.0,1.0,12.0,13.0,0.0,6.0
2022-05-18,6,키움,40,21,19,0,0.525,6.0,2022,5,18.0,4.0,0.0,6.0,8.0,0.0,12.0,13.0,0.0,7.0
2022-05-18,7,KIA,39,20,19,0,0.513,6.5,2022,5,18.0,7.0,0.0,3.0,9.0,0.0,10.0,11.0,0.0,9.0
2022-05-18,8,KT,39,17,22,0,0.436,9.5,2022,5,18.0,3.0,0.0,7.0,8.0,0.0,13.0,9.0,0.0,9.0
2022-05-18,9,NC,40,13,27,0,0.325,14.0,2022,5,18.0,4.0,0.0,6.0,6.0,0.0,13.0,7.0,0.0,14.0
2022-05-18,9,한화,40,13,27,0,0.325,14.0,2022,5,18.0,2.0,0.0,8.0,8.0,0.0,12.0,5.0,0.0,15.0
2022-05-19,1,SSG,41,27,12,2,0.692,0.0,2022,5,19.0,5.0,1.0,4.0,13.0,0.0,5.0,14.0,2.0,7.0
2022-05-19,2,LG,41,25,16,0,0.61,3.0,2022,5,19.0,8.0,0.0,2.0,9.0,0.0,12.0,16.0,0.0,4.0
2022-05-19,3,삼성,40,22,18,0,0.55,5.5,2022,5,19.0,8.0,0.0,2.0,10.0,0.0,10.0,12.0,0.0,8.0
2022-05-19,4,키움,41,22,19,0,0.537,6.0,2022,5,19.0,5.0,0.0,5.0,8.0,0.0,12.0,14.0,0.0,7.0
2022-05-19,5,두산,39,20,18,1,0.526,6.5,2022,5,19.0,4.0,1.0,5.0,8.0,1.0,11.0,12.0,0.0,7.0
2022-05-19,6,KIA,40,21,19,0,0.525,6.5,2022,5,19.0,7.0,0.0,3.0,9.0,0.0,10.0,12.0,0.0,9.0
2022-05-19,7,롯데,40,20,19,1,0.513,7.0,2022,5,19.0,4.0,0.0,6.0,7.0,1.0,13.0,13.0,0.0,6.0
2022-05-19,8,KT,40,17,23,0,0.425,10.5,2022,5,19.0,3.0,0.0,7.0,8.0,0.0,14.0,9.0,0.0,9.0
2022-05-19,9,NC,41,13,28,0,0.317,15.0,2022,5,19.0,4.0,0.0,6.0,6.0,0.0,14.0,7.0,0.0,14.0
2022-05-19,9,한화,41,13,28,0,0.317,15.0,2022,5,19.0,2.0,0.0,8.0,8.0,0.0,13.0,5.0,0.0,15.0
2022-05-20,1,SSG,42,28,12,2,0.7,0.0,2022,5,20.0,5.0,1.0,4.0,14.0,0.0,5.0,14.0,2.0,7.0
2022-05-20,2,LG,42,25,17,0,0.595,4.0,2022,5,20.0,7.0,0.0,3.0,9.0,0.0,12.0,16.0,0.0,5.0
2022-05-20,3,키움,42,23,19,0,0.548,6.0,2022,5,20.0,6.0,0.0,4.0,9.0,0.0,12.0,14.0,0.0,7.0
2022-05-20,4,삼성,41,22,19,0,0.537,6.5,2022,5,20.0,7.0,0.0,3.0,10.0,0.0,11.0,12.0,0.0,8.0
2022-05-20,4,KIA,41,22,19,0,0.537,6.5,2022,5,20.0,7.0,0.0,3.0,10.0,0.0,10.0,12.0,0.0,9.0
2022-05-20,6,롯데,41,21,19,1,0.525,7.0,2022,5,20.0,5.0,0.0,5.0,7.0,1.0,13.0,14.0,0.0,6.0
2022-05-20,7,두산,40,20,19,1,0.513,7.5,2022,5,20.0,3.0,1.0,6.0,8.0,1.0,12.0,12.0,0.0,7.0
2022-05-20,8,KT,41,18,23,0,0.439,10.5,2022,5,20.0,3.0,0.0,7.0,8.0,0.0,14.0,10.0,0.0,9.0
2022-05-20,9,NC,42,13,29,0,0.31,16.0,2022,5,20.0,4.0,0.0,6.0,6.0,0.0,14.0,7.0,0.0,15.0
2022-05-20,9,한화,42,13,29,0,0.31,16.0,2022,5,20.0,2.0,0.0,8.0,8.0,0.0,13.0,5.0,0.0,16.0
2022-05-21,1,SSG,43,28,13,2,0.683,0.0,2022,5,21.0,4.0,1.0,5.0,14.0,0.0,6.0,14.0,2.0,7.0
2022-05-21,2,LG,43,26,17,0,0.605,3.0,2022,5,21.0,7.0,0.0,3.0,9.0,0.0,12.0,17.0,0.0,5.0
2022-05-21,3,키움,43,24,19,0,0.558,5.0,2022,5,21.0,7.0,0.0,3.0,10.0,0.0,12.0,14.0,0.0,7.0
2022-05-21,4,두산,41,21,19,1,0.525,6.5,2022,5,21.0,4.0,1.0,5.0,9.0,1.0,12.0,12.0,0.0,7.0
2022-05-21,5,삼성,42,22,20,0,0.524,6.5,2022,5,21.0,6.0,0.0,4.0,10.0,0.0,12.0,12.0,0.0,8.0
2022-05-21,5,KIA,42,22,20,0,0.524,6.5,2022,5,21.0,6.0,0.0,4.0,10.0,0.0,11.0,12.0,0.0,9.0
2022-05-21,7,롯데,42,21,20,1,0.512,7.0,2022,5,21.0,4.0,0.0,6.0,7.0,1.0,13.0,14.0,0.0,7.0
2022-05-21,8,KT,42,19,23,0,0.452,9.5,2022,5,21.0,4.0,0.0,6.0,8.0,0.0,14.0,11.0,0.0,9.0
2022-05-21,9,NC,43,14,29,0,0.326,15.0,2022,5,21.0,5.0,0.0,5.0,6.0,0.0,14.0,8.0,0.0,15.0
2022-05-21,10,한화,43,13,30,0,0.302,16.0,2022,5,21.0,2.0,0.0,8.0,8.0,0.0,13.0,5.0,0.0,17.0
2022-05-22,1,SSG,44,29,13,2,0.69,0.0,2022,5,22.0,5.0,1.0,4.0,15.0,0.0,6.0,14.0,2.0,7.0
2022-05-22,2,LG,44,26,18,0,0.591,4.0,2022,5,22.0,6.0,0.0,4.0,9.0,0.0,12.0,17.0,0.0,6.0
2022-05-22,3,키움,44,24,20,0,0.545,6.0,2022,5,22.0,7.0,0.0,3.0,10.0,0.0,13.0,14.0,0.0,7.0
2022-05-22,4,삼성,43,23,20,0,0.535,6.5,2022,5,22.0,7.0,0.0,3.0,11.0,0.0,12.0,12.0,0.0,8.0
2022-05-22,4,KIA,43,23,20,0,0.535,6.5,2022,5,22.0,7.0,0.0,3.0,11.0,0.0,11.0,12.0,0.0,9.0
2022-05-22,6,롯데,43,22,20,1,0.524,7.0,2022,5,22.0,4.0,0.0,6.0,7.0,1.0,13.0,15.0,0.0,7.0
2022-05-22,7,두산,42,21,20,1,0.512,7.5,2022,5,22.0,3.0,1.0,6.0,9.0,1.0,13.0,12.0,0.0,7.0
2022-05-22,8,KT,43,19,24,0,0.442,10.5,2022,5,22.0,3.0,0.0,7.0,8.0,0.0,14.0,11.0,0.0,10.0
2022-05-22,9,NC,44,14,30,0,0.318,16.0,2022,5,22.0,5.0,0.0,5.0,6.0,0.0,14.0,8.0,0.0,16.0
2022-05-22,9,한화,44,14,30,0,0.318,16.0,2022,5,22.0,3.0,0.0,7.0,8.0,0.0,13.0,6.0,0.0,17.0
2022-05-24,1,SSG,45,30,13,2,0.698,0.0,2022,5,24.0,6.0,1.0,3.0,16.0,0.0,6.0,14.0,2.0,7.0
2022-05-24,2,LG,45,26,19,0,0.578,5.0,2022,5,24.0,5.0,0.0,5.0,9.0,0.0,13.0,17.0,0.0,6.0
2022-05-24,3,키움,45,25,20,0,0.556,6.0,2022,5,24.0,8.0,0.0,2.0,10.0,0.0,13.0,15.0,0.0,7.0
2022-05-24,4,KIA,44,24,20,0,0.545,6.5,2022,5,24.0,7.0,0.0,3.0,11.0,0.0,11.0,13.0,0.0,9.0
2022-05-24,5,삼성,44,23,21,0,0.523,7.5,2022,5,24.0,6.0,0.0,4.0,11.0,0.0,13.0,12.0,0.0,8.0
2022-05-24,6,롯데,44,22,21,1,0.512,8.0,2022,5,24.0,4.0,0.0,6.0,7.0,1.0,13.0,15.0,0.0,8.0
2022-05-24,7,두산,43,21,21,1,0.5,8.5,2022,5,24.0,2.0,1.0,7.0,9.0,1.0,13.0,12.0,0.0,8.0
2022-05-24,8,KT,44,19,25,0,0.432,11.5,2022,5,24.0,3.0,0.0,7.0,8.0,0.0,14.0,11.0,0.0,11.0
2022-05-24,9,NC,45,15,30,0,0.333,16.0,2022,5,24.0,5.0,0.0,5.0,7.0,0.0,14.0,8.0,0.0,16.0
2022-05-24,9,한화,45,15,30,0,0.333,16.0,2022,5,24.0,4.0,0.0,6.0,9.0,0.0,13.0,6.0,0.0,17.0
2022-05-25,1,SSG,46,31,13,2,0.705,0.0,2022,5,25.0,7.0,1.0,2.0,17.0,0.0,6.0,14.0,2.0,7.0
2022-05-25,2,LG,46,26,20,0,0.565,6.0,2022,5,25.0,5.0,0.0,5.0,9.0,0.0,14.0,17.0,0.0,6.0
2022-05-25,2,키움,46,26,20,0,0.565,6.0,2022,5,25.0,8.0,0.0,2.0,10.0,0.0,13.0,16.0,0.0,7.0
2022-05-25,4,KIA,45,25,20,0,0.556,6.5,2022,5,25.0,7.0,0.0,3.0,11.0,0.0,11.0,14.0,0.0,9.0
2022-05-25,5,삼성,45,23,22,0,0.511,8.5,2022,5,25.0,5.0,0.0,5.0,11.0,0.0,14.0,12.0,0.0,8.0
2022-05-25,6,롯데,45,22,22,1,0.5,9.0,2022,5,25.0,3.0,0.0,7.0,7.0,1.0,13.0,15.0,0.0,9.0
2022-05-25,7,두산,44,21,22,1,0.488,9.5,2022,5,25.0,1.0,1.0,8.0,9.0,1.0,13.0,12.0,0.0,9.0
2022-05-25,8,KT,45,20,25,0,0.444,11.5,2022,5,25.0,4.0,0.0,6.0,8.0,0.0,14.0,12.0,0.0,11.0
2022-05-25,9,한화,46,16,30,0,0.348,16.0,2022,5,25.0,5.0,0.0,5.0,10.0,0.0,13.0,6.0,0.0,17.0
2022-05-25,10,NC,46,15,31,0,0.326,17.0,2022,5,25.0,4.0,0.0,6.0,7.0,0.0,15.0,8.0,0.0,16.0
2022-05-26,1,SSG,47,32,13,2,0.711,0.0,2022,5,26.0,7.0,1.0,2.0,18.0,0.0,6.0,14.0,2.0,7.0
2022-05-26,2,키움,47,27,20,0,0.574,6.0,2022,5,26.0,8.0,0.0,2.0,10.0,0.0,13.0,17.0,0.0,7.0
2022-05-26,3,KIA,46,26,20,0,0.565,6.5,2022,5,26.0,8.0,0.0,2.0,11.0,0.0,11.0,15.0,0.0,9.0
2022-05-26,4,LG,47,26,21,0,0.553,7.0,2022,5,26.0,4.0,0.0,6.0,9.0,0.0,15.0,17.0,0.0,6.0
2022-05-26,5,두산,45,22,22,1,0.5,9.5,2022,5,26.0,2.0,1.0,7.0,9.0,1.0,13.0,13.0,0.0,9.0
2022-05-26,5,삼성,46,23,23,0,0.5,9.5,2022,5,26.0,4.0,0.0,6.0,11.0,0.0,15.0,12.0,0.0,8.0
2022-05-26,7,롯데,46,22,23,1,0.489,10.0,2022,5,26.0,2.0,0.0,8.0,7.0,1.0,13.0,15.0,0.0,10.0
2022-05-26,8,KT,46,21,25,0,0.457,11.5,2022,5,26.0,5.0,0.0,5.0,8.0,0.0,14.0,13.0,0.0,11.0
2022-05-26,9,한화,47,16,31,0,0.34,17.0,2022,5,26.0,5.0,0.0,5.0,10.0,0.0,14.0,6.0,0.0,17.0
2022-05-26,10,NC,47,15,32,0,0.319,18.0,2022,5,26.0,4.0,0.0,6.0,7.0,0.0,16.0,8.0,0.0,16.0
2022-05-27,1,SSG,48,33,13,2,0.717,0.0,2022,5,27.0,8.0,1.0,1.0,18.0,0.0,6.0,15.0,2.0,7.0
2022-05-27,2,키움,48,28,20,0,0.583,6.0,2022,5,27.0,8.0,0.0,2.0,10.0,0.0,13.0,18.0,0.0,7.0
2022-05-27,3,LG,48,27,21,0,0.563,7.0,2022,5,27.0,4.0,0.0,6.0,10.0,0.0,15.0,17.0,0.0,6.0
2022-05-27,4,KIA,47,26,21,0,0.553,7.5,2022,5,27.0,8.0,0.0,2.0,11.0,0.0,12.0,15.0,0.0,9.0
2022-05-27,5,두산,46,23,22,1,0.511,9.5,2022,5,27.0,3.0,1.0,6.0,9.0,1.0,13.0,14.0,0.0,9.0
2022-05-27,6,삼성,47,23,24,0,0.489,10.5,2022,5,27.0,3.0,0.0,7.0,11.0,0.0,15.0,12.0,0.0,9.0
2022-05-27,7,롯데,47,22,24,1,0.478,11.0,2022,5,27.0,2.0,0.0,8.0,7.0,1.0,14.0,15.0,0.0,10.0
2022-05-27,8,KT,47,21,26,0,0.447,12.5,2022,5,27.0,5.0,0.0,5.0,8.0,0.0,15.0,13.0,0.0,11.0
2022-05-27,9,한화,48,17,31,0,0.354,17.0,2022,5,27.0,5.0,0.0,5.0,10.0,0.0,14.0,7.0,0.0,17.0
2022-05-27,10,NC,48,15,33,0,0.313,19.0,2022,5,27.0,3.0,0.0,7.0,7.0,0.0,17.0,8.0,0.0,16.0
2022-05-28,1,SSG,49,33,14,2,0.702,0.0,2022,5,28.0,8.0,0.0,2.0,18.0,0.0,6.0,15.0,2.0,8.0
2022-05-28,2,키움,49,29,20,0,0.592,5.0,2022,5,28.0,8.0,0.0,2.0,10.0,0.0,13.0,19.0,0.0,7.0
2022-05-28,3,LG,49,28,21,0,0.571,6.0,2022,5,28.0,5.0,0.0,5.0,11.0,0.0,15.0,17.0,0.0,6.0
2022-05-28,4,KIA,48,27,21,0,0.563,6.5,2022,5,28.0,8.0,0.0,2.0,12.0,0.0,12.0,15.0,0.0,9.0
2022-05-28,5,두산,47,23,23,1,0.5,9.5,2022,5,28.0,3.0,0.0,7.0,9.0,1.0,13.0,14.0,0.0,10.0
2022-05-28,6,삼성,48,23,25,0,0.479,10.5,2022,5,28.0,3.0,0.0,7.0,11.0,0.0,15.0,12.0,0.0,10.0
2022-05-28,7,롯데,48,22,25,1,0.468,11.0,2022,5,28.0,2.0,0.0,8.0,7.0,1.0,15.0,15.0,0.0,10.0
2022-05-28,8,KT,48,21,27,0,0.438,12.5,2022,5,28.0,4.0,0.0,6.0,8.0,0.0,16.0,13.0,0.0,11.0
2022-05-28,9,한화,49,18,31,0,0.367,16.0,2022,5,28.0,5.0,0.0,5.0,10.0,0.0,14.0,8.0,0.0,17.0
2022-05-28,10,NC,49,16,33,0,0.327,18.0,2022,5,28.0,4.0,0.0,6.0,8.0,0.0,17.0,8.0,0.0,16.0
2022-05-29,1,SSG,50,34,14,2,0.708,0.0,2022,5,29.0,8.0,0.0,2.0,18.0,0.0,6.0,16.0,2.0,8.0
2022-05-29,2,키움,50,30,20,0,0.6,5.0,2022,5,29.0,9.0,0.0,1.0,10.0,0.0,13.0,20.0,0.0,7.0
2022-05-29,3,LG,50,28,22,0,0.56,7.0,2022,5,29.0,4.0,0.0,6.0,11.0,0.0,16.0,17.0,0.0,6.0
2022-05-29,4,KIA,49,27,22,0,0.551,7.5,2022,5,29.0,7.0,0.0,3.0,12.0,0.0,13.0,15.0,0.0,9.0
2022-05-29,5,두산,48,24,23,1,0.511,9.5,2022,5,29.0,4.0,0.0,6.0,9.0,1.0,13.0,15.0,0.0,10.0
2022-05-29,6,삼성,49,24,25,0,0.49,10.5,2022,5,29.0,3.0,0.0,7.0,11.0,0.0,15.0,13.0,0.0,10.0
2022-05-29,7,롯데,49,22,26,1,0.458,12.0,2022,5,29.0,2.0,0.0,8.0,7.0,1.0,16.0,15.0,0.0,10.0
2022-05-29,8,KT,49,21,28,0,0.429,13.5,2022,5,29.0,4.0,0.0,6.0,8.0,0.0,17.0,13.0,0.0,11.0
2022-05-29,9,한화,50,19,31,0,0.38,16.0,2022,5,29.0,6.0,0.0,4.0,10.0,0.0,14.0,9.0,0.0,17.0
2022-05-29,10,NC,50,16,34,0,0.32,19.0,2022,5,29.0,3.0,0.0,7.0,8.0,0.0,18.0,8.0,0.0,16.0
2022-05-31,1,SSG,51,34,15,2,0.694,0.0,2022,5,31.0,7.0,0.0,3.0,18.0,0.0,7.0,16.0,2.0,8.0
2022-05-31,2,키움,51,31,20,0,0.608,4.0,2022,5,31.0,9.0,0.0,1.0,11.0,0.0,13.0,20.0,0.0,7.0
2022-05-31,3,KIA,50,28,22,0,0.56,6.5,2022,5,31.0,7.0,0.0,3.0,12.0,0.0,13.0,16.0,0.0,9.0
2022-05-31,4,LG,51,28,23,0,0.549,7.0,2022,5,31.0,3.0,0.0,7.0,11.0,0.0,16.0,17.0,0.0,7.0
2022-05-31,5,두산,49,24,24,1,0.5,9.5,2022,5,31.0,4.0,0.0,6.0,9.0,1.0,14.0,15.0,0.0,10.0
2022-05-31,6,삼성,50,24,26,0,0.48,10.5,2022,5,31.0,2.0,0.0,8.0,11.0,0.0,15.0,13.0,0.0,11.0
2022-05-31,7,롯데,50,23,26,1,0.469,11.0,2022,5,31.0,3.0,0.0,7.0,8.0,1.0,16.0,15.0,0.0,10.0
2022-05-31,8,KT,50,22,28,0,0.44,12.5,2022,5,31.0,5.0,0.0,5.0,8.0,0.0,17.0,14.0,0.0,11.0
2022-05-31,9,한화,51,19,32,0,0.373,16.0,2022,5,31.0,6.0,0.0,4.0,10.0,0.0,15.0,9.0,0.0,17.0
2022-05-31,10,NC,51,17,34,0,0.333,18.0,2022,5,31.0,4.0,0.0,6.0,8.0,0.0,18.0,9.0,0.0,16.0
2022-06-01,1,SSG,52,35,15,2,0.7,0.0,2022,6,1.0,7.0,0.0,3.0,19.0,0.0,7.0,16.0,2.0,8.0
2022-06-01,2,키움,52,31,21,0,0.596,5.0,2022,6,1.0,8.0,0.0,2.0,11.0,0.0,14.0,20.0,0.0,7.0
2022-06-01,3,KIA,51,29,22,0,0.569,6.5,2022,6,1.0,7.0,0.0,3.0,12.0,0.0,13.0,17.0,0.0,9.0
2022-06-01,4,LG,52,29,23,0,0.558,7.0,2022,6,1.0,4.0,0.0,6.0,11.0,0.0,16.0,18.0,0.0,7.0
2022-06-01,5,삼성,51,25,26,0,0.49,10.5,2022,6,1.0,3.0,0.0,7.0,11.0,0.0,15.0,14.0,0.0,11.0
2022-06-01,6,두산,50,24,25,1,0.49,10.5,2022,6,1.0,4.0,0.0,6.0,9.0,1.0,15.0,15.0,0.0,10.0
2022-06-01,7,롯데,51,23,27,1,0.46,12.0,2022,6,1.0,2.0,0.0,8.0,8.0,1.0,17.0,15.0,0.0,10.0
2022-06-01,8,KT,51,22,29,0,0.431,13.5,2022,6,1.0,4.0,0.0,6.0,8.0,0.0,17.0,14.0,0.0,12.0
2022-06-01,9,한화,52,20,32,0,0.385,16.0,2022,6,1.0,7.0,0.0,3.0,11.0,0.0,15.0,9.0,0.0,17.0
2022-06-01,10,NC,52,17,35,0,0.327,19.0,2022,6,1.0,4.0,0.0,6.0,8.0,0.0,18.0,9.0,0.0,17.0
2022-06-02,1,SSG,53,35,16,2,0.686,0.0,2022,6,2.0,7.0,0.0,3.0,19.0,0.0,8.0,16.0,2.0,8.0
2022-06-02,2,키움,53,32,21,0,0.604,4.0,2022,6,2.0,8.0,0.0,2.0,12.0,0.0,14.0,20.0,0.0,7.0
2022-06-02,3,KIA,52,30,22,0,0.577,5.5,2022,6,2.0,8.0,0.0,2.0,12.0,0.0,13.0,18.0,0.0,9.0
2022-06-02,4,LG,53,29,23,1,0.558,6.5,2022,6,2.0,3.0,1.0,6.0,11.0,0.0,16.0,18.0,1.0,7.0
2022-06-02,5,삼성,52,25,27,0,0.481,10.5,2022,6,2.0,3.0,0.0,7.0,11.0,0.0,15.0,14.0,0.0,12.0
2022-06-02,6,두산,51,24,26,1,0.48,10.5,2022,6,2.0,3.0,0.0,7.0,9.0,1.0,16.0,15.0,0.0,10.0
2022-06-02,7,롯데,52,23,27,2,0.46,11.5,2022,6,2.0,2.0,1.0,7.0,8.0,2.0,17.0,15.0,0.0,10.0
2022-06-02,8,KT,52,23,29,0,0.442,12.5,2022,6,2.0,4.0,0.0,6.0,8.0,0.0,17.0,15.0,0.0,12.0
2022-06-02,9,한화,53,20,33,0,0.377,16.0,2022,6,2.0,7.0,0.0,3.0,11.0,0.0,16.0,9.0,0.0,17.0
2022-06-02,10,NC,53,18,35,0,0.34,18.0,2022,6,2.0,4.0,0.0,6.0,8.0,0.0,18.0,10.0,0.0,17.0
2022-06-03,1,SSG,54,35,17,2,0.673,0.0,2022,6,3.0,6.0,0.0,4.0,19.0,0.0,8.0,16.0,2.0,9.0
2022-06-03,2,키움,54,32,22,0,0.593,4.0,2022,6,3.0,8.0,0.0,2.0,12.0,0.0,14.0,20.0,0.0,8.0
2022-06-03,3,LG,54,30,23,1,0.566,5.5,2022,6,3.0,4.0,1.0,5.0,12.0,0.0,16.0,18.0,1.0,7.0
2022-06-03,3,KIA,53,30,23,0,0.566,5.5,2022,6,3.0,7.0,0.0,3.0,12.0,0.0,13.0,18.0,0.0,10.0
2022-06-03,5,삼성,53,26,27,0,0.491,9.5,2022,6,3.0,3.0,0.0,7.0,12.0,0.0,15.0,14.0,0.0,12.0
2022-06-03,6,두산,52,24,27,1,0.471,10.5,2022,6,3.0,3.0,0.0,7.0,9.0,1.0,16.0,15.0,0.0,11.0
2022-06-03,7,KT,53,24,29,0,0.453,11.5,2022,6,3.0,5.0,0.0,5.0,9.0,0.0,17.0,15.0,0.0,12.0
2022-06-03,8,롯데,53,23,28,2,0.451,11.5,2022,6,3.0,1.0,1.0,8.0,8.0,2.0,17.0,15.0,0.0,11.0
2022-06-03,9,한화,54,21,33,0,0.389,15.0,2022,6,3.0,7.0,0.0,3.0,12.0,0.0,16.0,9.0,0.0,17.0
2022-06-03,10,NC,54,19,35,0,0.352,17.0,2022,6,3.0,5.0,0.0,5.0,9.0,0.0,18.0,10.0,0.0,17.0
2022-06-04,1,SSG,55,35,18,2,0.66,0.0,2022,6,4.0,5.0,0.0,5.0,19.0,0.0,8.0,16.0,2.0,10.0
2022-06-04,2,키움,55,33,22,0,0.6,3.0,2022,6,4.0,8.0,0.0,2.0,12.0,0.0,14.0,21.0,0.0,8.0
2022-06-04,3,LG,55,31,23,1,0.574,4.5,2022,6,4.0,5.0,1.0,4.0,13.0,0.0,16.0,18.0,1.0,7.0
2022-06-04,4,KIA,54,30,24,0,0.556,5.5,2022,6,4.0,6.0,0.0,4.0,12.0,0.0,13.0,18.0,0.0,11.0
2022-06-04,5,삼성,54,26,28,0,0.481,9.5,2022,6,4.0,3.0,0.0,7.0,12.0,0.0,16.0,14.0,0.0,12.0
2022-06-04,6,두산,53,25,27,1,0.481,9.5,2022,6,4.0,4.0,0.0,6.0,9.0,1.0,16.0,16.0,0.0,11.0
2022-06-04,7,KT,54,25,29,0,0.463,10.5,2022,6,4.0,6.0,0.0,4.0,10.0,0.0,17.0,15.0,0.0,12.0
2022-06-04,8,롯데,54,24,28,2,0.462,10.5,2022,6,4.0,2.0,1.0,7.0,8.0,2.0,17.0,16.0,0.0,11.0
2022-06-04,9,한화,55,21,34,0,0.382,15.0,2022,6,4.0,6.0,0.0,4.0,12.0,0.0,17.0,9.0,0.0,17.0
2022-06-04,10,NC,55,19,36,0,0.345,17.0,2022,6,4.0,4.0,0.0,6.0,9.0,0.0,19.0,10.0,0.0,17.0
2022-06-05,1,SSG,56,36,18,2,0.667,0.0,2022,6,5.0,5.0,0.0,5.0,19.0,0.0,8.0,17.0,2.0,10.0
2022-06-05,2,키움,55,33,22,0,0.6,3.5,2022,6,5.0,8.0,0.0,2.0,12.0,0.0,14.0,21.0,0.0,8.0
2022-06-05,3,LG,56,31,24,1,0.564,5.5,2022,6,5.0,5.0,1.0,4.0,13.0,0.0,17.0,18.0,1.0,7.0
2022-06-05,4,KIA,55,30,24,1,0.556,6.0,2022,6,5.0,5.0,1.0,4.0,12.0,0.0,13.0,18.0,1.0,11.0
2022-06-05,5,삼성,54,26,28,0,0.481,10.0,2022,6,5.0,3.0,0.0,7.0,12.0,0.0,16.0,14.0,0.0,12.0
2022-06-05,6,두산,53,25,27,1,0.481,10.0,2022,6,5.0,4.0,0.0,6.0,9.0,1.0,16.0,16.0,0.0,11.0
2022-06-05,7,KT,55,25,29,1,0.463,11.0,2022,6,5.0,5.0,1.0,4.0,10.0,1.0,17.0,15.0,0.0,12.0
2022-06-05,8,롯데,54,24,28,2,0.462,11.0,2022,6,5.0,2.0,1.0,7.0,8.0,2.0,17.0,16.0,0.0,11.0
2022-06-05,9,한화,55,21,34,0,0.382,15.5,2022,6,5.0,6.0,0.0,4.0,12.0,0.0,17.0,9.0,0.0,17.0
2022-06-05,10,NC,55,19,36,0,0.345,17.5,2022,6,5.0,4.0,0.0,6.0,9.0,0.0,19.0,10.0,0.0,17.0
2022-06-07,1,SSG,57,36,19,2,0.655,0.0,2022,6,7.0,4.0,0.0,6.0,19.0,0.0,8.0,17.0,2.0,11.0
2022-06-07,2,키움,56,34,22,0,0.607,2.5,2022,6,7.0,8.0,0.0,2.0,13.0,0.0,14.0,21.0,0.0,8.0
2022-06-07,3,LG,56,31,24,1,0.564,5.0,2022,6,7.0,5.0,1.0,4.0,13.0,0.0,17.0,18.0,1.0,7.0
2022-06-07,4,KIA,55,30,24,1,0.556,5.5,2022,6,7.0,5.0,1.0,4.0,12.0,0.0,13.0,18.0,1.0,11.0
2022-06-07,5,삼성,55,27,28,0,0.491,9.0,2022,6,7.0,4.0,0.0,6.0,12.0,0.0,16.0,15.0,0.0,12.0
2022-06-07,6,두산,54,26,27,1,0.491,9.0,2022,6,7.0,5.0,0.0,5.0,10.0,1.0,16.0,16.0,0.0,11.0
2022-06-07,7,KT,56,25,30,1,0.455,11.0,2022,6,7.0,4.0,1.0,5.0,10.0,1.0,17.0,15.0,0.0,13.0
2022-06-07,8,롯데,55,24,29,2,0.453,11.0,2022,6,7.0,2.0,1.0,7.0,8.0,2.0,18.0,16.0,0.0,11.0
2022-06-07,9,한화,56,21,35,0,0.375,15.5,2022,6,7.0,5.0,0.0,5.0,12.0,0.0,17.0,9.0,0.0,18.0
2022-06-07,10,NC,56,20,36,0,0.357,16.5,2022,6,7.0,5.0,0.0,5.0,10.0,0.0,19.0,10.0,0.0,17.0
2022-06-08,1,SSG,58,36,19,3,0.655,0.0,2022,6,8.0,3.0,1.0,6.0,19.0,0.0,8.0,17.0,3.0,11.0
2022-06-08,2,키움,57,34,22,1,0.607,2.5,2022,6,8.0,7.0,1.0,2.0,13.0,1.0,14.0,21.0,0.0,8.0
2022-06-08,3,LG,57,32,24,1,0.571,4.5,2022,6,8.0,6.0,1.0,3.0,13.0,0.0,17.0,19.0,1.0,7.0
2022-06-08,4,KIA,56,30,25,1,0.545,6.0,2022,6,8.0,4.0,1.0,5.0,12.0,0.0,14.0,18.0,1.0,11.0
2022-06-08,5,삼성,56,28,28,0,0.5,8.5,2022,6,8.0,5.0,0.0,5.0,12.0,0.0,16.0,16.0,0.0,12.0
2022-06-08,6,두산,55,26,28,1,0.481,9.5,2022,6,8.0,4.0,0.0,6.0,10.0,1.0,17.0,16.0,0.0,11.0
2022-06-08,7,KT,57,25,30,2,0.455,11.0,2022,6,8.0,4.0,2.0,4.0,10.0,1.0,17.0,15.0,1.0,13.0
2022-06-08,8,롯데,56,24,30,2,0.444,11.5,2022,6,8.0,2.0,1.0,7.0,8.0,2.0,19.0,16.0,0.0,11.0
2022-06-08,9,한화,57,22,35,0,0.386,15.0,2022,6,8.0,6.0,0.0,4.0,12.0,0.0,17.0,10.0,0.0,18.0
2022-06-08,10,NC,57,20,36,1,0.357,16.5,2022,6,8.0,5.0,1.0,4.0,10.0,1.0,19.0,10.0,0.0,17.0
2022-06-09,1,SSG,59,36,20,3,0.643,0.0,2022,6,9.0,3.0,1.0,6.0,19.0,0.0,8.0,17.0,3.0,12.0
2022-06-09,2,키움,58,34,23,1,0.596,2.5,2022,6,9.0,6.0,1.0,3.0,13.0,1.0,15.0,21.0,0.0,8.0
2022-06-09,3,LG,58,32,25,1,0.561,4.5,2022,6,9.0,5.0,1.0,4.0,13.0,0.0,17.0,19.0,1.0,8.0
2022-06-09,4,KIA,57,31,25,1,0.554,5.0,2022,6,9.0,5.0,1.0,4.0,13.0,0.0,14.0,18.0,1.0,11.0
2022-06-09,5,삼성,57,28,29,0,0.491,8.5,2022,6,9.0,5.0,0.0,5.0,12.0,0.0,16.0,16.0,0.0,13.0
2022-06-09,6,두산,56,27,28,1,0.491,8.5,2022,6,9.0,4.0,0.0,6.0,11.0,1.0,17.0,16.0,0.0,11.0
2022-06-09,7,KT,58,26,30,2,0.464,10.0,2022,6,9.0,5.0,2.0,3.0,10.0,1.0,17.0,16.0,1.0,13.0
2022-06-09,8,롯데,57,25,30,2,0.455,10.5,2022,6,9.0,3.0,1.0,6.0,9.0,2.0,19.0,16.0,0.0,11.0
2022-06-09,9,한화,58,22,36,0,0.379,15.0,2022,6,9.0,5.0,0.0,5.0,12.0,0.0,17.0,10.0,0.0,19.0
2022-06-09,10,NC,58,21,36,1,0.368,15.5,2022,6,9.0,6.0,1.0,3.0,11.0,1.0,19.0,10.0,0.0,17.0
2022-06-10,1,SSG,60,37,20,3,0.649,0.0,2022,6,10.0,3.0,1.0,6.0,20.0,0.0,8.0,17.0,3.0,12.0
2022-06-10,2,키움,59,35,23,1,0.603,2.5,2022,6,10.0,6.0,1.0,3.0,13.0,1.0,15.0,22.0,0.0,8.0
2022-06-10,3,LG,59,33,25,1,0.569,4.5,2022,6,10.0,5.0,1.0,4.0,14.0,0.0,17.0,19.0,1.0,8.0
2022-06-10,4,KIA,58,31,26,1,0.544,6.0,2022,6,10.0,4.0,1.0,5.0,13.0,0.0,15.0,18.0,1.0,11.0
2022-06-10,5,삼성,58,28,30,0,0.483,9.5,2022,6,10.0,5.0,0.0,5.0,12.0,0.0,17.0,16.0,0.0,13.0
2022-06-10,6,두산,57,27,29,1,0.482,9.5,2022,6,10.0,4.0,0.0,6.0,11.0,1.0,17.0,16.0,0.0,12.0
2022-06-10,7,KT,59,27,30,2,0.474,10.0,2022,6,10.0,6.0,2.0,2.0,10.0,1.0,17.0,17.0,1.0,13.0
2022-06-10,8,롯데,58,25,31,2,0.446,11.5,2022,6,10.0,3.0,1.0,6.0,9.0,2.0,20.0,16.0,0.0,11.0
2022-06-10,9,NC,59,22,36,1,0.379,15.5,2022,6,10.0,6.0,1.0,3.0,11.0,1.0,19.0,11.0,0.0,17.0
2022-06-10,10,한화,59,22,37,0,0.373,16.0,2022,6,10.0,4.0,0.0,6.0,12.0,0.0,17.0,10.0,0.0,20.0
2022-06-11,1,SSG,61,38,20,3,0.655,0.0,2022,6,11.0,4.0,1.0,5.0,21.0,0.0,8.0,17.0,3.0,12.0
2022-06-11,2,키움,60,35,24,1,0.593,3.5,2022,6,11.0,5.0,1.0,4.0,13.0,1.0,15.0,22.0,0.0,9.0
2022-06-11,3,LG,60,33,26,1,0.559,5.5,2022,6,11.0,5.0,1.0,4.0,14.0,0.0,18.0,19.0,1.0,8.0
2022-06-11,4,KIA,59,32,26,1,0.552,6.0,2022,6,11.0,5.0,1.0,4.0,14.0,0.0,15.0,18.0,1.0,11.0
2022-06-11,5,두산,58,28,29,1,0.491,9.5,2022,6,11.0,4.0,0.0,6.0,11.0,1.0,17.0,17.0,0.0,12.0
2022-06-11,6,KT,60,28,30,2,0.483,10.0,2022,6,11.0,6.0,2.0,2.0,10.0,1.0,17.0,18.0,1.0,13.0
2022-06-11,7,삼성,59,28,31,0,0.475,10.5,2022,6,11.0,4.0,0.0,6.0,12.0,0.0,18.0,16.0,0.0,13.0
2022-06-11,8,롯데,59,25,32,2,0.439,12.5,2022,6,11.0,3.0,1.0,6.0,9.0,2.0,21.0,16.0,0.0,11.0
2022-06-11,9,NC,60,23,36,1,0.39,15.5,2022,6,11.0,7.0,1.0,2.0,11.0,1.0,19.0,12.0,0.0,17.0
2022-06-11,10,한화,60,22,38,0,0.367,17.0,2022,6,11.0,3.0,0.0,7.0,12.0,0.0,17.0,10.0,0.0,21.0
2022-06-12,1,SSG,62,39,20,3,0.661,0.0,2022,6,12.0,4.0,1.0,5.0,22.0,0.0,8.0,17.0,3.0,12.0
2022-06-12,2,키움,61,36,24,1,0.6,3.5,2022,6,12.0,5.0,1.0,4.0,13.0,1.0,15.0,23.0,0.0,9.0
2022-06-12,3,LG,61,34,26,1,0.567,5.5,2022,6,12.0,6.0,1.0,3.0,15.0,0.0,18.0,19.0,1.0,8.0
2022-06-12,4,KIA,60,32,27,1,0.542,7.0,2022,6,12.0,4.0,1.0,5.0,14.0,0.0,16.0,18.0,1.0,11.0
2022-06-12,5,삼성,60,29,31,0,0.483,10.5,2022,6,12.0,5.0,0.0,5.0,13.0,0.0,18.0,16.0,0.0,13.0
2022-06-12,6,두산,59,28,30,1,0.483,10.5,2022,6,12.0,4.0,0.0,6.0,11.0,1.0,17.0,17.0,0.0,13.0
2022-06-12,7,KT,61,28,31,2,0.475,11.0,2022,6,12.0,6.0,2.0,2.0,10.0,1.0,17.0,18.0,1.0,14.0
2022-06-12,8,롯데,60,26,32,2,0.448,12.5,2022,6,12.0,3.0,1.0,6.0,10.0,2.0,21.0,16.0,0.0,11.0
2022-06-12,9,NC,61,23,37,1,0.383,16.5,2022,6,12.0,6.0,1.0,3.0,11.0,1.0,19.0,12.0,0.0,18.0
2022-06-12,10,한화,61,22,39,0,0.361,18.0,2022,6,12.0,3.0,0.0,7.0,12.0,0.0,17.0,10.0,0.0,22.0
2022-06-14,1,SSG,63,39,21,3,0.65,0.0,2022,6,14.0,4.0,1.0,5.0,22.0,0.0,8.0,17.0,3.0,13.0
2022-06-14,2,키움,62,37,24,1,0.607,2.5,2022,6,14.0,6.0,1.0,3.0,14.0,1.0,15.0,23.0,0.0,9.0
2022-06-14,3,LG,62,35,26,1,0.574,4.5,2022,6,14.0,6.0,1.0,3.0,16.0,0.0,18.0,19.0,1.0,8.0
2022-06-14,4,KIA,60,32,27,1,0.542,6.5,2022,6,14.0,4.0,1.0,5.0,14.0,0.0,16.0,18.0,1.0,11.0
2022-06-14,5,KT,62,29,31,2,0.483,10.0,2022,6,14.0,6.0,2.0,2.0,11.0,1.0,17.0,18.0,1.0,14.0
2022-06-14,6,삼성,61,29,32,0,0.475,10.5,2022,6,14.0,4.0,0.0,6.0,13.0,0.0,18.0,16.0,0.0,14.0
2022-06-14,7,두산,60,28,31,1,0.475,10.5,2022,6,14.0,4.0,0.0,6.0,11.0,1.0,17.0,17.0,0.0,14.0
2022-06-14,8,롯데,60,26,32,2,0.448,12.0,2022,6,14.0,3.0,1.0,6.0,10.0,2.0,21.0,16.0,0.0,11.0
2022-06-14,9,NC,61,23,37,1,0.383,16.0,2022,6,14.0,6.0,1.0,3.0,11.0,1.0,19.0,12.0,0.0,18.0
2022-06-14,10,한화,61,22,39,0,0.361,17.5,2022,6,14.0,3.0,0.0,7.0,12.0,0.0,17.0,10.0,0.0,22.0
2022-06-15,1,SSG,64,39,22,3,0.639,0.0,2022,6,15.0,4.0,1.0,5.0,22.0,0.0,8.0,17.0,3.0,14.0
2022-06-15,2,키움,63,37,25,1,0.597,2.5,2022,6,15.0,5.0,1.0,4.0,14.0,1.0,16.0,23.0,0.0,9.0
2022-06-15,3,LG,63,35,27,1,0.565,4.5,2022,6,15.0,6.0,0.0,4.0,16.0,0.0,19.0,19.0,1.0,8.0
2022-06-15,4,KIA,61,32,28,1,0.533,6.5,2022,6,15.0,3.0,1.0,6.0,14.0,0.0,16.0,18.0,1.0,12.0
2022-06-15,5,KT,63,30,31,2,0.492,9.0,2022,6,15.0,6.0,2.0,2.0,12.0,1.0,17.0,18.0,1.0,14.0
2022-06-15,6,삼성,62,30,32,0,0.484,9.5,2022,6,15.0,5.0,0.0,5.0,13.0,0.0,18.0,17.0,0.0,14.0
2022-06-15,7,두산,61,29,31,1,0.483,9.5,2022,6,15.0,5.0,0.0,5.0,11.0,1.0,17.0,18.0,0.0,14.0
2022-06-15,8,롯데,61,27,32,2,0.458,11.0,2022,6,15.0,4.0,1.0,5.0,10.0,2.0,21.0,17.0,0.0,11.0
2022-06-15,9,NC,62,24,37,1,0.393,15.0,2022,6,15.0,7.0,1.0,2.0,12.0,1.0,19.0,12.0,0.0,18.0
2022-06-15,10,한화,62,22,40,0,0.355,17.5,2022,6,15.0,2.0,0.0,8.0,12.0,0.0,18.0,10.0,0.0,22.0
2022-06-16,1,SSG,65,40,22,3,0.645,0.0,2022,6,16.0,5.0,1.0,4.0,22.0,0.0,8.0,18.0,3.0,14.0
2022-06-16,2,키움,64,38,25,1,0.603,2.5,2022,6,16.0,6.0,1.0,3.0,15.0,1.0,16.0,23.0,0.0,9.0
2022-06-16,3,LG,64,36,27,1,0.571,4.5,2022,6,16.0,6.0,0.0,4.0,17.0,0.0,19.0,19.0,1.0,8.0
2022-06-16,4,KIA,62,33,28,1,0.541,6.5,2022,6,16.0,3.0,1.0,6.0,14.0,0.0,16.0,19.0,1.0,12.0
2022-06-16,5,KT,64,30,32,2,0.484,10.0,2022,6,16.0,5.0,2.0,3.0,12.0,1.0,18.0,18.0,1.0,14.0
2022-06-16,6,삼성,63,30,33,0,0.476,10.5,2022,6,16.0,4.0,0.0,6.0,13.0,0.0,18.0,17.0,0.0,15.0
2022-06-16,7,두산,62,29,32,1,0.475,10.5,2022,6,16.0,5.0,0.0,5.0,11.0,1.0,17.0,18.0,0.0,15.0
2022-06-16,8,롯데,62,28,32,2,0.467,11.0,2022,6,16.0,5.0,0.0,5.0,10.0,2.0,21.0,18.0,0.0,11.0
2022-06-16,9,NC,63,24,38,1,0.387,16.0,2022,6,16.0,6.0,1.0,3.0,12.0,1.0,20.0,12.0,0.0,18.0
2022-06-16,10,한화,63,22,41,0,0.349,18.5,2022,6,16.0,2.0,0.0,8.0,12.0,0.0,19.0,10.0,0.0,22.0
2022-06-17,1,SSG,66,41,22,3,0.651,0.0,2022,6,17.0,5.0,1.0,4.0,22.0,0.0,8.0,19.0,3.0,14.0
2022-06-17,2,키움,65,38,26,1,0.594,3.5,2022,6,17.0,5.0,1.0,4.0,15.0,1.0,17.0,23.0,0.0,9.0
2022-06-17,3,LG,65,37,27,1,0.578,4.5,2022,6,17.0,6.0,0.0,4.0,17.0,0.0,19.0,20.0,1.0,8.0
2022-06-17,4,KIA,63,34,28,1,0.548,6.5,2022,6,17.0,4.0,1.0,5.0,15.0,0.0,16.0,19.0,1.0,12.0
2022-06-17,5,KT,65,31,32,2,0.492,10.0,2022,6,17.0,6.0,1.0,3.0,12.0,1.0,18.0,19.0,1.0,14.0
2022-06-17,6,삼성,64,30,34,0,0.469,11.5,2022,6,17.0,4.0,0.0,6.0,13.0,0.0,18.0,17.0,0.0,16.0
2022-06-17,7,두산,63,29,33,1,0.468,11.5,2022,6,17.0,4.0,0.0,6.0,11.0,1.0,18.0,18.0,0.0,15.0
2022-06-17,8,롯데,63,28,33,2,0.459,12.0,2022,6,17.0,5.0,0.0,5.0,10.0,2.0,22.0,18.0,0.0,11.0
2022-06-17,9,NC,64,24,38,2,0.387,16.5,2022,6,17.0,5.0,2.0,3.0,12.0,2.0,20.0,12.0,0.0,18.0
2022-06-17,10,한화,64,22,41,1,0.349,19.0,2022,6,17.0,1.0,1.0,8.0,12.0,0.0,19.0,10.0,1.0,22.0
2022-06-18,1,SSG,67,42,22,3,0.656,0.0,2022,6,18.0,6.0,1.0,3.0,22.0,0.0,8.0,20.0,3.0,14.0
2022-06-18,2,키움,66,39,26,1,0.6,3.5,2022,6,18.0,5.0,1.0,4.0,16.0,1.0,17.0,23.0,0.0,9.0
2022-06-18,3,LG,66,37,28,1,0.569,5.5,2022,6,18.0,6.0,0.0,4.0,17.0,0.0,19.0,20.0,1.0,9.0
2022-06-18,4,KIA,64,34,29,1,0.54,7.5,2022,6,18.0,4.0,1.0,5.0,15.0,0.0,17.0,19.0,1.0,12.0
2022-06-18,5,KT,66,31,33,2,0.484,11.0,2022,6,18.0,6.0,1.0,3.0,12.0,1.0,18.0,19.0,1.0,15.0
2022-06-18,6,삼성,65,31,34,0,0.477,11.5,2022,6,18.0,4.0,0.0,6.0,13.0,0.0,18.0,18.0,0.0,16.0
2022-06-18,7,두산,64,30,33,1,0.476,11.5,2022,6,18.0,4.0,0.0,6.0,12.0,1.0,18.0,18.0,0.0,15.0
2022-06-18,8,롯데,64,28,34,2,0.452,13.0,2022,6,18.0,4.0,0.0,6.0,10.0,2.0,23.0,18.0,0.0,11.0
2022-06-18,9,NC,65,25,38,2,0.397,16.5,2022,6,18.0,6.0,2.0,2.0,13.0,2.0,20.0,12.0,0.0,18.0
2022-06-18,10,한화,65,22,42,1,0.344,20.0,2022,6,18.0,1.0,1.0,8.0,12.0,0.0,19.0,10.0,1.0,23.0
2022-06-19,1,SSG,68,42,23,3,0.646,0.0,2022,6,19.0,6.0,0.0,4.0,22.0,0.0,8.0,20.0,3.0,15.0
2022-06-19,2,키움,67,39,27,1,0.591,3.5,2022,6,19.0,5.0,0.0,5.0,16.0,1.0,18.0,23.0,0.0,9.0
2022-06-19,3,LG,67,38,28,1,0.576,4.5,2022,6,19.0,6.0,0.0,4.0,17.0,0.0,19.0,21.0,1.0,9.0
2022-06-19,4,KIA,65,34,30,1,0.531,7.5,2022,6,19.0,4.0,0.0,6.0,15.0,0.0,18.0,19.0,1.0,12.0
2022-06-19,5,KT,67,32,33,2,0.492,10.0,2022,6,19.0,7.0,0.0,3.0,12.0,1.0,18.0,20.0,1.0,15.0
2022-06-19,6,삼성,66,32,34,0,0.485,10.5,2022,6,19.0,4.0,0.0,6.0,13.0,0.0,18.0,19.0,0.0,16.0
2022-06-19,7,두산,65,30,34,1,0.469,11.5,2022,6,19.0,4.0,0.0,6.0,12.0,1.0,19.0,18.0,0.0,15.0
2022-06-19,8,롯데,65,29,34,2,0.46,12.0,2022,6,19.0,5.0,0.0,5.0,11.0,2.0,23.0,18.0,0.0,11.0
2022-06-19,9,NC,66,26,38,2,0.406,15.5,2022,6,19.0,6.0,2.0,2.0,14.0,2.0,20.0,12.0,0.0,18.0
2022-06-19,10,한화,66,22,43,1,0.338,20.0,2022,6,19.0,1.0,1.0,8.0,12.0,0.0,19.0,10.0,1.0,24.0
2022-06-21,1,SSG,69,42,24,3,0.636,0.0,2022,6,21.0,6.0,0.0,4.0,22.0,0.0,9.0,20.0,3.0,15.0
2022-06-21,2,키움,68,40,27,1,0.597,2.5,2022,6,21.0,6.0,0.0,4.0,16.0,1.0,18.0,24.0,0.0,9.0
2022-06-21,3,LG,68,39,28,1,0.582,3.5,2022,6,21.0,7.0,0.0,3.0,18.0,0.0,19.0,21.0,1.0,9.0
2022-06-21,4,KIA,66,35,30,1,0.538,6.5,2022,6,21.0,5.0,0.0,5.0,16.0,0.0,18.0,19.0,1.0,12.0
2022-06-21,5,KT,68,33,33,2,0.5,9.0,2022,6,21.0,7.0,0.0,3.0,13.0,1.0,18.0,20.0,1.0,15.0
2022-06-21,6,삼성,67,32,35,0,0.478,10.5,2022,6,21.0,4.0,0.0,6.0,13.0,0.0,19.0,19.0,0.0,16.0
2022-06-21,7,두산,66,31,34,1,0.477,10.5,2022,6,21.0,4.0,0.0,6.0,12.0,1.0,19.0,19.0,0.0,15.0
2022-06-21,8,롯데,66,29,35,2,0.453,12.0,2022,6,21.0,5.0,0.0,5.0,11.0,2.0,23.0,18.0,0.0,12.0
2022-06-21,9,NC,67,26,39,2,0.4,15.5,2022,6,21.0,6.0,1.0,3.0,14.0,2.0,20.0,12.0,0.0,19.0
2022-06-21,10,한화,67,22,44,1,0.333,20.0,2022,6,21.0,0.0,1.0,9.0,12.0,0.0,19.0,10.0,1.0,25.0
2022-06-22,1,SSG,70,43,24,3,0.642,0.0,2022,6,22.0,6.0,0.0,4.0,23.0,0.0,9.0,20.0,3.0,15.0
2022-06-22,2,키움,69,41,27,1,0.603,2.5,2022,6,22.0,6.0,0.0,4.0,16.0,1.0,18.0,25.0,0.0,9.0
2022-06-22,3,LG,69,40,28,1,0.588,3.5,2022,6,22.0,7.0,0.0,3.0,19.0,0.0,19.0,21.0,1.0,9.0
2022-06-22,4,KIA,67,35,31,1,0.53,7.5,2022,6,22.0,4.0,0.0,6.0,16.0,0.0,19.0,19.0,1.0,12.0
2022-06-22,5,KT,69,33,34,2,0.493,10.0,2022,6,22.0,6.0,0.0,4.0,13.0,1.0,19.0,20.0,1.0,15.0
2022-06-22,6,삼성,68,32,36,0,0.471,11.5,2022,6,22.0,4.0,0.0,6.0,13.0,0.0,20.0,19.0,0.0,16.0
2022-06-22,7,두산,67,31,35,1,0.47,11.5,2022,6,22.0,4.0,0.0,6.0,12.0,1.0,19.0,19.0,0.0,16.0
2022-06-22,8,롯데,67,30,35,2,0.462,12.0,2022,6,22.0,5.0,0.0,5.0,11.0,2.0,23.0,19.0,0.0,12.0
2022-06-22,9,NC,68,27,39,2,0.409,15.5,2022,6,22.0,6.0,1.0,3.0,14.0,2.0,20.0,13.0,0.0,19.0
2022-06-22,10,한화,68,22,45,1,0.328,21.0,2022,6,22.0,0.0,1.0,9.0,12.0,0.0,19.0,10.0,1.0,26.0
2022-06-23,1,SSG,70,43,24,3,0.642,0.0,2022,6,23.0,6.0,0.0,4.0,23.0,0.0,9.0,20.0,3.0,15.0
2022-06-23,2,키움,70,42,27,1,0.609,2.0,2022,6,23.0,7.0,0.0,3.0,16.0,1.0,18.0,26.0,0.0,9.0
2022-06-23,3,LG,69,40,28,1,0.588,3.5,2022,6,23.0,7.0,0.0,3.0,19.0,0.0,19.0,21.0,1.0,9.0
2022-06-23,4,KIA,68,36,31,1,0.537,7.0,2022,6,23.0,5.0,0.0,5.0,17.0,0.0,19.0,19.0,1.0,12.0
2022-06-23,5,KT,69,33,34,2,0.493,10.0,2022,6,23.0,6.0,0.0,4.0,13.0,1.0,19.0,20.0,1.0,15.0
2022-06-23,6,두산,67,31,35,1,0.47,11.5,2022,6,23.0,4.0,0.0,6.0,12.0,1.0,19.0,19.0,0.0,16.0
2022-06-23,7,삼성,69,32,37,0,0.464,12.0,2022,6,23.0,4.0,0.0,6.0,13.0,0.0,21.0,19.0,0.0,16.0
2022-06-23,8,롯데,68,30,36,2,0.455,12.5,2022,6,23.0,5.0,0.0,5.0,11.0,2.0,23.0,19.0,0.0,13.0
2022-06-23,9,NC,68,27,39,2,0.409,15.5,2022,6,23.0,6.0,1.0,3.0,14.0,2.0,20.0,13.0,0.0,19.0
2022-06-23,10,한화,68,22,45,1,0.328,21.0,2022,6,23.0,0.0,1.0,9.0,12.0,0.0,19.0,10.0,1.0,26.0
2022-06-24,1,SSG,71,44,24,3,0.647,0.0,2022,6,24.0,6.0,0.0,4.0,24.0,0.0,9.0,20.0,3.0,15.0
2022-06-24,2,키움,71,42,28,1,0.6,3.0,2022,6,24.0,6.0,0.0,4.0,16.0,1.0,18.0,26.0,0.0,10.0
2022-06-24,3,LG,70,40,29,1,0.58,4.5,2022,6,24.0,7.0,0.0,3.0,19.0,0.0,19.0,21.0,1.0,10.0
2022-06-24,4,KIA,69,37,31,1,0.544,7.0,2022,6,24.0,5.0,0.0,5.0,17.0,0.0,19.0,20.0,1.0,12.0
2022-06-24,5,KT,70,34,34,2,0.5,10.0,2022,6,24.0,6.0,0.0,4.0,14.0,1.0,19.0,20.0,1.0,15.0
2022-06-24,6,두산,68,31,36,1,0.463,12.5,2022,6,24.0,3.0,0.0,7.0,12.0,1.0,20.0,19.0,0.0,16.0
2022-06-24,6,롯데,69,31,36,2,0.463,12.5,2022,6,24.0,6.0,0.0,4.0,12.0,2.0,23.0,19.0,0.0,13.0
2022-06-24,8,삼성,70,32,38,0,0.457,13.0,2022,6,24.0,3.0,0.0,7.0,13.0,0.0,21.0,19.0,0.0,17.0
2022-06-24,9,NC,69,27,40,2,0.403,16.5,2022,6,24.0,5.0,1.0,4.0,14.0,2.0,20.0,13.0,0.0,20.0
2022-06-24,10,한화,69,23,45,1,0.338,21.0,2022,6,24.0,1.0,1.0,8.0,13.0,0.0,19.0,10.0,1.0,26.0
2022-06-25,1,SSG,72,45,24,3,0.652,0.0,2022,6,25.0,6.0,0.0,4.0,25.0,0.0,9.0,20.0,3.0,15.0
2022-06-25,2,키움,72,43,28,1,0.606,3.0,2022,6,25.0,6.0,0.0,4.0,16.0,1.0,18.0,27.0,0.0,10.0
2022-06-25,3,LG,71,41,29,1,0.586,4.5,2022,6,25.0,7.0,0.0,3.0,19.0,0.0,19.0,22.0,1.0,10.0
2022-06-25,4,KIA,70,38,31,1,0.551,7.0,2022,6,25.0,6.0,0.0,4.0,17.0,0.0,19.0,21.0,1.0,12.0
2022-06-25,5,KT,71,34,35,2,0.493,11.0,2022,6,25.0,6.0,0.0,4.0,14.0,1.0,20.0,20.0,1.0,15.0
2022-06-25,6,삼성,71,33,38,0,0.465,13.0,2022,6,25.0,4.0,0.0,6.0,13.0,0.0,21.0,20.0,0.0,17.0
2022-06-25,7,두산,69,31,37,1,0.456,13.5,2022,6,25.0,3.0,0.0,7.0,12.0,1.0,21.0,19.0,0.0,16.0
2022-06-25,7,롯데,70,31,37,2,0.456,13.5,2022,6,25.0,5.0,0.0,5.0,12.0,2.0,24.0,19.0,0.0,13.0
2022-06-25,9,NC,70,27,41,2,0.397,17.5,2022,6,25.0,4.0,1.0,5.0,14.0,2.0,20.0,13.0,0.0,21.0
2022-06-25,10,한화,70,23,46,1,0.333,22.0,2022,6,25.0,1.0,1.0,8.0,13.0,0.0,20.0,10.0,1.0,26.0
2022-06-26,1,SSG,73,46,24,3,0.657,0.0,2022,6,26.0,7.0,0.0,3.0,26.0,0.0,9.0,20.0,3.0,15.0
2022-06-26,2,키움,73,44,28,1,0.611,3.0,2022,6,26.0,7.0,0.0,3.0,16.0,1.0,18.0,28.0,0.0,10.0
2022-06-26,3,LG,72,42,29,1,0.592,4.5,2022,6,26.0,7.0,0.0,3.0,19.0,0.0,19.0,23.0,1.0,10.0
2022-06-26,4,KIA,71,38,32,1,0.543,8.0,2022,6,26.0,6.0,0.0,4.0,17.0,0.0,19.0,21.0,1.0,13.0
2022-06-26,5,KT,72,34,36,2,0.486,12.0,2022,6,26.0,5.0,0.0,5.0,14.0,1.0,21.0,20.0,1.0,15.0
2022-06-26,6,삼성,72,34,38,0,0.472,13.0,2022,6,26.0,4.0,0.0,6.0,13.0,0.0,21.0,21.0,0.0,17.0
2022-06-26,7,두산,70,32,37,1,0.464,13.5,2022,6,26.0,4.0,0.0,6.0,13.0,1.0,21.0,19.0,0.0,16.0
2022-06-26,8,롯데,71,31,38,2,0.449,14.5,2022,6,26.0,4.0,0.0,6.0,12.0,2.0,25.0,19.0,0.0,13.0
2022-06-26,9,NC,71,27,42,2,0.391,18.5,2022,6,26.0,4.0,1.0,5.0,14.0,2.0,20.0,13.0,0.0,22.0
2022-06-26,10,한화,71,23,47,1,0.329,23.0,2022,6,26.0,1.0,1.0,8.0,13.0,0.0,21.0,10.0,1.0,26.0
2022-06-28,1,SSG,74,46,25,3,0.648,0.0,2022,6,28.0,7.0,0.0,3.0,26.0,0.0,9.0,20.0,3.0,16.0
2022-06-28,2,키움,74,45,28,1,0.616,2.0,2022,6,28.0,7.0,0.0,3.0,17.0,1.0,18.0,28.0,0.0,10.0
2022-06-28,3,LG,73,43,29,1,0.597,3.5,2022,6,28.0,8.0,0.0,2.0,20.0,0.0,19.0,23.0,1.0,10.0
2022-06-28,4,KIA,72,38,33,1,0.535,8.0,2022,6,28.0,5.0,0.0,5.0,17.0,0.0,19.0,21.0,1.0,14.0
2022-06-28,5,KT,73,35,36,2,0.493,11.0,2022,6,28.0,5.0,0.0,5.0,14.0,1.0,21.0,21.0,1.0,15.0
2022-06-28,6,삼성,73,34,39,0,0.466,13.0,2022,6,28.0,4.0,0.0,6.0,13.0,0.0,22.0,21.0,0.0,17.0
2022-06-28,7,두산,71,32,37,2,0.464,13.0,2022,6,28.0,3.0,1.0,6.0,13.0,1.0,21.0,19.0,1.0,16.0
2022-06-28,8,롯데,72,31,38,3,0.449,14.0,2022,6,28.0,3.0,1.0,6.0,12.0,3.0,25.0,19.0,0.0,13.0
2022-06-28,9,NC,72,27,43,2,0.386,18.5,2022,6,28.0,3.0,1.0,6.0,14.0,2.0,20.0,13.0,0.0,23.0
2022-06-28,10,한화,72,24,47,1,0.338,22.0,2022,6,28.0,2.0,1.0,7.0,14.0,0.0,21.0,10.0,1.0,26.0
2022-06-29,1,SSG,75,47,25,3,0.653,0.0,2022,6,29.0,7.0,0.0,3.0,26.0,0.0,9.0,21.0,3.0,16.0
2022-06-29,2,키움,75,46,28,1,0.622,2.0,2022,6,29.0,8.0,0.0,2.0,18.0,1.0,18.0,28.0,0.0,10.0
2022-06-29,3,LG,73,43,29,1,0.597,4.0,2022,6,29.0,8.0,0.0,2.0,20.0,0.0,19.0,23.0,1.0,10.0
2022-06-29,4,KIA,73,38,34,1,0.528,9.0,2022,6,29.0,4.0,0.0,6.0,17.0,0.0,19.0,21.0,1.0,15.0
2022-06-29,5,KT,74,35,37,2,0.486,12.0,2022,6,29.0,5.0,0.0,5.0,14.0,1.0,21.0,21.0,1.0,16.0
2022-06-29,6,삼성,74,35,39,0,0.473,13.0,2022,6,29.0,5.0,0.0,5.0,14.0,0.0,22.0,21.0,0.0,17.0
2022-06-29,7,두산,71,32,37,2,0.464,13.5,2022,6,29.0,3.0,1.0,6.0,13.0,1.0,21.0,19.0,1.0,16.0
2022-06-29,8,롯데,72,31,38,3,0.449,14.5,2022,6,29.0,3.0,1.0,6.0,12.0,3.0,25.0,19.0,0.0,13.0
2022-06-29,9,NC,72,27,43,2,0.386,19.0,2022,6,29.0,3.0,1.0,6.0,14.0,2.0,20.0,13.0,0.0,23.0
2022-06-29,10,한화,73,24,48,1,0.333,23.0,2022,6,29.0,2.0,1.0,7.0,14.0,0.0,22.0,10.0,1.0,26.0
2022-06-30,1,SSG,75,47,25,3,0.653,0.0,2022,6,30.0,7.0,0.0,3.0,26.0,0.0,9.0,21.0,3.0,16.0
2022-06-30,2,키움,76,47,28,1,0.627,1.5,2022,6,30.0,8.0,0.0,2.0,19.0,1.0,18.0,28.0,0.0,10.0
2022-06-30,3,LG,73,43,29,1,0.597,4.0,2022,6,30.0,8.0,0.0,2.0,20.0,0.0,19.0,23.0,1.0,10.0
2022-06-30,4,KIA,74,38,35,1,0.521,9.5,2022,6,30.0,4.0,0.0,6.0,17.0,0.0,19.0,21.0,1.0,16.0
2022-06-30,5,KT,75,36,37,2,0.493,11.5,2022,6,30.0,5.0,0.0,5.0,14.0,1.0,21.0,22.0,1.0,16.0
2022-06-30,6,삼성,75,35,40,0,0.467,13.5,2022,6,30.0,4.0,0.0,6.0,14.0,0.0,23.0,21.0,0.0,17.0
2022-06-30,7,두산,72,32,38,2,0.457,14.0,2022,6,30.0,3.0,1.0,6.0,13.0,1.0,21.0,19.0,1.0,17.0
2022-06-30,7,롯데,73,32,38,3,0.457,14.0,2022,6,30.0,4.0,1.0,5.0,13.0,3.0,25.0,19.0,0.0,13.0
2022-06-30,9,NC,72,27,43,2,0.386,19.0,2022,6,30.0,3.0,1.0,6.0,14.0,2.0,20.0,13.0,0.0,23.0
2022-06-30,10,한화,73,24,48,1,0.333,23.0,2022,6,30.0,2.0,1.0,7.0,14.0,0.0,22.0,10.0,1.0,26.0
2022-07-01,1,SSG,76,48,25,3,0.658,0.0,2022,7,1.0,7.0,0.0,3.0,27.0,0.0,9.0,21.0,3.0,16.0
2022-07-01,2,키움,77,48,28,1,0.632,1.5,2022,7,1.0,9.0,0.0,1.0,20.0,1.0,18.0,28.0,0.0,10.0
2022-07-01,3,LG,74,44,29,1,0.603,4.0,2022,7,1.0,8.0,0.0,2.0,21.0,0.0,19.0,23.0,1.0,10.0
2022-07-01,4,KIA,75,38,36,1,0.514,10.5,2022,7,1.0,4.0,0.0,6.0,17.0,0.0,19.0,21.0,1.0,17.0
2022-07-01,5,KT,76,37,37,2,0.5,11.5,2022,7,1.0,6.0,0.0,4.0,15.0,1.0,21.0,22.0,1.0,16.0
2022-07-01,6,삼성,75,35,40,0,0.467,14.0,2022,7,1.0,4.0,0.0,6.0,14.0,0.0,23.0,21.0,0.0,17.0
2022-07-01,7,두산,73,32,39,2,0.451,15.0,2022,7,1.0,3.0,1.0,6.0,13.0,1.0,21.0,19.0,1.0,18.0
2022-07-01,7,롯데,74,32,39,3,0.451,15.0,2022,7,1.0,4.0,1.0,5.0,13.0,3.0,25.0,19.0,0.0,14.0
2022-07-01,9,NC,72,27,43,2,0.386,19.5,2022,7,1.0,3.0,1.0,6.0,14.0,2.0,20.0,13.0,0.0,23.0
2022-07-01,10,한화,74,24,49,1,0.329,24.0,2022,7,1.0,2.0,0.0,8.0,14.0,0.0,22.0,10.0,1.0,27.0
2022-07-02,1,SSG,77,49,25,3,0.662,0.0,2022,7,2.0,7.0,0.0,3.0,28.0,0.0,9.0,21.0,3.0,16.0
2022-07-02,2,키움,78,49,28,1,0.636,1.5,2022,7,2.0,9.0,0.0,1.0,21.0,1.0,18.0,28.0,0.0,10.0
2022-07-02,3,LG,75,44,30,1,0.595,5.0,2022,7,2.0,7.0,0.0,3.0,21.0,0.0,20.0,23.0,1.0,10.0
2022-07-02,4,KT,77,38,37,2,0.507,11.5,2022,7,2.0,6.0,0.0,4.0,16.0,1.0,21.0,22.0,1.0,16.0
2022-07-02,4,KIA,76,38,37,1,0.507,11.5,2022,7,2.0,3.0,0.0,7.0,17.0,0.0,19.0,21.0,1.0,18.0
2022-07-02,6,삼성,76,35,41,0,0.461,15.0,2022,7,2.0,3.0,0.0,7.0,14.0,0.0,23.0,21.0,0.0,18.0
2022-07-02,7,롯데,75,33,39,3,0.458,15.0,2022,7,2.0,4.0,1.0,5.0,13.0,3.0,25.0,20.0,0.0,14.0
2022-07-02,8,두산,74,32,40,2,0.444,16.0,2022,7,2.0,2.0,1.0,7.0,13.0,1.0,21.0,19.0,1.0,19.0
2022-07-02,9,NC,73,28,43,2,0.394,19.5,2022,7,2.0,4.0,1.0,5.0,15.0,2.0,20.0,13.0,0.0,23.0
2022-07-02,10,한화,75,24,50,1,0.324,25.0,2022,7,2.0,2.0,0.0,8.0,14.0,0.0,22.0,10.0,1.0,28.0
2022-07-03,1,SSG,78,50,25,3,0.667,0.0,2022,7,3.0,8.0,0.0,2.0,29.0,0.0,9.0,21.0,3.0,16.0
2022-07-03,2,키움,79,50,28,1,0.641,1.5,2022,7,3.0,9.0,0.0,1.0,22.0,1.0,18.0,28.0,0.0,10.0
2022-07-03,3,LG,76,45,30,1,0.6,5.0,2022,7,3.0,8.0,0.0,2.0,22.0,0.0,20.0,23.0,1.0,10.0
2022-07-03,4,KT,78,39,37,2,0.513,11.5,2022,7,3.0,6.0,0.0,4.0,17.0,1.0,21.0,22.0,1.0,16.0
2022-07-03,5,KIA,77,38,38,1,0.5,12.5,2022,7,3.0,3.0,0.0,7.0,17.0,0.0,19.0,21.0,1.0,19.0
2022-07-03,6,삼성,77,35,42,0,0.455,16.0,2022,7,3.0,3.0,0.0,7.0,14.0,0.0,23.0,21.0,0.0,19.0
2022-07-03,7,롯데,76,33,40,3,0.452,16.0,2022,7,3.0,4.0,1.0,5.0,13.0,3.0,25.0,20.0,0.0,15.0
2022-07-03,8,두산,75,32,41,2,0.438,17.0,2022,7,3.0,2.0,1.0,7.0,13.0,1.0,21.0,19.0,1.0,20.0
2022-07-03,9,NC,74,29,43,2,0.403,19.5,2022,7,3.0,5.0,0.0,5.0,16.0,2.0,20.0,13.0,0.0,23.0
2022-07-03,10,한화,76,24,51,1,0.32,26.0,2022,7,3.0,2.0,0.0,8.0,14.0,0.0,22.0,10.0,1.0,29.0
2022-07-05,1,SSG,79,51,25,3,0.671,0.0,2022,7,5.0,9.0,0.0,1.0,30.0,0.0,9.0,21.0,3.0,16.0
2022-07-05,2,키움,80,51,28,1,0.646,1.5,2022,7,5.0,9.0,0.0,1.0,22.0,1.0,18.0,29.0,0.0,10.0
2022-07-05,3,LG,77,46,30,1,0.605,5.0,2022,7,5.0,8.0,0.0,2.0,22.0,0.0,20.0,24.0,1.0,10.0
2022-07-05,4,KT,78,39,37,2,0.513,12.0,2022,7,5.0,6.0,0.0,4.0,17.0,1.0,21.0,22.0,1.0,16.0
2022-07-05,5,KIA,77,38,38,1,0.5,13.0,2022,7,5.0,3.0,0.0,7.0,17.0,0.0,19.0,21.0,1.0,19.0
2022-07-05,6,삼성,78,35,43,0,0.449,17.0,2022,7,5.0,3.0,0.0,7.0,14.0,0.0,24.0,21.0,0.0,19.0
2022-07-05,7,롯데,77,33,41,3,0.446,17.0,2022,7,5.0,3.0,1.0,6.0,13.0,3.0,25.0,20.0,0.0,16.0
2022-07-05,8,두산,76,32,42,2,0.432,18.0,2022,7,5.0,1.0,1.0,8.0,13.0,1.0,22.0,19.0,1.0,20.0
2022-07-05,9,NC,75,30,43,2,0.411,19.5,2022,7,5.0,5.0,0.0,5.0,16.0,2.0,20.0,14.0,0.0,23.0
2022-07-05,10,한화,77,24,52,1,0.316,27.0,2022,7,5.0,2.0,0.0,8.0,14.0,0.0,23.0,10.0,1.0,29.0
2022-07-06,1,SSG,80,51,26,3,0.662,0.0,2022,7,6.0,8.0,0.0,2.0,30.0,0.0,10.0,21.0,3.0,16.0
2022-07-06,2,키움,81,51,29,1,0.638,1.5,2022,7,6.0,9.0,0.0,1.0,22.0,1.0,18.0,29.0,0.0,11.0
2022-07-06,3,LG,78,47,30,1,0.61,4.0,2022,7,6.0,8.0,0.0,2.0,22.0,0.0,20.0,25.0,1.0,10.0
2022-07-06,4,KT,79,40,37,2,0.519,11.0,2022,7,6.0,7.0,0.0,3.0,17.0,1.0,21.0,23.0,1.0,16.0
2022-07-06,5,KIA,78,38,39,1,0.494,13.0,2022,7,6.0,2.0,0.0,8.0,17.0,0.0,20.0,21.0,1.0,19.0
2022-07-06,6,롯데,78,34,41,3,0.453,16.0,2022,7,6.0,4.0,1.0,5.0,13.0,3.0,25.0,21.0,0.0,16.0
2022-07-06,7,삼성,79,35,44,0,0.443,17.0,2022,7,6.0,3.0,0.0,7.0,14.0,0.0,25.0,21.0,0.0,19.0
2022-07-06,8,두산,77,33,42,2,0.44,17.0,2022,7,6.0,2.0,1.0,7.0,14.0,1.0,22.0,19.0,1.0,20.0
2022-07-06,9,NC,76,31,43,2,0.419,18.5,2022,7,6.0,5.0,0.0,5.0,16.0,2.0,20.0,15.0,0.0,23.0
2022-07-06,10,한화,78,24,53,1,0.312,27.0,2022,7,6.0,2.0,0.0,8.0,14.0,0.0,24.0,10.0,1.0,29.0
2022-07-07,1,SSG,81,52,26,3,0.667,0.0,2022,7,7.0,8.0,0.0,2.0,31.0,0.0,10.0,21.0,3.0,16.0
2022-07-07,2,키움,82,51,30,1,0.63,2.5,2022,7,7.0,8.0,0.0,2.0,22.0,1.0,18.0,29.0,0.0,12.0
2022-07-07,3,LG,79,48,30,1,0.615,4.0,2022,7,7.0,8.0,0.0,2.0,22.0,0.0,20.0,26.0,1.0,10.0
2022-07-07,4,KT,79,40,37,2,0.519,11.5,2022,7,7.0,7.0,0.0,3.0,17.0,1.0,21.0,23.0,1.0,16.0
2022-07-07,5,KIA,78,38,39,1,0.494,13.5,2022,7,7.0,2.0,0.0,8.0,17.0,0.0,20.0,21.0,1.0,19.0
2022-07-07,6,두산,78,34,42,2,0.447,17.0,2022,7,7.0,3.0,1.0,6.0,15.0,1.0,22.0,19.0,1.0,20.0
2022-07-07,6,롯데,79,34,42,3,0.447,17.0,2022,7,7.0,3.0,1.0,6.0,13.0,3.0,25.0,21.0,0.0,17.0
2022-07-07,8,삼성,80,35,45,0,0.438,18.0,2022,7,7.0,3.0,0.0,7.0,14.0,0.0,26.0,21.0,0.0,19.0
2022-07-07,9,NC,77,31,44,2,0.413,19.5,2022,7,7.0,5.0,0.0,5.0,16.0,2.0,20.0,15.0,0.0,24.0
2022-07-07,10,한화,79,25,53,1,0.321,27.0,2022,7,7.0,2.0,0.0,8.0,15.0,0.0,24.0,10.0,1.0,29.0
2022-07-08,1,SSG,82,53,26,3,0.671,0.0,2022,7,8.0,8.0,0.0,2.0,31.0,0.0,10.0,22.0,3.0,16.0
2022-07-08,2,키움,83,52,30,1,0.634,2.5,2022,7,8.0,8.0,0.0,2.0,23.0,1.0,18.0,29.0,0.0,12.0
2022-07-08,3,LG,80,49,30,1,0.62,4.0,2022,7,8.0,9.0,0.0,1.0,22.0,0.0,20.0,27.0,1.0,10.0
2022-07-08,4,KT,80,41,37,2,0.526,11.5,2022,7,8.0,7.0,0.0,3.0,18.0,1.0,21.0,23.0,1.0,16.0
2022-07-08,5,KIA,79,39,39,1,0.5,13.5,2022,7,8.0,2.0,0.0,8.0,18.0,0.0,20.0,21.0,1.0,19.0
2022-07-08,6,두산,79,34,43,2,0.442,18.0,2022,7,8.0,3.0,1.0,6.0,15.0,1.0,23.0,19.0,1.0,20.0
2022-07-08,6,롯데,80,34,43,3,0.442,18.0,2022,7,8.0,3.0,1.0,6.0,13.0,3.0,25.0,21.0,0.0,18.0
2022-07-08,8,삼성,81,35,46,0,0.432,19.0,2022,7,8.0,2.0,0.0,8.0,14.0,0.0,27.0,21.0,0.0,19.0
2022-07-08,9,NC,78,31,45,2,0.408,20.5,2022,7,8.0,4.0,0.0,6.0,16.0,2.0,20.0,15.0,0.0,25.0
2022-07-08,10,한화,80,25,54,1,0.316,28.0,2022,7,8.0,2.0,0.0,8.0,15.0,0.0,24.0,10.0,1.0,30.0
2022-07-09,1,SSG,83,54,26,3,0.675,0.0,2022,7,9.0,8.0,0.0,2.0,31.0,0.0,10.0,23.0,3.0,16.0
2022-07-09,2,키움,84,53,30,1,0.639,2.5,2022,7,9.0,8.0,0.0,2.0,24.0,1.0,18.0,29.0,0.0,12.0
2022-07-09,3,LG,81,50,30,1,0.625,4.0,2022,7,9.0,9.0,0.0,1.0,22.0,0.0,20.0,28.0,1.0,10.0
2022-07-09,4,KT,81,42,37,2,0.532,11.5,2022,7,9.0,8.0,0.0,2.0,19.0,1.0,21.0,23.0,1.0,16.0
2022-07-09,5,KIA,80,40,39,1,0.506,13.5,2022,7,9.0,2.0,0.0,8.0,19.0,0.0,20.0,21.0,1.0,19.0
2022-07-09,6,두산,80,34,44,2,0.436,19.0,2022,7,9.0,2.0,1.0,7.0,15.0,1.0,24.0,19.0,1.0,20.0
2022-07-09,6,롯데,81,34,44,3,0.436,19.0,2022,7,9.0,3.0,1.0,6.0,13.0,3.0,25.0,21.0,0.0,19.0
2022-07-09,8,삼성,82,35,47,0,0.427,20.0,2022,7,9.0,1.0,0.0,9.0,14.0,0.0,28.0,21.0,0.0,19.0
2022-07-09,9,NC,79,31,46,2,0.403,21.5,2022,7,9.0,4.0,0.0,6.0,16.0,2.0,20.0,15.0,0.0,26.0
2022-07-09,10,한화,81,25,55,1,0.313,29.0,2022,7,9.0,2.0,0.0,8.0,15.0,0.0,24.0,10.0,1.0,31.0
2022-07-10,1,SSG,84,55,26,3,0.679,0.0,2022,7,10.0,9.0,0.0,1.0,31.0,0.0,10.0,24.0,3.0,16.0
2022-07-10,2,키움,85,54,30,1,0.643,2.5,2022,7,10.0,8.0,0.0,2.0,25.0,1.0,18.0,29.0,0.0,12.0
2022-07-10,3,LG,82,51,30,1,0.63,4.0,2022,7,10.0,9.0,0.0,1.0,22.0,0.0,20.0,29.0,1.0,10.0
2022-07-10,4,KT,82,42,38,2,0.525,12.5,2022,7,10.0,8.0,0.0,2.0,19.0,1.0,22.0,23.0,1.0,16.0
2022-07-10,5,KIA,81,41,39,1,0.513,13.5,2022,7,10.0,3.0,0.0,7.0,20.0,0.0,20.0,21.0,1.0,19.0
2022-07-10,6,롯데,82,35,44,3,0.443,19.0,2022,7,10.0,4.0,0.0,6.0,13.0,3.0,25.0,22.0,0.0,19.0
2022-07-10,7,두산,81,34,45,2,0.43,20.0,2022,7,10.0,2.0,0.0,8.0,15.0,1.0,25.0,19.0,1.0,20.0
2022-07-10,8,삼성,83,35,48,0,0.422,21.0,2022,7,10.0,1.0,0.0,9.0,14.0,0.0,29.0,21.0,0.0,19.0
2022-07-10,9,NC,80,31,47,2,0.397,22.5,2022,7,10.0,4.0,0.0,6.0,16.0,2.0,20.0,15.0,0.0,27.0
2022-07-10,10,한화,82,25,56,1,0.309,30.0,2022,7,10.0,1.0,0.0,9.0,15.0,0.0,24.0,10.0,1.0,32.0
2022-07-12,1,SSG,85,56,26,3,0.683,0.0,2022,7,12.0,9.0,0.0,1.0,32.0,0.0,10.0,24.0,3.0,16.0
2022-07-12,2,키움,86,54,31,1,0.635,3.5,2022,7,12.0,7.0,0.0,3.0,25.0,1.0,18.0,29.0,0.0,13.0
2022-07-12,3,LG,83,51,31,1,0.622,5.0,2022,7,12.0,8.0,0.0,2.0,22.0,0.0,21.0,29.0,1.0,10.0
2022-07-12,4,KT,83,43,38,2,0.531,12.5,2022,7,12.0,8.0,0.0,2.0,20.0,1.0,22.0,23.0,1.0,16.0
2022-07-12,5,KIA,82,42,39,1,0.519,13.5,2022,7,12.0,4.0,0.0,6.0,20.0,0.0,20.0,22.0,1.0,19.0
2022-07-12,6,롯데,83,36,44,3,0.45,19.0,2022,7,12.0,4.0,0.0,6.0,14.0,3.0,25.0,22.0,0.0,19.0
2022-07-12,7,두산,82,35,45,2,0.438,20.0,2022,7,12.0,3.0,0.0,7.0,15.0,1.0,25.0,20.0,1.0,20.0
2022-07-12,8,삼성,84,35,49,0,0.417,22.0,2022,7,12.0,0.0,0.0,10.0,14.0,0.0,29.0,21.0,0.0,20.0
2022-07-12,9,NC,81,31,48,2,0.392,23.5,2022,7,12.0,4.0,0.0,6.0,16.0,2.0,21.0,15.0,0.0,27.0
2022-07-12,10,한화,83,25,57,1,0.305,31.0,2022,7,12.0,1.0,0.0,9.0,15.0,0.0,24.0,10.0,1.0,33.0
2022-07-13,1,SSG,85,56,26,3,0.683,0.0,2022,7,13.0,9.0,0.0,1.0,32.0,0.0,10.0,24.0,3.0,16.0
2022-07-13,2,키움,86,54,31,1,0.635,3.5,2022,7,13.0,7.0,0.0,3.0,25.0,1.0,18.0,29.0,0.0,13.0
2022-07-13,3,LG,83,51,31,1,0.622,5.0,2022,7,13.0,8.0,0.0,2.0,22.0,0.0,21.0,29.0,1.0,10.0
2022-07-13,4,KT,83,43,38,2,0.531,12.5,2022,7,13.0,8.0,0.0,2.0,20.0,1.0,22.0,23.0,1.0,16.0
2022-07-13,5,KIA,82,42,39,1,0.519,13.5,2022,7,13.0,4.0,0.0,6.0,20.0,0.0,20.0,22.0,1.0,19.0
2022-07-13,6,롯데,84,37,44,3,0.457,18.5,2022,7,13.0,5.0,0.0,5.0,15.0,3.0,25.0,22.0,0.0,19.0
2022-07-13,7,두산,83,35,46,2,0.432,20.5,2022,7,13.0,3.0,0.0,7.0,15.0,1.0,25.0,20.0,1.0,21.0
2022-07-13,8,삼성,84,35,49,0,0.417,22.0,2022,7,13.0,0.0,0.0,10.0,14.0,0.0,29.0,21.0,0.0,20.0
2022-07-13,9,NC,82,32,48,2,0.4,23.0,2022,7,13.0,5.0,0.0,5.0,17.0,2.0,21.0,15.0,0.0,27.0
2022-07-13,10,한화,84,25,58,1,0.301,31.5,2022,7,13.0,1.0,0.0,9.0,15.0,0.0,24.0,10.0,1.0,34.0
2022-07-14,1,SSG,86,57,26,3,0.687,0.0,2022,7,14.0,9.0,0.0,1.0,33.0,0.0,10.0,24.0,3.0,16.0
2022-07-14,2,키움,87,54,32,1,0.628,4.5,2022,7,14.0,6.0,0.0,4.0,25.0,1.0,18.0,29.0,0.0,14.0
2022-07-14,3,LG,84,52,31,1,0.627,5.0,2022,7,14.0,8.0,0.0,2.0,23.0,0.0,21.0,29.0,1.0,10.0
2022-07-14,4,KT,84,44,38,2,0.537,12.5,2022,7,14.0,9.0,0.0,1.0,21.0,1.0,22.0,23.0,1.0,16.0
2022-07-14,5,KIA,83,42,40,1,0.512,14.5,2022,7,14.0,4.0,0.0,6.0,20.0,0.0,20.0,22.0,1.0,20.0
2022-07-14,6,롯데,85,38,44,3,0.463,18.5,2022,7,14.0,5.0,0.0,5.0,16.0,3.0,25.0,22.0,0.0,19.0
2022-07-14,7,두산,84,36,46,2,0.439,20.5,2022,7,14.0,4.0,0.0,6.0,15.0,1.0,25.0,21.0,1.0,21.0
2022-07-14,8,삼성,85,35,50,0,0.412,23.0,2022,7,14.0,0.0,0.0,10.0,14.0,0.0,29.0,21.0,0.0,21.0
2022-07-14,9,NC,83,32,49,2,0.395,24.0,2022,7,14.0,4.0,0.0,6.0,17.0,2.0,22.0,15.0,0.0,27.0
2022-07-14,10,한화,85,25,59,1,0.298,32.5,2022,7,14.0,1.0,0.0,9.0,15.0,0.0,24.0,10.0,1.0,35.0
2022-07-22,1,SSG,87,58,26,3,0.69,0.0,2022,7,22.0,9.0,0.0,1.0,33.0,0.0,10.0,25.0,3.0,16.0
2022-07-22,2,키움,88,55,32,1,0.632,4.5,2022,7,22.0,6.0,0.0,4.0,26.0,1.0,18.0,29.0,0.0,14.0
2022-07-22,3,LG,85,52,32,1,0.619,6.0,2022,7,22.0,8.0,0.0,2.0,23.0,0.0,21.0,29.0,1.0,11.0
2022-07-22,4,KT,85,44,39,2,0.53,13.5,2022,7,22.0,8.0,0.0,2.0,21.0,1.0,22.0,23.0,1.0,17.0
2022-07-22,5,KIA,84,43,40,1,0.518,14.5,2022,7,22.0,5.0,0.0,5.0,20.0,0.0,20.0,23.0,1.0,20.0
2022-07-22,6,롯데,86,38,45,3,0.458,19.5,2022,7,22.0,5.0,0.0,5.0,16.0,3.0,26.0,22.0,0.0,19.0
2022-07-22,7,두산,85,36,47,2,0.434,21.5,2022,7,22.0,4.0,0.0,6.0,15.0,1.0,26.0,21.0,1.0,21.0
2022-07-22,8,삼성,86,35,51,0,0.407,24.0,2022,7,22.0,0.0,0.0,10.0,14.0,0.0,29.0,21.0,0.0,22.0
2022-07-22,9,NC,84,33,49,2,0.402,24.0,2022,7,22.0,4.0,0.0,6.0,18.0,2.0,22.0,15.0,0.0,27.0
2022-07-22,10,한화,86,26,59,1,0.306,32.5,2022,7,22.0,2.0,0.0,8.0,16.0,0.0,24.0,10.0,1.0,35.0
2022-07-23,1,SSG,87,58,26,3,0.69,0.0,2022,7,23.0,9.0,0.0,1.0,33.0,0.0,10.0,25.0,3.0,16.0
2022-07-23,2,키움,89,56,32,1,0.636,4.0,2022,7,23.0,6.0,0.0,4.0,27.0,1.0,18.0,29.0,0.0,14.0
2022-07-23,3,LG,86,53,32,1,0.624,5.5,2022,7,23.0,8.0,0.0,2.0,23.0,0.0,21.0,30.0,1.0,11.0
2022-07-23,4,KT,86,45,39,2,0.536,13.0,2022,7,23.0,8.0,0.0,2.0,21.0,1.0,22.0,24.0,1.0,17.0
2022-07-23,5,KIA,85,44,40,1,0.524,14.0,2022,7,23.0,6.0,0.0,4.0,20.0,0.0,20.0,24.0,1.0,20.0
2022-07-23,6,롯데,87,38,46,3,0.452,20.0,2022,7,23.0,5.0,0.0,5.0,16.0,3.0,27.0,22.0,0.0,19.0
2022-07-23,7,두산,85,36,47,2,0.434,21.5,2022,7,23.0,4.0,0.0,6.0,15.0,1.0,26.0,21.0,1.0,21.0
2022-07-23,8,삼성,87,35,52,0,0.402,24.5,2022,7,23.0,0.0,0.0,10.0,14.0,0.0,29.0,21.0,0.0,23.0
2022-07-23,9,NC,85,33,50,2,0.398,24.5,2022,7,23.0,3.0,0.0,7.0,18.0,2.0,23.0,15.0,0.0,27.0
2022-07-23,10,한화,87,26,60,1,0.302,33.0,2022,7,23.0,2.0,0.0,8.0,16.0,0.0,25.0,10.0,1.0,35.0
2022-07-24,1,SSG,88,59,26,3,0.694,0.0,2022,7,24.0,9.0,0.0,1.0,33.0,0.0,10.0,26.0,3.0,16.0
2022-07-24,2,키움,90,56,33,1,0.629,5.0,2022,7,24.0,5.0,0.0,5.0,27.0,1.0,19.0,29.0,0.0,14.0
2022-07-24,3,LG,87,53,33,1,0.616,6.5,2022,7,24.0,7.0,0.0,3.0,23.0,0.0,21.0,30.0,1.0,12.0
2022-07-24,4,KT,87,46,39,2,0.541,13.0,2022,7,24.0,8.0,0.0,2.0,21.0,1.0,22.0,25.0,1.0,17.0
2022-07-24,5,KIA,86,45,40,1,0.529,14.0,2022,7,24.0,7.0,0.0,3.0,20.0,0.0,20.0,25.0,1.0,20.0
2022-07-24,6,롯데,88,38,47,3,0.447,21.0,2022,7,24.0,4.0,0.0,6.0,16.0,3.0,28.0,22.0,0.0,19.0
2022-07-24,7,두산,86,36,48,2,0.429,22.5,2022,7,24.0,4.0,0.0,6.0,15.0,1.0,27.0,21.0,1.0,21.0
2022-07-24,8,삼성,88,36,52,0,0.409,24.5,2022,7,24.0,1.0,0.0,9.0,14.0,0.0,29.0,22.0,0.0,23.0
2022-07-24,9,NC,86,34,50,2,0.405,24.5,2022,7,24.0,3.0,0.0,7.0,19.0,2.0,23.0,15.0,0.0,27.0
2022-07-24,10,한화,88,26,61,1,0.299,34.0,2022,7,24.0,2.0,0.0,8.0,16.0,0.0,26.0,10.0,1.0,35.0
2022-07-26,1,SSG,89,59,27,3,0.686,0.0,2022,7,26.0,8.0,0.0,2.0,33.0,0.0,11.0,26.0,3.0,16.0
2022-07-26,2,키움,91,57,33,1,0.633,4.0,2022,7,26.0,6.0,0.0,4.0,27.0,1.0,19.0,30.0,0.0,14.0
2022-07-26,3,LG,88,54,33,1,0.621,5.5,2022,7,26.0,7.0,0.0,3.0,23.0,0.0,21.0,31.0,1.0,12.0
2022-07-26,4,KT,88,46,40,2,0.535,13.0,2022,7,26.0,7.0,0.0,3.0,21.0,1.0,23.0,25.0,1.0,17.0
2022-07-26,5,KIA,87,45,41,1,0.523,14.0,2022,7,26.0,7.0,0.0,3.0,20.0,0.0,21.0,25.0,1.0,20.0
2022-07-26,6,롯데,89,38,48,3,0.442,21.0,2022,7,26.0,4.0,0.0,6.0,16.0,3.0,28.0,22.0,0.0,20.0
2022-07-26,7,두산,87,37,48,2,0.435,21.5,2022,7,26.0,4.0,0.0,6.0,16.0,1.0,27.0,21.0,1.0,21.0
2022-07-26,8,NC,87,35,50,2,0.412,23.5,2022,7,26.0,4.0,0.0,6.0,19.0,2.0,23.0,16.0,0.0,27.0
2022-07-26,9,삼성,89,36,53,0,0.404,24.5,2022,7,26.0,1.0,0.0,9.0,14.0,0.0,30.0,22.0,0.0,23.0
2022-07-26,10,한화,89,27,61,1,0.307,33.0,2022,7,26.0,2.0,0.0,8.0,16.0,0.0,26.0,11.0,1.0,35.0
2022-07-27,1,SSG,90,60,27,3,0.69,0.0,2022,7,27.0,9.0,0.0,1.0,34.0,0.0,11.0,26.0,3.0,16.0
2022-07-27,2,키움,92,57,34,1,0.626,5.0,2022,7,27.0,6.0,0.0,4.0,27.0,1.0,19.0,30.0,0.0,15.0
2022-07-27,3,LG,89,54,34,1,0.614,6.5,2022,7,27.0,6.0,0.0,4.0,23.0,0.0,21.0,31.0,1.0,13.0
2022-07-27,4,KT,89,47,40,2,0.54,13.0,2022,7,27.0,7.0,0.0,3.0,22.0,1.0,23.0,25.0,1.0,17.0
2022-07-27,5,KIA,88,46,41,1,0.529,14.0,2022,7,27.0,8.0,0.0,2.0,21.0,0.0,21.0,25.0,1.0,20.0
2022-07-27,6,두산,88,38,48,2,0.442,21.5,2022,7,27.0,4.0,0.0,6.0,17.0,1.0,27.0,21.0,1.0,21.0
2022-07-27,7,롯데,90,38,49,3,0.437,22.0,2022,7,27.0,4.0,0.0,6.0,16.0,3.0,28.0,22.0,0.0,21.0
2022-07-27,8,삼성,90,37,53,0,0.411,24.5,2022,7,27.0,2.0,0.0,8.0,15.0,0.0,30.0,22.0,0.0,23.0
2022-07-27,9,NC,88,35,51,2,0.407,24.5,2022,7,27.0,4.0,0.0,6.0,19.0,2.0,23.0,16.0,0.0,28.0
2022-07-27,10,한화,90,27,62,1,0.303,34.0,2022,7,27.0,2.0,0.0,8.0,16.0,0.0,26.0,11.0,1.0,36.0
2022-07-28,1,SSG,91,61,27,3,0.693,0.0,2022,7,28.0,9.0,0.0,1.0,35.0,0.0,11.0,26.0,3.0,16.0
2022-07-28,2,키움,93,57,35,1,0.62,6.0,2022,7,28.0,5.0,0.0,5.0,27.0,1.0,19.0,30.0,0.0,16.0
2022-07-28,3,LG,90,54,35,1,0.607,7.5,2022,7,28.0,5.0,0.0,5.0,23.0,0.0,21.0,31.0,1.0,14.0
2022-07-28,4,KT,90,48,40,2,0.545,13.0,2022,7,28.0,7.0,0.0,3.0,23.0,1.0,23.0,25.0,1.0,17.0
2022-07-28,5,KIA,89,46,42,1,0.523,15.0,2022,7,28.0,7.0,0.0,3.0,21.0,0.0,22.0,25.0,1.0,20.0
2022-07-28,6,두산,89,39,48,2,0.448,21.5,2022,7,28.0,5.0,0.0,5.0,18.0,1.0,27.0,21.0,1.0,21.0
2022-07-28,7,롯데,91,38,50,3,0.432,23.0,2022,7,28.0,4.0,0.0,6.0,16.0,3.0,28.0,22.0,0.0,22.0
2022-07-28,8,NC,89,36,51,2,0.414,24.5,2022,7,28.0,5.0,0.0,5.0,19.0,2.0,23.0,17.0,0.0,28.0
2022-07-28,9,삼성,91,37,53,1,0.411,25.0,2022,7,28.0,2.0,1.0,7.0,15.0,1.0,30.0,22.0,0.0,23.0
2022-07-28,10,한화,91,27,62,2,0.303,34.5,2022,7,28.0,2.0,1.0,7.0,16.0,0.0,26.0,11.0,2.0,36.0
2022-07-29,1,SSG,92,61,28,3,0.685,0.0,2022,7,29.0,8.0,0.0,2.0,35.0,0.0,11.0,26.0,3.0,17.0
2022-07-29,2,키움,94,57,36,1,0.613,6.0,2022,7,29.0,4.0,0.0,6.0,27.0,1.0,19.0,30.0,0.0,17.0
2022-07-29,3,LG,91,54,36,1,0.6,7.5,2022,7,29.0,4.0,0.0,6.0,23.0,0.0,22.0,31.0,1.0,14.0
2022-07-29,4,KT,91,49,40,2,0.551,12.0,2022,7,29.0,7.0,0.0,3.0,23.0,1.0,23.0,26.0,1.0,17.0
2022-07-29,5,KIA,90,47,42,1,0.528,14.0,2022,7,29.0,7.0,0.0,3.0,22.0,0.0,22.0,25.0,1.0,20.0
2022-07-29,6,두산,90,40,48,2,0.455,20.5,2022,7,29.0,6.0,0.0,4.0,18.0,1.0,27.0,22.0,1.0,21.0
2022-07-29,7,롯데,92,38,51,3,0.427,23.0,2022,7,29.0,3.0,0.0,7.0,16.0,3.0,28.0,22.0,0.0,23.0
2022-07-29,8,NC,90,37,51,2,0.42,23.5,2022,7,29.0,6.0,0.0,4.0,20.0,2.0,23.0,17.0,0.0,28.0
2022-07-29,9,삼성,92,38,53,1,0.418,24.0,2022,7,29.0,3.0,1.0,6.0,16.0,1.0,30.0,22.0,0.0,23.0
2022-07-29,10,한화,92,27,63,2,0.3,34.5,2022,7,29.0,2.0,1.0,7.0,16.0,0.0,27.0,11.0,2.0,36.0
2022-07-30,1,SSG,93,62,28,3,0.689,0.0,2022,7,30.0,8.0,0.0,2.0,35.0,0.0,11.0,27.0,3.0,17.0
2022-07-30,2,키움,95,57,36,2,0.613,6.5,2022,7,30.0,3.0,1.0,6.0,27.0,1.0,19.0,30.0,1.0,17.0
2022-07-30,3,LG,92,55,36,1,0.604,7.5,2022,7,30.0,4.0,0.0,6.0,24.0,0.0,22.0,31.0,1.0,14.0
2022-07-30,4,KT,92,49,41,2,0.544,13.0,2022,7,30.0,7.0,0.0,3.0,23.0,1.0,23.0,26.0,1.0,18.0
2022-07-30,5,KIA,91,47,43,1,0.522,15.0,2022,7,30.0,6.0,0.0,4.0,22.0,0.0,23.0,25.0,1.0,20.0
2022-07-30,6,두산,91,40,49,2,0.449,21.5,2022,7,30.0,6.0,0.0,4.0,18.0,1.0,27.0,22.0,1.0,22.0
2022-07-30,7,롯데,93,39,51,3,0.433,23.0,2022,7,30.0,3.0,0.0,7.0,16.0,3.0,28.0,23.0,0.0,23.0
2022-07-30,8,NC,91,37,51,3,0.42,24.0,2022,7,30.0,6.0,1.0,3.0,20.0,3.0,23.0,17.0,0.0,28.0
2022-07-30,9,삼성,93,38,54,1,0.413,25.0,2022,7,30.0,3.0,1.0,6.0,16.0,1.0,31.0,22.0,0.0,23.0
2022-07-30,10,한화,93,28,63,2,0.308,34.5,2022,7,30.0,3.0,1.0,6.0,17.0,0.0,27.0,11.0,2.0,36.0
2022-07-31,1,SSG,94,63,28,3,0.692,0.0,2022,7,31.0,8.0,0.0,2.0,35.0,0.0,11.0,28.0,3.0,17.0
2022-07-31,2,키움,95,57,36,2,0.613,7.0,2022,7,31.0,3.0,1.0,6.0,27.0,1.0,19.0,30.0,1.0,17.0
2022-07-31,3,LG,92,55,36,1,0.604,8.0,2022,7,31.0,4.0,0.0,6.0,24.0,0.0,22.0,31.0,1.0,14.0
2022-07-31,4,KT,92,49,41,2,0.544,13.5,2022,7,31.0,7.0,0.0,3.0,23.0,1.0,23.0,26.0,1.0,18.0
2022-07-31,5,KIA,92,47,44,1,0.516,16.0,2022,7,31.0,5.0,0.0,5.0,22.0,0.0,24.0,25.0,1.0,20.0
2022-07-31,6,두산,91,40,49,2,0.449,22.0,2022,7,31.0,6.0,0.0,4.0,18.0,1.0,27.0,22.0,1.0,22.0
2022-07-31,7,롯데,94,39,51,4,0.433,23.5,2022,7,31.0,2.0,1.0,7.0,16.0,3.0,28.0,23.0,1.0,23.0
2022-07-31,8,NC,91,37,51,3,0.42,24.5,2022,7,31.0,6.0,1.0,3.0,20.0,3.0,23.0,17.0,0.0,28.0
2022-07-31,9,삼성,94,38,54,2,0.413,25.5,2022,7,31.0,3.0,2.0,5.0,16.0,2.0,31.0,22.0,0.0,23.0
2022-07-31,10,한화,93,28,63,2,0.308,35.0,2022,7,31.0,3.0,1.0,6.0,17.0,0.0,27.0,11.0,2.0,36.0
2022-08-02,1,SSG,95,64,28,3,0.696,0.0,2022,8,2.0,8.0,0.0,2.0,35.0,0.0,11.0,29.0,3.0,17.0
2022-08-02,2,키움,96,57,37,2,0.606,8.0,2022,8,2.0,3.0,1.0,6.0,27.0,1.0,20.0,30.0,1.0,17.0
2022-08-02,3,LG,93,55,37,1,0.598,9.0,2022,8,2.0,4.0,0.0,6.0,24.0,0.0,22.0,31.0,1.0,15.0
2022-08-02,4,KT,92,49,41,2,0.544,14.0,2022,8,2.0,7.0,0.0,3.0,23.0,1.0,23.0,26.0,1.0,18.0
2022-08-02,5,KIA,93,47,45,1,0.511,17.0,2022,8,2.0,5.0,0.0,5.0,22.0,0.0,24.0,25.0,1.0,21.0
2022-08-02,6,두산,91,40,49,2,0.449,22.5,2022,8,2.0,6.0,0.0,4.0,18.0,1.0,27.0,22.0,1.0,22.0
2022-08-02,7,롯데,95,40,51,4,0.44,23.5,2022,8,2.0,2.0,1.0,7.0,17.0,3.0,28.0,23.0,1.0,23.0
2022-08-02,8,NC,91,37,51,3,0.42,25.0,2022,8,2.0,6.0,1.0,3.0,20.0,3.0,23.0,17.0,0.0,28.0
2022-08-02,9,삼성,94,38,54,2,0.413,26.0,2022,8,2.0,3.0,2.0,5.0,16.0,2.0,31.0,22.0,0.0,23.0
2022-08-02,10,한화,94,29,63,2,0.315,35.0,2022,8,2.0,4.0,1.0,5.0,18.0,0.0,27.0,11.0,2.0,36.0
2022-08-03,1,SSG,96,64,29,3,0.688,0.0,2022,8,3.0,7.0,0.0,3.0,35.0,0.0,11.0,29.0,3.0,18.0
2022-08-03,2,키움,97,58,37,2,0.611,7.0,2022,8,3.0,4.0,1.0,5.0,28.0,1.0,20.0,30.0,1.0,17.0
2022-08-03,3,LG,94,56,37,1,0.602,8.0,2022,8,3.0,4.0,0.0,6.0,24.0,0.0,22.0,32.0,1.0,15.0
2022-08-03,4,KT,93,50,41,2,0.549,13.0,2022,8,3.0,7.0,0.0,3.0,23.0,1.0,23.0,27.0,1.0,18.0
2022-08-03,5,KIA,94,48,45,1,0.516,16.0,2022,8,3.0,5.0,0.0,5.0,22.0,0.0,24.0,26.0,1.0,21.0
2022-08-03,6,두산,92,41,49,2,0.456,21.5,2022,8,3.0,6.0,0.0,4.0,19.0,1.0,27.0,22.0,1.0,22.0
2022-08-03,7,롯데,96,40,52,4,0.435,23.5,2022,8,3.0,2.0,1.0,7.0,17.0,3.0,29.0,23.0,1.0,23.0
2022-08-03,8,NC,92,37,52,3,0.416,25.0,2022,8,3.0,5.0,1.0,4.0,20.0,3.0,24.0,17.0,0.0,28.0
2022-08-03,9,삼성,95,38,55,2,0.409,26.0,2022,8,3.0,3.0,2.0,5.0,16.0,2.0,31.0,22.0,0.0,24.0
2022-08-03,10,한화,95,29,64,2,0.312,35.0,2022,8,3.0,4.0,1.0,5.0,18.0,0.0,28.0,11.0,2.0,36.0
2022-08-04,1,SSG,97,65,29,3,0.691,0.0,2022,8,4.0,7.0,0.0,3.0,35.0,0.0,11.0,30.0,3.0,18.0
2022-08-04,2,LG,95,57,37,1,0.606,8.0,2022,8,4.0,5.0,0.0,5.0,24.0,0.0,22.0,33.0,1.0,15.0
2022-08-04,3,키움,98,58,38,2,0.604,8.0,2022,8,4.0,3.0,1.0,6.0,28.0,1.0,21.0,30.0,1.0,17.0
2022-08-04,4,KT,94,50,42,2,0.543,14.0,2022,8,4.0,6.0,0.0,4.0,23.0,1.0,23.0,27.0,1.0,19.0
2022-08-04,5,KIA,95,48,46,1,0.511,17.0,2022,8,4.0,4.0,0.0,6.0,22.0,0.0,24.0,26.0,1.0,22.0
2022-08-04,6,두산,93,41,50,2,0.451,22.5,2022,8,4.0,6.0,0.0,4.0,19.0,1.0,28.0,22.0,1.0,22.0
2022-08-04,7,롯데,97,40,53,4,0.43,24.5,2022,8,4.0,2.0,1.0,7.0,17.0,3.0,30.0,23.0,1.0,23.0
2022-08-04,8,NC,93,38,52,3,0.422,25.0,2022,8,4.0,6.0,1.0,3.0,21.0,3.0,24.0,17.0,0.0,28.0
2022-08-04,9,삼성,96,39,55,2,0.415,26.0,2022,8,4.0,4.0,2.0,4.0,16.0,2.0,31.0,23.0,0.0,24.0
2022-08-04,10,한화,96,30,64,2,0.319,35.0,2022,8,4.0,4.0,1.0,5.0,19.0,0.0,28.0,11.0,2.0,36.0
2022-08-05,1,SSG,98,65,30,3,0.684,0.0,2022,8,5.0,6.0,0.0,4.0,35.0,0.0,12.0,30.0,3.0,18.0
2022-08-05,2,키움,99,59,38,2,0.608,7.0,2022,8,5.0,3.0,1.0,6.0,28.0,1.0,21.0,31.0,1.0,17.0
2022-08-05,3,LG,96,57,38,1,0.6,8.0,2022,8,5.0,4.0,0.0,6.0,24.0,0.0,23.0,33.0,1.0,15.0
2022-08-05,4,KT,95,51,42,2,0.548,13.0,2022,8,5.0,7.0,0.0,3.0,24.0,1.0,23.0,27.0,1.0,19.0
2022-08-05,5,KIA,96,48,47,1,0.505,17.0,2022,8,5.0,3.0,0.0,7.0,22.0,0.0,25.0,26.0,1.0,22.0
2022-08-05,6,두산,94,42,50,2,0.457,21.5,2022,8,5.0,6.0,0.0,4.0,19.0,1.0,28.0,23.0,1.0,22.0
2022-08-05,7,롯데,98,41,53,4,0.436,23.5,2022,8,5.0,3.0,1.0,6.0,18.0,3.0,30.0,23.0,1.0,23.0
2022-08-05,8,삼성,97,40,55,2,0.421,25.0,2022,8,5.0,5.0,2.0,3.0,16.0,2.0,31.0,24.0,0.0,24.0
2022-08-05,9,NC,94,38,53,3,0.418,25.0,2022,8,5.0,5.0,1.0,4.0,21.0,3.0,24.0,17.0,0.0,29.0
2022-08-05,10,한화,97,30,65,2,0.316,35.0,2022,8,5.0,4.0,1.0,5.0,19.0,0.0,28.0,11.0,2.0,37.0
2022-08-06,1,SSG,99,66,30,3,0.688,0.0,2022,8,6.0,7.0,0.0,3.0,36.0,0.0,12.0,30.0,3.0,18.0
2022-08-06,2,LG,97,58,38,1,0.604,8.0,2022,8,6.0,5.0,0.0,5.0,25.0,0.0,23.0,33.0,1.0,15.0
2022-08-06,3,키움,100,59,39,2,0.602,8.0,2022,8,6.0,3.0,1.0,6.0,28.0,1.0,21.0,31.0,1.0,18.0
2022-08-06,4,KT,96,52,42,2,0.553,13.0,2022,8,6.0,7.0,0.0,3.0,25.0,1.0,23.0,27.0,1.0,19.0
2022-08-06,5,KIA,97,48,48,1,0.5,18.0,2022,8,6.0,3.0,0.0,7.0,22.0,0.0,26.0,26.0,1.0,22.0
2022-08-06,6,두산,95,43,50,2,0.462,21.5,2022,8,6.0,7.0,0.0,3.0,19.0,1.0,28.0,24.0,1.0,22.0
2022-08-06,7,롯데,99,41,54,4,0.432,24.5,2022,8,6.0,3.0,1.0,6.0,18.0,3.0,31.0,23.0,1.0,23.0
2022-08-06,8,NC,95,39,53,3,0.424,25.0,2022,8,6.0,6.0,1.0,3.0,21.0,3.0,24.0,18.0,0.0,29.0
2022-08-06,9,삼성,98,40,56,2,0.417,26.0,2022,8,6.0,4.0,2.0,4.0,16.0,2.0,31.0,24.0,0.0,25.0
2022-08-06,10,한화,98,30,66,2,0.313,36.0,2022,8,6.0,4.0,1.0,5.0,19.0,0.0,28.0,11.0,2.0,38.0
2022-08-07,1,SSG,100,67,30,3,0.691,0.0,2022,8,7.0,7.0,0.0,3.0,37.0,0.0,12.0,30.0,3.0,18.0
2022-08-07,2,LG,98,59,38,1,0.608,8.0,2022,8,7.0,5.0,0.0,5.0,26.0,0.0,23.0,33.0,1.0,15.0
2022-08-07,3,키움,101,59,40,2,0.596,9.0,2022,8,7.0,2.0,1.0,7.0,28.0,1.0,21.0,31.0,1.0,19.0
2022-08-07,4,KT,97,52,43,2,0.547,14.0,2022,8,7.0,6.0,0.0,4.0,25.0,1.0,24.0,27.0,1.0,19.0
2022-08-07,5,KIA,98,49,48,1,0.505,18.0,2022,8,7.0,3.0,0.0,7.0,23.0,0.0,26.0,26.0,1.0,22.0
2022-08-07,6,두산,96,43,51,2,0.457,22.5,2022,8,7.0,7.0,0.0,3.0,19.0,1.0,28.0,24.0,1.0,23.0
2022-08-07,7,NC,96,40,53,3,0.43,25.0,2022,8,7.0,6.0,1.0,3.0,21.0,3.0,24.0,19.0,0.0,29.0
2022-08-07,8,롯데,100,41,55,4,0.427,25.5,2022,8,7.0,3.0,1.0,6.0,18.0,3.0,32.0,23.0,1.0,23.0
2022-08-07,9,삼성,99,40,57,2,0.412,27.0,2022,8,7.0,4.0,2.0,4.0,16.0,2.0,31.0,24.0,0.0,26.0
2022-08-07,10,한화,99,31,66,2,0.32,36.0,2022,8,7.0,4.0,1.0,5.0,19.0,0.0,28.0,12.0,2.0,38.0
2022-08-10,1,SSG,101,68,30,3,0.694,0.0,2022,8,10.0,7.0,0.0,3.0,38.0,0.0,12.0,30.0,3.0,18.0
2022-08-10,2,LG,98,59,38,1,0.608,8.5,2022,8,10.0,5.0,0.0,5.0,26.0,0.0,23.0,33.0,1.0,15.0
2022-08-10,3,키움,102,59,41,2,0.59,10.0,2022,8,10.0,2.0,1.0,7.0,28.0,1.0,22.0,31.0,1.0,19.0
2022-08-10,4,KT,98,52,44,2,0.542,15.0,2022,8,10.0,6.0,0.0,4.0,25.0,1.0,24.0,27.0,1.0,20.0
2022-08-10,5,KIA,99,49,49,1,0.5,19.0,2022,8,10.0,3.0,0.0,7.0,23.0,0.0,26.0,26.0,1.0,23.0
2022-08-10,6,두산,97,43,52,2,0.453,23.5,2022,8,10.0,6.0,0.0,4.0,19.0,1.0,29.0,24.0,1.0,23.0
2022-08-10,7,NC,97,41,53,3,0.436,25.0,2022,8,10.0,6.0,1.0,3.0,21.0,3.0,24.0,20.0,0.0,29.0
2022-08-10,8,롯데,101,42,55,4,0.433,25.5,2022,8,10.0,4.0,1.0,5.0,18.0,3.0,32.0,24.0,1.0,23.0
2022-08-10,9,삼성,100,41,57,2,0.418,27.0,2022,8,10.0,4.0,2.0,4.0,17.0,2.0,31.0,24.0,0.0,26.0
2022-08-10,10,한화,99,31,66,2,0.32,36.5,2022,8,10.0,4.0,1.0,5.0,19.0,0.0,28.0,12.0,2.0,38.0
2022-08-11,1,SSG,102,69,30,3,0.697,0.0,2022,8,11.0,8.0,0.0,2.0,39.0,0.0,12.0,30.0,3.0,18.0
2022-08-11,2,LG,98,59,38,1,0.608,9.0,2022,8,11.0,5.0,0.0,5.0,26.0,0.0,23.0,33.0,1.0,15.0
2022-08-11,3,키움,103,59,42,2,0.584,11.0,2022,8,11.0,2.0,1.0,7.0,28.0,1.0,23.0,31.0,1.0,19.0
2022-08-11,4,KT,99,52,45,2,0.536,16.0,2022,8,11.0,5.0,0.0,5.0,25.0,1.0,24.0,27.0,1.0,21.0
2022-08-11,5,KIA,99,49,49,1,0.5,19.5,2022,8,11.0,3.0,0.0,7.0,23.0,0.0,26.0,26.0,1.0,23.0
2022-08-11,6,두산,98,43,53,2,0.448,24.5,2022,8,11.0,5.0,0.0,5.0,19.0,1.0,30.0,24.0,1.0,23.0
2022-08-11,7,NC,98,42,53,3,0.442,25.0,2022,8,11.0,7.0,1.0,2.0,21.0,3.0,24.0,21.0,0.0,29.0
2022-08-11,8,롯데,102,43,55,4,0.439,25.5,2022,8,11.0,5.0,1.0,4.0,18.0,3.0,32.0,25.0,1.0,23.0
2022-08-11,9,삼성,100,41,57,2,0.418,27.5,2022,8,11.0,4.0,2.0,4.0,17.0,2.0,31.0,24.0,0.0,26.0
2022-08-11,10,한화,99,31,66,2,0.32,37.0,2022,8,11.0,4.0,1.0,5.0,19.0,0.0,28.0,12.0,2.0,38.0
2022-08-12,1,SSG,103,69,31,3,0.69,0.0,2022,8,12.0,7.0,0.0,3.0,39.0,0.0,13.0,30.0,3.0,18.0
2022-08-12,2,LG,99,60,38,1,0.612,8.0,2022,8,12.0,6.0,0.0,4.0,26.0,0.0,23.0,34.0,1.0,15.0
2022-08-12,3,키움,104,59,43,2,0.578,11.0,2022,8,12.0,2.0,1.0,7.0,28.0,1.0,24.0,31.0,1.0,19.0
2022-08-12,4,KT,100,53,45,2,0.541,15.0,2022,8,12.0,5.0,0.0,5.0,25.0,1.0,24.0,28.0,1.0,21.0
2022-08-12,5,KIA,100,49,50,1,0.495,19.5,2022,8,12.0,2.0,0.0,8.0,23.0,0.0,26.0,26.0,1.0,24.0
2022-08-12,6,두산,99,44,53,2,0.454,23.5,2022,8,12.0,5.0,0.0,5.0,20.0,1.0,30.0,24.0,1.0,23.0
2022-08-12,7,롯데,103,44,55,4,0.444,24.5,2022,8,12.0,5.0,1.0,4.0,18.0,3.0,32.0,26.0,1.0,23.0
2022-08-12,8,NC,99,42,54,3,0.438,25.0,2022,8,12.0,6.0,1.0,3.0,21.0,3.0,24.0,21.0,0.0,30.0
2022-08-12,9,삼성,101,42,57,2,0.424,26.5,2022,8,12.0,5.0,1.0,4.0,18.0,2.0,31.0,24.0,0.0,26.0
2022-08-12,10,한화,100,31,67,2,0.316,37.0,2022,8,12.0,4.0,1.0,5.0,19.0,0.0,29.0,12.0,2.0,38.0
2022-08-13,1,SSG,104,70,31,3,0.693,0.0,2022,8,13.0,7.0,0.0,3.0,39.0,0.0,13.0,31.0,3.0,18.0
2022-08-13,2,LG,99,60,38,1,0.612,8.5,2022,8,13.0,6.0,0.0,4.0,26.0,0.0,23.0,34.0,1.0,15.0
2022-08-13,3,키움,105,60,43,2,0.583,11.0,2022,8,13.0,3.0,0.0,7.0,28.0,1.0,24.0,32.0,1.0,19.0
2022-08-13,4,KT,101,54,45,2,0.545,15.0,2022,8,13.0,5.0,0.0,5.0,26.0,1.0,24.0,28.0,1.0,21.0
2022-08-13,5,KIA,101,50,50,1,0.5,19.5,2022,8,13.0,3.0,0.0,7.0,24.0,0.0,26.0,26.0,1.0,24.0
2022-08-13,6,두산,100,44,54,2,0.449,24.5,2022,8,13.0,4.0,0.0,6.0,20.0,1.0,31.0,24.0,1.0,23.0
2022-08-13,7,롯데,104,44,56,4,0.44,25.5,2022,8,13.0,5.0,0.0,5.0,18.0,3.0,32.0,26.0,1.0,24.0
2022-08-13,8,NC,99,42,54,3,0.438,25.5,2022,8,13.0,6.0,1.0,3.0,21.0,3.0,24.0,21.0,0.0,30.0
2022-08-13,9,삼성,102,42,58,2,0.42,27.5,2022,8,13.0,4.0,1.0,5.0,18.0,2.0,31.0,24.0,0.0,27.0
2022-08-13,10,한화,101,31,68,2,0.313,38.0,2022,8,13.0,4.0,0.0,6.0,19.0,0.0,30.0,12.0,2.0,38.0
2022-08-14,1,SSG,105,71,31,3,0.696,0.0,2022,8,14.0,7.0,0.0,3.0,39.0,0.0,13.0,32.0,3.0,18.0
2022-08-14,2,LG,100,60,39,1,0.606,9.5,2022,8,14.0,6.0,0.0,4.0,26.0,0.0,23.0,34.0,1.0,16.0
2022-08-14,3,키움,106,61,43,2,0.587,11.0,2022,8,14.0,4.0,0.0,6.0,28.0,1.0,24.0,33.0,1.0,19.0
2022-08-14,4,KT,102,55,45,2,0.55,15.0,2022,8,14.0,6.0,0.0,4.0,27.0,1.0,24.0,28.0,1.0,21.0
2022-08-14,5,KIA,102,50,51,1,0.495,20.5,2022,8,14.0,3.0,0.0,7.0,24.0,0.0,27.0,26.0,1.0,24.0
2022-08-14,6,롯데,105,45,56,4,0.446,25.5,2022,8,14.0,5.0,0.0,5.0,18.0,3.0,32.0,27.0,1.0,24.0
2022-08-14,7,두산,101,44,55,2,0.444,25.5,2022,8,14.0,4.0,0.0,6.0,20.0,1.0,32.0,24.0,1.0,23.0
2022-08-14,8,NC,100,43,54,3,0.443,25.5,2022,8,14.0,6.0,1.0,3.0,22.0,3.0,24.0,21.0,0.0,30.0
2022-08-14,9,삼성,103,42,59,2,0.416,28.5,2022,8,14.0,4.0,1.0,5.0,18.0,2.0,31.0,24.0,0.0,28.0
2022-08-14,10,한화,102,31,69,2,0.31,39.0,2022,8,14.0,4.0,0.0,6.0,19.0,0.0,31.0,12.0,2.0,38.0
2022-08-16,1,SSG,105,71,31,3,0.696,0.0,2022,8,16.0,7.0,0.0,3.0,39.0,0.0,13.0,32.0,3.0,18.0
2022-08-16,2,LG,101,61,39,1,0.61,9.0,2022,8,16.0,7.0,0.0,3.0,27.0,0.0,23.0,34.0,1.0,16.0
2022-08-16,3,키움,107,61,44,2,0.581,11.5,2022,8,16.0,3.0,0.0,7.0,28.0,1.0,24.0,33.0,1.0,20.0
2022-08-16,4,KT,103,56,45,2,0.554,14.5,2022,8,16.0,6.0,0.0,4.0,28.0,1.0,24.0,28.0,1.0,21.0
2022-08-16,5,KIA,102,50,51,1,0.495,20.5,2022,8,16.0,3.0,0.0,7.0,24.0,0.0,27.0,26.0,1.0,24.0
2022-08-16,6,롯데,105,45,56,4,0.446,25.5,2022,8,16.0,5.0,0.0,5.0,18.0,3.0,32.0,27.0,1.0,24.0
2022-08-16,7,두산,101,44,55,2,0.444,25.5,2022,8,16.0,4.0,0.0,6.0,20.0,1.0,32.0,24.0,1.0,23.0
2022-08-16,8,NC,100,43,54,3,0.443,25.5,2022,8,16.0,6.0,1.0,3.0,22.0,3.0,24.0,21.0,0.0,30.0
2022-08-16,9,삼성,104,42,60,2,0.412,29.0,2022,8,16.0,4.0,0.0,6.0,18.0,2.0,31.0,24.0,0.0,29.0
2022-08-16,10,한화,102,31,69,2,0.31,39.0,2022,8,16.0,4.0,0.0,6.0,19.0,0.0,31.0,12.0,2.0,38.0
2022-08-17,1,SSG,106,71,32,3,0.689,0.0,2022,8,17.0,7.0,0.0,3.0,39.0,0.0,13.0,32.0,3.0,19.0
2022-08-17,2,LG,102,62,39,1,0.614,8.0,2022,8,17.0,7.0,0.0,3.0,28.0,0.0,23.0,34.0,1.0,16.0
2022-08-17,3,키움,108,61,45,2,0.575,11.5,2022,8,17.0,3.0,0.0,7.0,28.0,1.0,24.0,33.0,1.0,21.0
2022-08-17,4,KT,104,57,45,2,0.559,13.5,2022,8,17.0,7.0,0.0,3.0,29.0,1.0,24.0,28.0,1.0,21.0
2022-08-17,5,KIA,103,51,51,1,0.5,19.5,2022,8,17.0,4.0,0.0,6.0,25.0,0.0,27.0,26.0,1.0,24.0
2022-08-17,6,롯데,106,46,56,4,0.451,24.5,2022,8,17.0,6.0,0.0,4.0,19.0,3.0,32.0,27.0,1.0,24.0
2022-08-17,7,NC,101,44,54,3,0.449,24.5,2022,8,17.0,7.0,0.0,3.0,23.0,3.0,24.0,21.0,0.0,30.0
2022-08-17,8,두산,102,44,56,2,0.44,25.5,2022,8,17.0,3.0,0.0,7.0,20.0,1.0,32.0,24.0,1.0,24.0
2022-08-17,9,삼성,105,42,61,2,0.408,29.0,2022,8,17.0,4.0,0.0,6.0,18.0,2.0,31.0,24.0,0.0,30.0
2022-08-17,10,한화,103,31,70,2,0.307,39.0,2022,8,17.0,3.0,0.0,7.0,19.0,0.0,31.0,12.0,2.0,39.0
2022-08-18,1,SSG,107,71,33,3,0.683,0.0,2022,8,18.0,6.0,0.0,4.0,39.0,0.0,14.0,32.0,3.0,19.0
2022-08-18,2,LG,103,63,39,1,0.618,7.0,2022,8,18.0,8.0,0.0,2.0,28.0,0.0,23.0,35.0,1.0,16.0
2022-08-18,3,키움,109,61,46,2,0.57,11.5,2022,8,18.0,2.0,0.0,8.0,28.0,1.0,24.0,33.0,1.0,22.0
2022-08-18,4,KT,105,57,46,2,0.553,13.5,2022,8,18.0,6.0,0.0,4.0,29.0,1.0,24.0,28.0,1.0,22.0
2022-08-18,5,KIA,104,51,52,1,0.495,19.5,2022,8,18.0,3.0,0.0,7.0,25.0,0.0,28.0,26.0,1.0,24.0
2022-08-18,6,롯데,107,47,56,4,0.456,23.5,2022,8,18.0,7.0,0.0,3.0,20.0,3.0,32.0,27.0,1.0,24.0
2022-08-18,7,NC,102,45,54,3,0.455,23.5,2022,8,18.0,8.0,0.0,2.0,23.0,3.0,24.0,22.0,0.0,30.0
2022-08-18,8,두산,103,45,56,2,0.446,24.5,2022,8,18.0,4.0,0.0,6.0,21.0,1.0,32.0,24.0,1.0,24.0
2022-08-18,9,삼성,106,43,61,2,0.413,28.0,2022,8,18.0,4.0,0.0,6.0,18.0,2.0,31.0,25.0,0.0,30.0
2022-08-18,10,한화,104,31,71,2,0.304,39.0,2022,8,18.0,2.0,0.0,8.0,19.0,0.0,32.0,12.0,2.0,39.0
2022-08-19,1,SSG,107,71,33,3,0.683,0.0,2022,8,19.0,6.0,0.0,4.0,39.0,0.0,14.0,32.0,3.0,19.0
2022-08-19,2,LG,103,63,39,1,0.618,7.0,2022,8,19.0,8.0,0.0,2.0,28.0,0.0,23.0,35.0,1.0,16.0
2022-08-19,3,키움,109,61,46,2,0.57,11.5,2022,8,19.0,2.0,0.0,8.0,28.0,1.0,24.0,33.0,1.0,22.0
2022-08-19,4,KT,106,58,46,2,0.558,13.0,2022,8,19.0,6.0,0.0,4.0,29.0,1.0,24.0,29.0,1.0,22.0
2022-08-19,5,KIA,105,52,52,1,0.5,19.0,2022,8,19.0,4.0,0.0,6.0,26.0,0.0,28.0,26.0,1.0,24.0
2022-08-19,6,롯데,108,47,57,4,0.452,24.0,2022,8,19.0,6.0,0.0,4.0,20.0,3.0,33.0,27.0,1.0,24.0
2022-08-19,7,NC,103,45,55,3,0.45,24.0,2022,8,19.0,7.0,0.0,3.0,23.0,3.0,24.0,22.0,0.0,31.0
2022-08-19,8,두산,103,45,56,2,0.446,24.5,2022,8,19.0,4.0,0.0,6.0,21.0,1.0,32.0,24.0,1.0,24.0
2022-08-19,9,삼성,107,44,61,2,0.419,27.5,2022,8,19.0,4.0,0.0,6.0,18.0,2.0,31.0,26.0,0.0,30.0
2022-08-19,10,한화,105,31,72,2,0.301,39.5,2022,8,19.0,2.0,0.0,8.0,19.0,0.0,33.0,12.0,2.0,39.0
2022-08-20,1,SSG,108,72,33,3,0.686,0.0,2022,8,20.0,7.0,0.0,3.0,39.0,0.0,14.0,33.0,3.0,19.0
2022-08-20,2,LG,104,64,39,1,0.621,7.0,2022,8,20.0,8.0,0.0,2.0,29.0,0.0,23.0,35.0,1.0,16.0
2022-08-20,3,키움,110,61,47,2,0.565,12.5,2022,8,20.0,2.0,0.0,8.0,28.0,1.0,25.0,33.0,1.0,22.0
2022-08-20,4,KT,107,58,47,2,0.552,14.0,2022,8,20.0,6.0,0.0,4.0,29.0,1.0,25.0,29.0,1.0,22.0
2022-08-20,5,KIA,106,53,52,1,0.505,19.0,2022,8,20.0,5.0,0.0,5.0,26.0,0.0,28.0,27.0,1.0,24.0
2022-08-20,6,NC,103,45,55,3,0.45,24.5,2022,8,20.0,7.0,0.0,3.0,23.0,3.0,24.0,22.0,0.0,31.0
2022-08-20,7,롯데,109,47,58,4,0.448,25.0,2022,8,20.0,6.0,0.0,4.0,20.0,3.0,34.0,27.0,1.0,24.0
2022-08-20,8,두산,104,45,57,2,0.441,25.5,2022,8,20.0,3.0,0.0,7.0,21.0,1.0,32.0,24.0,1.0,25.0
2022-08-20,9,삼성,107,44,61,2,0.419,28.0,2022,8,20.0,4.0,0.0,6.0,18.0,2.0,31.0,26.0,0.0,30.0
2022-08-20,10,한화,106,32,72,2,0.308,39.5,2022,8,20.0,2.0,0.0,8.0,19.0,0.0,33.0,13.0,2.0,39.0
2022-08-21,1,SSG,109,73,33,3,0.689,0.0,2022,8,21.0,7.0,0.0,3.0,39.0,0.0,14.0,34.0,3.0,19.0
2022-08-21,2,LG,105,64,40,1,0.615,8.0,2022,8,21.0,7.0,0.0,3.0,29.0,0.0,24.0,35.0,1.0,16.0
2022-08-21,3,키움,111,61,48,2,0.56,13.5,2022,8,21.0,2.0,0.0,8.0,28.0,1.0,26.0,33.0,1.0,22.0
2022-08-21,4,KT,108,59,47,2,0.557,14.0,2022,8,21.0,7.0,0.0,3.0,30.0,1.0,25.0,29.0,1.0,22.0
2022-08-21,5,KIA,107,53,53,1,0.5,20.0,2022,8,21.0,5.0,0.0,5.0,26.0,0.0,28.0,27.0,1.0,25.0
2022-08-21,6,NC,104,46,55,3,0.455,24.5,2022,8,21.0,8.0,0.0,2.0,23.0,3.0,24.0,23.0,0.0,31.0
2022-08-21,7,롯데,110,48,58,4,0.453,25.0,2022,8,21.0,7.0,0.0,3.0,21.0,3.0,34.0,27.0,1.0,24.0
2022-08-21,8,두산,105,46,57,2,0.447,25.5,2022,8,21.0,3.0,0.0,7.0,21.0,1.0,32.0,25.0,1.0,25.0
2022-08-21,9,삼성,108,44,62,2,0.415,29.0,2022,8,21.0,4.0,0.0,6.0,18.0,2.0,32.0,26.0,0.0,30.0
2022-08-21,10,한화,107,32,73,2,0.305,40.5,2022,8,21.0,2.0,0.0,8.0,19.0,0.0,33.0,13.0,2.0,40.0
2022-08-23,1,SSG,110,74,33,3,0.692,0.0,2022,8,23.0,7.0,0.0,3.0,40.0,0.0,14.0,34.0,3.0,19.0
2022-08-23,2,LG,106,64,41,1,0.61,9.0,2022,8,23.0,7.0,0.0,3.0,29.0,0.0,24.0,35.0,1.0,17.0
2022-08-23,3,KT,109,60,47,2,0.561,14.0,2022,8,23.0,8.0,0.0,2.0,30.0,1.0,25.0,30.0,1.0,22.0
2022-08-23,4,키움,112,61,49,2,0.555,14.5,2022,8,23.0,2.0,0.0,8.0,28.0,1.0,27.0,33.0,1.0,22.0
2022-08-23,5,KIA,108,54,53,1,0.505,20.0,2022,8,23.0,5.0,0.0,5.0,26.0,0.0,28.0,28.0,1.0,25.0
2022-08-23,6,롯데,111,49,58,4,0.458,25.0,2022,8,23.0,7.0,0.0,3.0,21.0,3.0,34.0,28.0,1.0,24.0
2022-08-23,7,NC,105,46,56,3,0.451,25.5,2022,8,23.0,7.0,0.0,3.0,23.0,3.0,25.0,23.0,0.0,31.0
2022-08-23,8,두산,106,46,58,2,0.442,26.5,2022,8,23.0,3.0,0.0,7.0,21.0,1.0,33.0,25.0,1.0,25.0
2022-08-23,9,삼성,109,44,63,2,0.411,30.0,2022,8,23.0,4.0,0.0,6.0,18.0,2.0,32.0,26.0,0.0,31.0
2022-08-23,10,한화,108,33,73,2,0.311,40.5,2022,8,23.0,3.0,0.0,7.0,20.0,0.0,33.0,13.0,2.0,40.0
2022-08-24,1,SSG,111,75,33,3,0.694,0.0,2022,8,24.0,7.0,0.0,3.0,41.0,0.0,14.0,34.0,3.0,19.0
2022-08-24,2,LG,107,65,41,1,0.613,9.0,2022,8,24.0,7.0,0.0,3.0,29.0,0.0,24.0,36.0,1.0,17.0
2022-08-24,3,KT,110,61,47,2,0.565,14.0,2022,8,24.0,8.0,0.0,2.0,30.0,1.0,25.0,31.0,1.0,22.0
2022-08-24,4,키움,113,62,49,2,0.559,14.5,2022,8,24.0,3.0,0.0,7.0,29.0,1.0,27.0,33.0,1.0,22.0
2022-08-24,5,KIA,109,54,54,1,0.5,21.0,2022,8,24.0,5.0,0.0,5.0,26.0,0.0,28.0,28.0,1.0,26.0
2022-08-24,6,롯데,112,50,58,4,0.463,25.0,2022,8,24.0,7.0,0.0,3.0,21.0,3.0,34.0,29.0,1.0,24.0
2022-08-24,7,NC,106,46,57,3,0.447,26.5,2022,8,24.0,6.0,0.0,4.0,23.0,3.0,26.0,23.0,0.0,31.0
2022-08-24,8,두산,107,46,59,2,0.438,27.5,2022,8,24.0,3.0,0.0,7.0,21.0,1.0,34.0,25.0,1.0,25.0
2022-08-24,9,삼성,110,44,64,2,0.407,31.0,2022,8,24.0,3.0,0.0,7.0,18.0,2.0,32.0,26.0,0.0,32.0
2022-08-24,10,한화,109,33,74,2,0.308,41.5,2022,8,24.0,2.0,0.0,8.0,20.0,0.0,34.0,13.0,2.0,40.0
2022-08-25,1,SSG,112,75,34,3,0.688,0.0,2022,8,25.0,6.0,0.0,4.0,41.0,0.0,14.0,34.0,3.0,20.0
2022-08-25,2,LG,108,65,42,1,0.607,9.0,2022,8,25.0,6.0,0.0,4.0,29.0,0.0,25.0,36.0,1.0,17.0
2022-08-25,3,KT,111,62,47,2,0.569,13.0,2022,8,25.0,8.0,0.0,2.0,31.0,1.0,25.0,31.0,1.0,22.0
2022-08-25,4,키움,114,63,49,2,0.563,13.5,2022,8,25.0,4.0,0.0,6.0,29.0,1.0,27.0,34.0,1.0,22.0
2022-08-25,5,KIA,110,55,54,1,0.505,20.0,2022,8,25.0,6.0,0.0,4.0,26.0,0.0,28.0,29.0,1.0,26.0
2022-08-25,6,롯데,113,50,59,4,0.459,25.0,2022,8,25.0,6.0,0.0,4.0,21.0,3.0,35.0,29.0,1.0,24.0
2022-08-25,7,NC,107,46,58,3,0.442,26.5,2022,8,25.0,5.0,0.0,5.0,23.0,3.0,27.0,23.0,0.0,31.0
2022-08-25,8,두산,108,46,60,2,0.434,27.5,2022,8,25.0,3.0,0.0,7.0,21.0,1.0,34.0,25.0,1.0,26.0
2022-08-25,9,삼성,111,45,64,2,0.413,30.0,2022,8,25.0,3.0,0.0,7.0,18.0,2.0,32.0,27.0,0.0,32.0
2022-08-25,10,한화,110,34,74,2,0.315,40.5,2022,8,25.0,3.0,0.0,7.0,21.0,0.0,34.0,13.0,2.0,40.0
2022-08-26,1,SSG,113,75,35,3,0.682,0.0,2022,8,26.0,6.0,0.0,4.0,41.0,0.0,14.0,34.0,3.0,21.0
2022-08-26,2,LG,109,66,42,1,0.611,8.0,2022,8,26.0,6.0,0.0,4.0,30.0,0.0,25.0,36.0,1.0,17.0
2022-08-26,3,KT,112,63,47,2,0.573,12.0,2022,8,26.0,8.0,0.0,2.0,32.0,1.0,25.0,31.0,1.0,22.0
2022-08-26,4,키움,115,64,49,2,0.566,12.5,2022,8,26.0,4.0,0.0,6.0,29.0,1.0,27.0,35.0,1.0,22.0
2022-08-26,5,KIA,111,55,55,1,0.5,20.0,2022,8,26.0,5.0,0.0,5.0,26.0,0.0,28.0,29.0,1.0,27.0
2022-08-26,6,롯데,114,51,59,4,0.464,24.0,2022,8,26.0,7.0,0.0,3.0,22.0,3.0,35.0,29.0,1.0,24.0
2022-08-26,7,NC,108,46,59,3,0.438,26.5,2022,8,26.0,4.0,0.0,6.0,23.0,3.0,28.0,23.0,0.0,31.0
2022-08-26,8,두산,109,46,61,2,0.43,27.5,2022,8,26.0,2.0,0.0,8.0,21.0,1.0,34.0,25.0,1.0,27.0
2022-08-26,9,삼성,112,45,65,2,0.409,30.0,2022,8,26.0,3.0,0.0,7.0,18.0,2.0,32.0,27.0,0.0,33.0
2022-08-26,10,한화,111,35,74,2,0.321,39.5,2022,8,26.0,4.0,0.0,6.0,22.0,0.0,34.0,13.0,2.0,40.0
2022-08-27,1,SSG,114,76,35,3,0.685,0.0,2022,8,27.0,6.0,0.0,4.0,42.0,0.0,14.0,34.0,3.0,21.0
2022-08-27,2,LG,110,67,42,1,0.615,8.0,2022,8,27.0,7.0,0.0,3.0,31.0,0.0,25.0,36.0,1.0,17.0
2022-08-27,3,KT,113,63,48,2,0.568,13.0,2022,8,27.0,7.0,0.0,3.0,32.0,1.0,25.0,31.0,1.0,23.0
2022-08-27,4,키움,116,64,50,2,0.561,13.5,2022,8,27.0,3.0,0.0,7.0,29.0,1.0,27.0,35.0,1.0,23.0
2022-08-27,5,KIA,112,55,56,1,0.495,21.0,2022,8,27.0,5.0,0.0,5.0,26.0,0.0,29.0,29.0,1.0,27.0
2022-08-27,6,롯데,115,51,60,4,0.459,25.0,2022,8,27.0,6.0,0.0,4.0,22.0,3.0,35.0,29.0,1.0,25.0
2022-08-27,7,NC,109,47,59,3,0.443,26.5,2022,8,27.0,5.0,0.0,5.0,24.0,3.0,28.0,23.0,0.0,31.0
2022-08-27,8,두산,110,47,61,2,0.435,27.5,2022,8,27.0,3.0,0.0,7.0,21.0,1.0,34.0,26.0,1.0,27.0
2022-08-27,9,삼성,113,46,65,2,0.414,30.0,2022,8,27.0,4.0,0.0,6.0,19.0,2.0,32.0,27.0,0.0,33.0
2022-08-27,10,한화,112,35,75,2,0.318,40.5,2022,8,27.0,4.0,0.0,6.0,22.0,0.0,34.0,13.0,2.0,41.0
2022-08-28,1,SSG,115,76,36,3,0.679,0.0,2022,8,28.0,5.0,0.0,5.0,42.0,0.0,15.0,34.0,3.0,21.0
2022-08-28,2,LG,111,68,42,1,0.618,7.0,2022,8,28.0,7.0,0.0,3.0,32.0,0.0,25.0,36.0,1.0,17.0
2022-08-28,3,KT,114,63,49,2,0.563,13.0,2022,8,28.0,6.0,0.0,4.0,32.0,1.0,25.0,31.0,1.0,24.0
2022-08-28,4,키움,117,64,51,2,0.557,13.5,2022,8,28.0,3.0,0.0,7.0,29.0,1.0,27.0,35.0,1.0,24.0
2022-08-28,5,KIA,113,56,56,1,0.5,20.0,2022,8,28.0,5.0,0.0,5.0,27.0,0.0,29.0,29.0,1.0,27.0
2022-08-28,6,롯데,116,52,60,4,0.464,24.0,2022,8,28.0,6.0,0.0,4.0,22.0,3.0,35.0,30.0,1.0,25.0
2022-08-28,7,NC,110,48,59,3,0.449,25.5,2022,8,28.0,5.0,0.0,5.0,25.0,3.0,28.0,23.0,0.0,31.0
2022-08-28,8,두산,111,47,62,2,0.431,27.5,2022,8,28.0,3.0,0.0,7.0,21.0,1.0,34.0,26.0,1.0,28.0
2022-08-28,9,삼성,114,47,65,2,0.42,29.0,2022,8,28.0,5.0,0.0,5.0,20.0,2.0,32.0,27.0,0.0,33.0
2022-08-28,10,한화,113,35,76,2,0.315,40.5,2022,8,28.0,4.0,0.0,6.0,22.0,0.0,34.0,13.0,2.0,42.0
2022-08-30,1,SSG,115,76,36,3,0.679,0.0,2022,8,30.0,5.0,0.0,5.0,42.0,0.0,15.0,34.0,3.0,21.0
2022-08-30,2,LG,111,68,42,1,0.618,7.0,2022,8,30.0,7.0,0.0,3.0,32.0,0.0,25.0,36.0,1.0,17.0
2022-08-30,3,KT,114,63,49,2,0.563,13.0,2022,8,30.0,6.0,0.0,4.0,32.0,1.0,25.0,31.0,1.0,24.0
2022-08-30,4,키움,118,65,51,2,0.56,13.0,2022,8,30.0,4.0,0.0,6.0,30.0,1.0,27.0,35.0,1.0,24.0
2022-08-30,5,KIA,113,56,56,1,0.5,20.0,2022,8,30.0,5.0,0.0,5.0,27.0,0.0,29.0,29.0,1.0,27.0
2022-08-30,6,롯데,117,52,61,4,0.46,24.5,2022,8,30.0,5.0,0.0,5.0,22.0,3.0,35.0,30.0,1.0,26.0
2022-08-30,7,NC,110,48,59,3,0.449,25.5,2022,8,30.0,5.0,0.0,5.0,25.0,3.0,28.0,23.0,0.0,31.0
2022-08-30,8,두산,111,47,62,2,0.431,27.5,2022,8,30.0,3.0,0.0,7.0,21.0,1.0,34.0,26.0,1.0,28.0
2022-08-30,9,삼성,114,47,65,2,0.42,29.0,2022,8,30.0,5.0,0.0,5.0,20.0,2.0,32.0,27.0,0.0,33.0
2022-08-30,10,한화,113,35,76,2,0.315,40.5,2022,8,30.0,4.0,0.0,6.0,22.0,0.0,34.0,13.0,2.0,42.0
2022-08-31,1,SSG,116,76,37,3,0.673,0.0,2022,8,31.0,5.0,0.0,5.0,42.0,0.0,15.0,34.0,3.0,22.0
2022-08-31,2,LG,112,69,42,1,0.622,6.0,2022,8,31.0,7.0,0.0,3.0,33.0,0.0,25.0,36.0,1.0,17.0
2022-08-31,3,KT,115,64,49,2,0.566,12.0,2022,8,31.0,7.0,0.0,3.0,33.0,1.0,25.0,31.0,1.0,24.0
2022-08-31,4,키움,119,66,51,2,0.564,12.0,2022,8,31.0,5.0,0.0,5.0,31.0,1.0,27.0,35.0,1.0,24.0
2022-08-31,5,KIA,114,57,56,1,0.504,19.0,2022,8,31.0,6.0,0.0,4.0,27.0,0.0,29.0,30.0,1.0,27.0
2022-08-31,6,롯데,118,52,62,4,0.456,24.5,2022,8,31.0,5.0,0.0,5.0,22.0,3.0,35.0,30.0,1.0,27.0
2022-08-31,7,NC,111,48,60,3,0.444,25.5,2022,8,31.0,4.0,0.0,6.0,25.0,3.0,28.0,23.0,0.0,32.0
2022-08-31,8,두산,112,47,63,2,0.427,27.5,2022,8,31.0,3.0,0.0,7.0,21.0,1.0,34.0,26.0,1.0,29.0
2022-08-31,9,삼성,115,48,65,2,0.425,28.0,2022,8,31.0,6.0,0.0,4.0,21.0,2.0,32.0,27.0,0.0,33.0
2022-08-31,10,한화,114,35,77,2,0.313,40.5,2022,8,31.0,4.0,0.0,6.0,22.0,0.0,35.0,13.0,2.0,42.0
2022-09-01,1,SSG,117,76,38,3,0.667,0.0,2022,9,1.0,5.0,0.0,5.0,42.0,0.0,16.0,34.0,3.0,22.0
2022-09-01,2,LG,113,70,42,1,0.625,5.0,2022,9,1.0,7.0,0.0,3.0,33.0,0.0,25.0,37.0,1.0,17.0
2022-09-01,3,키움,120,67,51,2,0.568,11.0,2022,9,1.0,6.0,0.0,4.0,32.0,1.0,27.0,35.0,1.0,24.0
2022-09-01,4,KT,116,64,50,2,0.561,12.0,2022,9,1.0,6.0,0.0,4.0,33.0,1.0,26.0,31.0,1.0,24.0
2022-09-01,5,KIA,115,57,57,1,0.5,19.0,2022,9,1.0,5.0,0.0,5.0,27.0,0.0,30.0,30.0,1.0,27.0
2022-09-01,6,롯데,119,52,63,4,0.452,24.5,2022,9,1.0,5.0,0.0,5.0,22.0,3.0,35.0,30.0,1.0,28.0
2022-09-01,7,NC,112,49,60,3,0.45,24.5,2022,9,1.0,4.0,0.0,6.0,25.0,3.0,28.0,24.0,0.0,32.0
2022-09-01,8,두산,113,48,63,2,0.432,26.5,2022,9,1.0,3.0,0.0,7.0,22.0,1.0,34.0,26.0,1.0,29.0
2022-09-01,9,삼성,116,49,65,2,0.43,27.0,2022,9,1.0,6.0,0.0,4.0,21.0,2.0,32.0,28.0,0.0,33.0
2022-09-01,10,한화,115,35,78,2,0.31,40.5,2022,9,1.0,4.0,0.0,6.0,22.0,0.0,35.0,13.0,2.0,43.0
2022-09-02,1,SSG,118,77,38,3,0.67,0.0,2022,9,2.0,5.0,0.0,5.0,43.0,0.0,16.0,34.0,3.0,22.0
2022-09-02,2,LG,114,71,42,1,0.628,5.0,2022,9,2.0,7.0,0.0,3.0,33.0,0.0,25.0,38.0,1.0,17.0
2022-09-02,3,키움,121,68,51,2,0.571,11.0,2022,9,2.0,7.0,0.0,3.0,33.0,1.0,27.0,35.0,1.0,24.0
2022-09-02,4,KT,117,64,51,2,0.557,13.0,2022,9,2.0,6.0,0.0,4.0,33.0,1.0,27.0,31.0,1.0,24.0
2022-09-02,5,KIA,116,58,57,1,0.504,19.0,2022,9,2.0,5.0,0.0,5.0,28.0,0.0,30.0,30.0,1.0,27.0
2022-09-02,6,롯데,120,53,63,4,0.457,24.5,2022,9,2.0,5.0,0.0,5.0,22.0,3.0,35.0,31.0,1.0,28.0
2022-09-02,7,NC,113,49,61,3,0.445,25.5,2022,9,2.0,4.0,0.0,6.0,25.0,3.0,28.0,24.0,0.0,33.0
2022-09-02,8,두산,114,48,64,2,0.429,27.5,2022,9,2.0,3.0,0.0,7.0,22.0,1.0,35.0,26.0,1.0,29.0
2022-09-02,9,삼성,117,49,66,2,0.426,28.0,2022,9,2.0,5.0,0.0,5.0,21.0,2.0,32.0,28.0,0.0,34.0
2022-09-02,10,한화,116,35,79,2,0.307,41.5,2022,9,2.0,3.0,0.0,7.0,22.0,0.0,35.0,13.0,2.0,44.0
2022-09-03,1,SSG,119,77,39,3,0.664,0.0,2022,9,3.0,4.0,0.0,6.0,43.0,0.0,17.0,34.0,3.0,22.0
2022-09-03,2,LG,114,71,42,1,0.628,4.5,2022,9,3.0,7.0,0.0,3.0,33.0,0.0,25.0,38.0,1.0,17.0
2022-09-03,3,키움,122,69,51,2,0.575,10.0,2022,9,3.0,8.0,0.0,2.0,33.0,1.0,27.0,36.0,1.0,24.0
2022-09-03,4,KT,118,65,51,2,0.56,12.0,2022,9,3.0,6.0,0.0,4.0,33.0,1.0,27.0,32.0,1.0,24.0
2022-09-03,5,KIA,117,58,58,1,0.5,19.0,2022,9,3.0,5.0,0.0,5.0,28.0,0.0,31.0,30.0,1.0,27.0
2022-09-03,6,롯데,120,53,63,4,0.457,24.0,2022,9,3.0,5.0,0.0,5.0,22.0,3.0,35.0,31.0,1.0,28.0
2022-09-03,7,NC,114,49,62,3,0.441,25.5,2022,9,3.0,3.0,0.0,7.0,25.0,3.0,28.0,24.0,0.0,34.0
2022-09-03,8,삼성,118,50,66,2,0.431,27.0,2022,9,3.0,6.0,0.0,4.0,21.0,2.0,32.0,29.0,0.0,34.0
2022-09-03,9,두산,115,48,65,2,0.425,27.5,2022,9,3.0,2.0,0.0,8.0,22.0,1.0,36.0,26.0,1.0,29.0
2022-09-03,10,한화,117,36,79,2,0.313,40.5,2022,9,3.0,4.0,0.0,6.0,23.0,0.0,35.0,13.0,2.0,44.0
2022-09-04,1,SSG,119,77,39,3,0.664,0.0,2022,9,4.0,4.0,0.0,6.0,43.0,0.0,17.0,34.0,3.0,22.0
2022-09-04,2,LG,115,72,42,1,0.632,4.0,2022,9,4.0,8.0,0.0,2.0,33.0,0.0,25.0,39.0,1.0,17.0
2022-09-04,3,키움,122,69,51,2,0.575,10.0,2022,9,4.0,8.0,0.0,2.0,33.0,1.0,27.0,36.0,1.0,24.0
2022-09-04,4,KT,119,66,51,2,0.564,11.5,2022,9,4.0,6.0,0.0,4.0,33.0,1.0,27.0,33.0,1.0,24.0
2022-09-04,5,KIA,118,58,59,1,0.496,19.5,2022,9,4.0,4.0,0.0,6.0,28.0,0.0,32.0,30.0,1.0,27.0
2022-09-04,6,롯데,121,53,64,4,0.453,24.5,2022,9,4.0,4.0,0.0,6.0,22.0,3.0,36.0,31.0,1.0,28.0
2022-09-04,7,NC,115,49,63,3,0.438,26.0,2022,9,4.0,3.0,0.0,7.0,25.0,3.0,28.0,24.0,0.0,35.0
2022-09-04,8,삼성,118,50,66,2,0.431,27.0,2022,9,4.0,6.0,0.0,4.0,21.0,2.0,32.0,29.0,0.0,34.0
2022-09-04,9,두산,115,48,65,2,0.425,27.5,2022,9,4.0,2.0,0.0,8.0,22.0,1.0,36.0,26.0,1.0,29.0
2022-09-04,10,한화,118,37,79,2,0.319,40.0,2022,9,4.0,4.0,0.0,6.0,24.0,0.0,35.0,13.0,2.0,44.0
2022-09-06,1,SSG,120,78,39,3,0.667,0.0,2022,9,6.0,4.0,0.0,6.0,43.0,0.0,17.0,35.0,3.0,22.0
2022-09-06,2,LG,116,72,43,1,0.626,5.0,2022,9,6.0,8.0,0.0,2.0,33.0,0.0,26.0,39.0,1.0,17.0
2022-09-06,3,키움,123,69,52,2,0.57,11.0,2022,9,6.0,7.0,0.0,3.0,33.0,1.0,27.0,36.0,1.0,25.0
2022-09-06,4,KT,120,67,51,2,0.568,11.5,2022,9,6.0,6.0,0.0,4.0,34.0,1.0,27.0,33.0,1.0,24.0
2022-09-06,5,KIA,119,58,60,1,0.492,20.5,2022,9,6.0,4.0,0.0,6.0,28.0,0.0,32.0,30.0,1.0,28.0
2022-09-06,6,롯데,122,54,64,4,0.458,24.5,2022,9,6.0,4.0,0.0,6.0,23.0,3.0,36.0,31.0,1.0,28.0
2022-09-06,7,NC,116,50,63,3,0.442,26.0,2022,9,6.0,4.0,0.0,6.0,26.0,3.0,28.0,24.0,0.0,35.0
2022-09-06,8,삼성,119,51,66,2,0.436,27.0,2022,9,6.0,7.0,0.0,3.0,22.0,2.0,32.0,29.0,0.0,34.0
2022-09-06,9,두산,116,48,66,2,0.421,28.5,2022,9,6.0,2.0,0.0,8.0,22.0,1.0,36.0,26.0,1.0,30.0
2022-09-06,10,한화,119,37,80,2,0.316,41.0,2022,9,6.0,4.0,0.0,6.0,24.0,0.0,35.0,13.0,2.0,45.0
2022-09-07,1,SSG,121,78,39,4,0.667,0.0,2022,9,7.0,3.0,1.0,6.0,43.0,0.0,17.0,35.0,4.0,22.0
2022-09-07,2,LG,117,72,43,2,0.626,5.0,2022,9,7.0,7.0,1.0,2.0,33.0,1.0,26.0,39.0,1.0,17.0
2022-09-07,3,KT,121,68,51,2,0.571,11.0,2022,9,7.0,6.0,0.0,4.0,35.0,1.0,27.0,33.0,1.0,24.0
2022-09-07,4,키움,124,69,53,2,0.566,11.5,2022,9,7.0,6.0,0.0,4.0,33.0,1.0,27.0,36.0,1.0,26.0
2022-09-07,5,KIA,120,59,60,1,0.496,20.0,2022,9,7.0,4.0,0.0,6.0,28.0,0.0,32.0,31.0,1.0,28.0
2022-09-07,6,롯데,123,54,65,4,0.454,25.0,2022,9,7.0,4.0,0.0,6.0,23.0,3.0,37.0,31.0,1.0,28.0
2022-09-07,7,NC,117,51,63,3,0.447,25.5,2022,9,7.0,5.0,0.0,5.0,27.0,3.0,28.0,24.0,0.0,35.0
2022-09-07,8,삼성,120,52,66,2,0.441,26.5,2022,9,7.0,8.0,0.0,2.0,23.0,2.0,32.0,29.0,0.0,34.0
2022-09-07,9,두산,117,48,67,2,0.417,29.0,2022,9,7.0,2.0,0.0,8.0,22.0,1.0,36.0,26.0,1.0,31.0
2022-09-07,10,한화,120,37,81,2,0.314,41.5,2022,9,7.0,3.0,0.0,7.0,24.0,0.0,35.0,13.0,2.0,46.0
2022-09-08,1,SSG,122,78,40,4,0.661,0.0,2022,9,8.0,3.0,1.0,6.0,43.0,0.0,18.0,35.0,4.0,22.0
2022-09-08,2,LG,118,72,44,2,0.621,5.0,2022,9,8.0,7.0,1.0,2.0,33.0,1.0,26.0,39.0,1.0,18.0
2022-09-08,3,키움,125,70,53,2,0.569,10.5,2022,9,8.0,6.0,0.0,4.0,34.0,1.0,27.0,36.0,1.0,26.0
2022-09-08,4,KT,122,68,52,2,0.567,11.0,2022,9,8.0,5.0,0.0,5.0,35.0,1.0,28.0,33.0,1.0,24.0
2022-09-08,5,KIA,121,60,60,1,0.5,19.0,2022,9,8.0,5.0,0.0,5.0,28.0,0.0,32.0,32.0,1.0,28.0
2022-09-08,6,롯데,124,55,65,4,0.458,24.0,2022,9,8.0,4.0,0.0,6.0,23.0,3.0,37.0,32.0,1.0,28.0
2022-09-08,7,NC,118,52,63,3,0.452,24.5,2022,9,8.0,6.0,0.0,4.0,27.0,3.0,28.0,25.0,0.0,35.0
2022-09-08,8,삼성,121,52,67,2,0.437,26.5,2022,9,8.0,7.0,0.0,3.0,23.0,2.0,33.0,29.0,0.0,34.0
2022-09-08,9,두산,118,48,68,2,0.414,29.0,2022,9,8.0,2.0,0.0,8.0,22.0,1.0,37.0,26.0,1.0,31.0
2022-09-08,10,한화,121,38,81,2,0.319,40.5,2022,9,8.0,3.0,0.0,7.0,24.0,0.0,35.0,14.0,2.0,46.0
2022-09-09,1,SSG,123,78,41,4,0.655,0.0,2022,9,9.0,3.0,1.0,6.0,43.0,0.0,19.0,35.0,4.0,22.0
2022-09-09,2,LG,119,73,44,2,0.624,4.0,2022,9,9.0,7.0,1.0,2.0,33.0,1.0,26.0,40.0,1.0,18.0
2022-09-09,3,키움,126,70,54,2,0.565,10.5,2022,9,9.0,6.0,0.0,4.0,34.0,1.0,28.0,36.0,1.0,26.0
2022-09-09,4,KT,123,68,53,2,0.562,11.0,2022,9,9.0,5.0,0.0,5.0,35.0,1.0,29.0,33.0,1.0,24.0
2022-09-09,5,KIA,122,61,60,1,0.504,18.0,2022,9,9.0,6.0,0.0,4.0,28.0,0.0,32.0,33.0,1.0,28.0
2022-09-09,6,NC,119,53,63,3,0.457,23.5,2022,9,9.0,6.0,0.0,4.0,27.0,3.0,28.0,26.0,0.0,35.0
2022-09-09,7,롯데,125,55,66,4,0.455,24.0,2022,9,9.0,4.0,0.0,6.0,23.0,3.0,37.0,32.0,1.0,29.0
2022-09-09,8,삼성,122,53,67,2,0.442,25.5,2022,9,9.0,8.0,0.0,2.0,24.0,2.0,33.0,29.0,0.0,34.0
2022-09-09,9,두산,119,49,68,2,0.419,28.0,2022,9,9.0,3.0,0.0,7.0,23.0,1.0,37.0,26.0,1.0,31.0
2022-09-09,10,한화,122,38,82,2,0.317,40.5,2022,9,9.0,3.0,0.0,7.0,24.0,0.0,35.0,14.0,2.0,47.0
2022-09-10,1,SSG,124,78,42,4,0.65,0.0,2022,9,10.0,2.0,1.0,7.0,43.0,0.0,19.0,35.0,4.0,23.0
2022-09-10,2,LG,120,74,44,2,0.627,3.0,2022,9,10.0,7.0,1.0,2.0,33.0,1.0,26.0,41.0,1.0,18.0
2022-09-10,3,KT,124,69,53,2,0.566,10.0,2022,9,10.0,6.0,0.0,4.0,35.0,1.0,29.0,34.0,1.0,24.0
2022-09-10,4,키움,127,70,55,2,0.56,10.5,2022,9,10.0,6.0,0.0,4.0,34.0,1.0,29.0,36.0,1.0,26.0
2022-09-10,5,KIA,123,62,60,1,0.508,17.0,2022,9,10.0,6.0,0.0,4.0,28.0,0.0,32.0,34.0,1.0,28.0
2022-09-10,6,NC,120,54,63,3,0.462,22.5,2022,9,10.0,6.0,0.0,4.0,27.0,3.0,28.0,27.0,0.0,35.0
2022-09-10,7,롯데,126,55,67,4,0.451,24.0,2022,9,10.0,3.0,0.0,7.0,23.0,3.0,38.0,32.0,1.0,29.0
2022-09-10,8,삼성,123,53,68,2,0.438,25.5,2022,9,10.0,7.0,0.0,3.0,24.0,2.0,34.0,29.0,0.0,34.0
2022-09-10,9,두산,120,49,69,2,0.415,28.0,2022,9,10.0,2.0,0.0,8.0,23.0,1.0,38.0,26.0,1.0,31.0
2022-09-10,10,한화,123,39,82,2,0.322,39.5,2022,9,10.0,4.0,0.0,6.0,25.0,0.0,35.0,14.0,2.0,47.0
2022-09-11,1,SSG,125,79,42,4,0.653,0.0,2022,9,11.0,3.0,1.0,6.0,43.0,0.0,19.0,36.0,4.0,23.0
2022-09-11,2,LG,121,74,45,2,0.622,4.0,2022,9,11.0,6.0,1.0,3.0,33.0,1.0,26.0,41.0,1.0,19.0
2022-09-11,3,키움,128,71,55,2,0.563,10.5,2022,9,11.0,6.0,0.0,4.0,35.0,1.0,29.0,36.0,1.0,26.0
2022-09-11,4,KT,125,69,54,2,0.561,11.0,2022,9,11.0,5.0,0.0,5.0,35.0,1.0,29.0,34.0,1.0,25.0
2022-09-11,5,KIA,124,62,61,1,0.504,18.0,2022,9,11.0,5.0,0.0,5.0,28.0,0.0,32.0,34.0,1.0,29.0
2022-09-11,6,NC,121,55,63,3,0.466,22.5,2022,9,11.0,7.0,0.0,3.0,27.0,3.0,28.0,28.0,0.0,35.0
2022-09-11,7,롯데,127,55,68,4,0.447,25.0,2022,9,11.0,3.0,0.0,7.0,23.0,3.0,39.0,32.0,1.0,29.0
2022-09-11,8,삼성,124,54,68,2,0.443,25.5,2022,9,11.0,7.0,0.0,3.0,25.0,2.0,34.0,29.0,0.0,34.0
2022-09-11,9,두산,121,50,69,2,0.42,28.0,2022,9,11.0,3.0,0.0,7.0,24.0,1.0,38.0,26.0,1.0,31.0
2022-09-11,10,한화,124,39,83,2,0.32,40.5,2022,9,11.0,4.0,0.0,6.0,25.0,0.0,36.0,14.0,2.0,47.0
2022-09-13,1,SSG,126,79,43,4,0.648,0.0,2022,9,13.0,3.0,1.0,6.0,43.0,0.0,19.0,36.0,4.0,24.0
2022-09-13,2,LG,122,75,45,2,0.625,3.0,2022,9,13.0,6.0,1.0,3.0,33.0,1.0,26.0,42.0,1.0,19.0
2022-09-13,3,키움,129,72,55,2,0.567,9.5,2022,9,13.0,6.0,0.0,4.0,35.0,1.0,29.0,37.0,1.0,26.0
2022-09-13,4,KT,126,70,54,2,0.565,10.0,2022,9,13.0,6.0,0.0,4.0,35.0,1.0,29.0,35.0,1.0,25.0
2022-09-13,5,KIA,125,62,62,1,0.5,18.0,2022,9,13.0,5.0,0.0,5.0,28.0,0.0,33.0,34.0,1.0,29.0
2022-09-13,6,NC,122,55,64,3,0.462,22.5,2022,9,13.0,6.0,0.0,4.0,27.0,3.0,29.0,28.0,0.0,35.0
2022-09-13,7,롯데,128,56,68,4,0.452,24.0,2022,9,13.0,4.0,0.0,6.0,24.0,3.0,39.0,32.0,1.0,29.0
2022-09-13,8,삼성,125,55,68,2,0.447,24.5,2022,9,13.0,7.0,0.0,3.0,25.0,2.0,34.0,30.0,0.0,34.0
2022-09-13,9,두산,122,50,70,2,0.417,28.0,2022,9,13.0,3.0,0.0,7.0,24.0,1.0,39.0,26.0,1.0,31.0
2022-09-13,10,한화,125,39,84,2,0.317,40.5,2022,9,13.0,4.0,0.0,6.0,25.0,0.0,37.0,14.0,2.0,47.0
2022-09-14,1,SSG,127,80,43,4,0.65,0.0,2022,9,14.0,4.0,1.0,5.0,43.0,0.0,19.0,37.0,4.0,24.0
2022-09-14,2,LG,123,75,46,2,0.62,4.0,2022,9,14.0,5.0,1.0,4.0,33.0,1.0,26.0,42.0,1.0,20.0
2022-09-14,3,키움,130,73,55,2,0.57,9.5,2022,9,14.0,6.0,0.0,4.0,35.0,1.0,29.0,38.0,1.0,26.0
2022-09-14,4,KT,127,70,55,2,0.56,11.0,2022,9,14.0,6.0,0.0,4.0,35.0,1.0,29.0,35.0,1.0,26.0
2022-09-14,5,KIA,126,62,63,1,0.496,19.0,2022,9,14.0,4.0,0.0,6.0,28.0,0.0,34.0,34.0,1.0,29.0
2022-09-14,6,NC,123,56,64,3,0.467,22.5,2022,9,14.0,7.0,0.0,3.0,28.0,3.0,29.0,28.0,0.0,35.0
2022-09-14,7,롯데,129,56,69,4,0.448,25.0,2022,9,14.0,4.0,0.0,6.0,24.0,3.0,40.0,32.0,1.0,29.0
2022-09-14,8,삼성,126,55,69,2,0.444,25.5,2022,9,14.0,6.0,0.0,4.0,25.0,2.0,34.0,30.0,0.0,35.0
2022-09-14,9,두산,123,51,70,2,0.421,28.0,2022,9,14.0,3.0,0.0,7.0,25.0,1.0,39.0,26.0,1.0,31.0
2022-09-14,10,한화,126,40,84,2,0.323,40.5,2022,9,14.0,5.0,0.0,5.0,26.0,0.0,37.0,14.0,2.0,47.0
2022-09-15,1,SSG,128,80,44,4,0.645,0.0,2022,9,15.0,3.0,1.0,6.0,43.0,0.0,19.0,37.0,4.0,25.0
2022-09-15,2,LG,124,76,46,2,0.623,3.0,2022,9,15.0,5.0,1.0,4.0,34.0,1.0,26.0,42.0,1.0,20.0
2022-09-15,3,키움,131,73,56,2,0.566,9.5,2022,9,15.0,5.0,0.0,5.0,35.0,1.0,29.0,38.0,1.0,27.0
2022-09-15,4,KT,128,70,56,2,0.556,11.0,2022,9,15.0,5.0,0.0,5.0,35.0,1.0,29.0,35.0,1.0,27.0
2022-09-15,5,KIA,127,62,64,1,0.492,19.0,2022,9,15.0,4.0,0.0,6.0,28.0,0.0,35.0,34.0,1.0,29.0
2022-09-15,6,NC,124,57,64,3,0.471,21.5,2022,9,15.0,8.0,0.0,2.0,29.0,3.0,29.0,28.0,0.0,35.0
2022-09-15,7,롯데,130,57,69,4,0.452,24.0,2022,9,15.0,4.0,0.0,6.0,25.0,3.0,40.0,32.0,1.0,29.0
2022-09-15,8,삼성,127,56,69,2,0.448,24.5,2022,9,15.0,7.0,0.0,3.0,26.0,2.0,34.0,30.0,0.0,35.0
2022-09-15,9,두산,124,51,71,2,0.418,28.0,2022,9,15.0,3.0,0.0,7.0,25.0,1.0,39.0,26.0,1.0,32.0
2022-09-15,10,한화,127,41,84,2,0.328,39.5,2022,9,15.0,5.0,0.0,5.0,26.0,0.0,37.0,15.0,2.0,47.0
2022-09-16,1,SSG,129,81,44,4,0.648,0.0,2022,9,16.0,4.0,1.0,5.0,43.0,0.0,19.0,38.0,4.0,25.0
2022-09-16,2,LG,124,76,46,2,0.623,3.5,2022,9,16.0,5.0,1.0,4.0,34.0,1.0,26.0,42.0,1.0,20.0
2022-09-16,3,키움,132,74,56,2,0.569,9.5,2022,9,16.0,5.0,0.0,5.0,35.0,1.0,29.0,39.0,1.0,27.0
2022-09-16,4,KT,128,70,56,2,0.556,11.5,2022,9,16.0,5.0,0.0,5.0,35.0,1.0,29.0,35.0,1.0,27.0
2022-09-16,5,KIA,128,62,65,1,0.488,20.0,2022,9,16.0,4.0,0.0,6.0,28.0,0.0,36.0,34.0,1.0,29.0
2022-09-16,6,NC,125,57,65,3,0.467,22.5,2022,9,16.0,8.0,0.0,2.0,29.0,3.0,30.0,28.0,0.0,35.0
2022-09-16,7,롯데,131,57,70,4,0.449,25.0,2022,9,16.0,4.0,0.0,6.0,25.0,3.0,41.0,32.0,1.0,29.0
2022-09-16,8,삼성,128,56,70,2,0.444,25.5,2022,9,16.0,6.0,0.0,4.0,26.0,2.0,35.0,30.0,0.0,35.0
2022-09-16,9,두산,125,52,71,2,0.423,28.0,2022,9,16.0,4.0,0.0,6.0,25.0,1.0,39.0,27.0,1.0,32.0
2022-09-16,10,한화,128,42,84,2,0.333,39.5,2022,9,16.0,5.0,0.0,5.0,26.0,0.0,37.0,16.0,2.0,47.0
2022-09-17,1,SSG,130,81,45,4,0.643,0.0,2022,9,17.0,3.0,1.0,6.0,43.0,0.0,20.0,38.0,4.0,25.0
2022-09-17,2,LG,125,77,46,2,0.626,2.5,2022,9,17.0,5.0,1.0,4.0,35.0,1.0,26.0,42.0,1.0,20.0
2022-09-17,3,키움,133,75,56,2,0.573,8.5,2022,9,17.0,6.0,0.0,4.0,36.0,1.0,29.0,39.0,1.0,27.0
2022-09-17,4,KT,129,70,57,2,0.551,11.5,2022,9,17.0,4.0,0.0,6.0,35.0,1.0,30.0,35.0,1.0,27.0
2022-09-17,5,KIA,129,62,66,1,0.484,20.0,2022,9,17.0,4.0,0.0,6.0,28.0,0.0,36.0,34.0,1.0,30.0
2022-09-17,6,NC,126,57,66,3,0.463,22.5,2022,9,17.0,7.0,0.0,3.0,29.0,3.0,30.0,28.0,0.0,36.0
2022-09-17,7,롯데,132,58,70,4,0.453,24.0,2022,9,17.0,4.0,0.0,6.0,25.0,3.0,41.0,33.0,1.0,29.0
2022-09-17,8,삼성,129,57,70,2,0.449,24.5,2022,9,17.0,6.0,0.0,4.0,27.0,2.0,35.0,30.0,0.0,35.0
2022-09-17,9,두산,126,53,71,2,0.427,27.0,2022,9,17.0,5.0,0.0,5.0,25.0,1.0,39.0,28.0,1.0,32.0
2022-09-17,10,한화,129,42,85,2,0.331,39.5,2022,9,17.0,5.0,0.0,5.0,26.0,0.0,37.0,16.0,2.0,48.0
2022-09-18,1,SSG,131,82,45,4,0.646,0.0,2022,9,18.0,4.0,0.0,6.0,44.0,0.0,20.0,38.0,4.0,25.0
2022-09-18,2,LG,126,77,47,2,0.621,3.5,2022,9,18.0,5.0,1.0,4.0,35.0,1.0,27.0,42.0,1.0,20.0
2022-09-18,3,키움,134,75,57,2,0.568,9.5,2022,9,18.0,6.0,0.0,4.0,36.0,1.0,30.0,39.0,1.0,27.0
2022-09-18,4,KT,130,71,57,2,0.555,11.5,2022,9,18.0,4.0,0.0,6.0,36.0,1.0,30.0,35.0,1.0,27.0
2022-09-18,5,KIA,130,62,67,1,0.481,21.0,2022,9,18.0,3.0,0.0,7.0,28.0,0.0,36.0,34.0,1.0,31.0
2022-09-18,6,NC,127,58,66,3,0.468,22.5,2022,9,18.0,7.0,0.0,3.0,29.0,3.0,30.0,29.0,0.0,36.0
2022-09-18,7,삼성,130,58,70,2,0.453,24.5,2022,9,18.0,6.0,0.0,4.0,28.0,2.0,35.0,30.0,0.0,35.0
2022-09-18,8,롯데,133,58,71,4,0.45,25.0,2022,9,18.0,4.0,0.0,6.0,25.0,3.0,41.0,33.0,1.0,30.0
2022-09-18,9,두산,127,53,72,2,0.424,28.0,2022,9,18.0,5.0,0.0,5.0,25.0,1.0,39.0,28.0,1.0,33.0
2022-09-18,10,한화,130,43,85,2,0.336,39.5,2022,9,18.0,6.0,0.0,4.0,26.0,0.0,37.0,17.0,2.0,48.0
2022-09-20,1,SSG,132,83,45,4,0.648,0.0,2022,9,20.0,5.0,0.0,5.0,45.0,0.0,20.0,38.0,4.0,25.0
2022-09-20,2,LG,127,78,47,2,0.624,3.5,2022,9,20.0,6.0,0.0,4.0,35.0,1.0,27.0,43.0,1.0,20.0
2022-09-20,3,키움,135,75,58,2,0.564,10.5,2022,9,20.0,5.0,0.0,5.0,36.0,1.0,31.0,39.0,1.0,27.0
2022-09-20,4,KT,131,71,58,2,0.55,12.5,2022,9,20.0,3.0,0.0,7.0,36.0,1.0,30.0,35.0,1.0,28.0
2022-09-20,5,KIA,131,62,68,1,0.477,22.0,2022,9,20.0,2.0,0.0,8.0,28.0,0.0,37.0,34.0,1.0,31.0
2022-09-20,6,NC,128,58,67,3,0.464,23.5,2022,9,20.0,6.0,0.0,4.0,29.0,3.0,30.0,29.0,0.0,37.0
2022-09-20,7,삼성,131,59,70,2,0.457,24.5,2022,9,20.0,7.0,0.0,3.0,28.0,2.0,35.0,31.0,0.0,35.0
2022-09-20,8,롯데,134,59,71,4,0.454,25.0,2022,9,20.0,4.0,0.0,6.0,25.0,3.0,41.0,34.0,1.0,30.0
2022-09-20,9,두산,128,54,72,2,0.429,28.0,2022,9,20.0,6.0,0.0,4.0,26.0,1.0,39.0,28.0,1.0,33.0
2022-09-20,10,한화,131,43,86,2,0.333,40.5,2022,9,20.0,5.0,0.0,5.0,26.0,0.0,38.0,17.0,2.0,48.0
2022-09-21,1,SSG,133,83,46,4,0.643,0.0,2022,9,21.0,5.0,0.0,5.0,45.0,0.0,21.0,38.0,4.0,25.0
2022-09-21,2,LG,128,79,47,2,0.627,2.5,2022,9,21.0,7.0,0.0,3.0,35.0,1.0,27.0,44.0,1.0,20.0
2022-09-21,3,키움,136,76,58,2,0.567,9.5,2022,9,21.0,6.0,0.0,4.0,37.0,1.0,31.0,39.0,1.0,27.0
2022-09-21,4,KT,132,72,58,2,0.554,11.5,2022,9,21.0,4.0,0.0,6.0,36.0,1.0,30.0,36.0,1.0,28.0
2022-09-21,5,KIA,132,62,69,1,0.473,22.0,2022,9,21.0,1.0,0.0,9.0,28.0,0.0,38.0,34.0,1.0,31.0
2022-09-21,6,NC,129,59,67,3,0.468,22.5,2022,9,21.0,6.0,0.0,4.0,29.0,3.0,30.0,30.0,0.0,37.0
2022-09-21,7,롯데,135,60,71,4,0.458,24.0,2022,9,21.0,5.0,0.0,5.0,25.0,3.0,41.0,35.0,1.0,30.0
2022-09-21,8,삼성,132,59,71,2,0.454,24.5,2022,9,21.0,6.0,0.0,4.0,28.0,2.0,35.0,31.0,0.0,36.0
2022-09-21,9,두산,129,54,73,2,0.425,28.0,2022,9,21.0,5.0,0.0,5.0,26.0,1.0,40.0,28.0,1.0,33.0
2022-09-21,10,한화,132,43,87,2,0.331,40.5,2022,9,21.0,5.0,0.0,5.0,26.0,0.0,39.0,17.0,2.0,48.0
2022-09-22,1,SSG,134,84,46,4,0.646,0.0,2022,9,22.0,6.0,0.0,4.0,46.0,0.0,21.0,38.0,4.0,25.0
2022-09-22,2,LG,129,79,48,2,0.622,3.5,2022,9,22.0,6.0,0.0,4.0,35.0,1.0,28.0,44.0,1.0,20.0
2022-09-22,3,키움,137,76,59,2,0.563,10.5,2022,9,22.0,6.0,0.0,4.0,37.0,1.0,32.0,39.0,1.0,27.0
2022-09-22,4,KT,133,73,58,2,0.557,11.5,2022,9,22.0,5.0,0.0,5.0,36.0,1.0,30.0,37.0,1.0,28.0
2022-09-22,5,KIA,133,63,69,1,0.477,22.0,2022,9,22.0,1.0,0.0,9.0,28.0,0.0,38.0,35.0,1.0,31.0
2022-09-22,6,NC,130,59,68,3,0.465,23.5,2022,9,22.0,5.0,0.0,5.0,29.0,3.0,31.0,30.0,0.0,37.0
2022-09-22,7,롯데,136,61,71,4,0.462,24.0,2022,9,22.0,6.0,0.0,4.0,25.0,3.0,41.0,36.0,1.0,30.0
2022-09-22,8,삼성,133,59,72,2,0.45,25.5,2022,9,22.0,6.0,0.0,4.0,28.0,2.0,36.0,31.0,0.0,36.0
2022-09-22,9,두산,130,55,73,2,0.43,28.0,2022,9,22.0,6.0,0.0,4.0,26.0,1.0,40.0,29.0,1.0,33.0
2022-09-22,10,한화,133,43,88,2,0.328,41.5,2022,9,22.0,4.0,0.0,6.0,26.0,0.0,39.0,17.0,2.0,49.0
2022-09-23,1,SSG,135,85,46,4,0.649,0.0,2022,9,23.0,6.0,0.0,4.0,47.0,0.0,21.0,38.0,4.0,25.0
2022-09-23,2,LG,130,80,48,2,0.625,3.5,2022,9,23.0,6.0,0.0,4.0,36.0,1.0,28.0,44.0,1.0,20.0
2022-09-23,3,키움,138,77,59,2,0.566,10.5,2022,9,23.0,6.0,0.0,4.0,38.0,1.0,32.0,39.0,1.0,27.0
2022-09-23,4,KT,134,73,59,2,0.553,12.5,2022,9,23.0,4.0,0.0,6.0,36.0,1.0,30.0,37.0,1.0,29.0
2022-09-23,5,KIA,134,63,70,1,0.474,23.0,2022,9,23.0,1.0,0.0,9.0,28.0,0.0,38.0,35.0,1.0,32.0
2022-09-23,6,NC,131,60,68,3,0.469,23.5,2022,9,23.0,5.0,0.0,5.0,30.0,3.0,31.0,30.0,0.0,37.0
2022-09-23,7,롯데,137,61,72,4,0.459,25.0,2022,9,23.0,6.0,0.0,4.0,25.0,3.0,41.0,36.0,1.0,31.0
2022-09-23,8,삼성,134,60,72,2,0.455,25.5,2022,9,23.0,6.0,0.0,4.0,29.0,2.0,36.0,31.0,0.0,36.0
2022-09-23,9,두산,131,55,74,2,0.426,29.0,2022,9,23.0,5.0,0.0,5.0,26.0,1.0,40.0,29.0,1.0,34.0
2022-09-23,10,한화,134,43,89,2,0.326,42.5,2022,9,23.0,4.0,0.0,6.0,26.0,0.0,39.0,17.0,2.0,50.0
2022-09-24,1,SSG,136,86,46,4,0.652,0.0,2022,9,24.0,7.0,0.0,3.0,48.0,0.0,21.0,38.0,4.0,25.0
2022-09-24,2,LG,131,80,49,2,0.62,4.5,2022,9,24.0,6.0,0.0,4.0,36.0,1.0,29.0,44.0,1.0,20.0
2022-09-24,3,키움,139,78,59,2,0.569,10.5,2022,9,24.0,6.0,0.0,4.0,39.0,1.0,32.0,39.0,1.0,27.0
2022-09-24,4,KT,134,73,59,2,0.553,13.0,2022,9,24.0,4.0,0.0,6.0,36.0,1.0,30.0,37.0,1.0,29.0
2022-09-24,5,KIA,135,64,70,1,0.478,23.0,2022,9,24.0,2.0,0.0,8.0,28.0,0.0,38.0,36.0,1.0,32.0
2022-09-24,6,NC,132,60,69,3,0.465,24.5,2022,9,24.0,5.0,0.0,5.0,30.0,3.0,32.0,30.0,0.0,37.0
2022-09-24,7,롯데,138,61,73,4,0.455,26.0,2022,9,24.0,5.0,0.0,5.0,25.0,3.0,41.0,36.0,1.0,32.0
2022-09-24,8,삼성,134,60,72,2,0.455,26.0,2022,9,24.0,6.0,0.0,4.0,29.0,2.0,36.0,31.0,0.0,36.0
2022-09-24,9,두산,132,55,75,2,0.423,30.0,2022,9,24.0,5.0,0.0,5.0,26.0,1.0,40.0,29.0,1.0,35.0
2022-09-24,10,한화,135,44,89,2,0.331,42.5,2022,9,24.0,5.0,0.0,5.0,26.0,0.0,39.0,18.0,2.0,50.0
2022-09-25,1,SSG,137,86,47,4,0.647,0.0,2022,9,25.0,6.0,0.0,4.0,48.0,0.0,22.0,38.0,4.0,25.0
2022-09-25,2,LG,132,81,49,2,0.623,3.5,2022,9,25.0,6.0,0.0,4.0,36.0,1.0,29.0,45.0,1.0,20.0
2022-09-25,3,키움,139,78,59,2,0.569,10.0,2022,9,25.0,6.0,0.0,4.0,39.0,1.0,32.0,39.0,1.0,27.0
2022-09-25,4,KT,135,74,59,2,0.556,12.0,2022,9,25.0,5.0,0.0,5.0,36.0,1.0,30.0,38.0,1.0,29.0
2022-09-25,5,KIA,136,65,70,1,0.481,22.0,2022,9,25.0,3.0,0.0,7.0,28.0,0.0,38.0,37.0,1.0,32.0
2022-09-25,6,NC,133,60,70,3,0.462,24.5,2022,9,25.0,4.0,0.0,6.0,30.0,3.0,33.0,30.0,0.0,37.0
2022-09-25,7,롯데,138,61,73,4,0.455,25.5,2022,9,25.0,5.0,0.0,5.0,25.0,3.0,41.0,36.0,1.0,32.0
2022-09-25,8,삼성,135,60,73,2,0.451,26.0,2022,9,25.0,5.0,0.0,5.0,29.0,2.0,37.0,31.0,0.0,36.0
2022-09-25,9,두산,133,56,75,2,0.427,29.0,2022,9,25.0,5.0,0.0,5.0,27.0,1.0,40.0,29.0,1.0,35.0
2022-09-25,10,한화,136,44,90,2,0.328,42.5,2022,9,25.0,4.0,0.0,6.0,26.0,0.0,39.0,18.0,2.0,51.0
2022-09-27,1,SSG,137,86,47,4,0.647,0.0,2022,9,27.0,6.0,0.0,4.0,48.0,0.0,22.0,38.0,4.0,25.0
2022-09-27,2,LG,133,82,49,2,0.626,3.0,2022,9,27.0,7.0,0.0,3.0,36.0,1.0,29.0,46.0,1.0,20.0
2022-09-27,3,키움,140,78,60,2,0.565,10.5,2022,9,27.0,5.0,0.0,5.0,39.0,1.0,32.0,39.0,1.0,28.0
2022-09-27,4,KT,136,75,59,2,0.56,11.5,2022,9,27.0,5.0,0.0,5.0,37.0,1.0,30.0,38.0,1.0,29.0
2022-09-27,5,KIA,136,65,70,1,0.481,22.0,2022,9,27.0,3.0,0.0,7.0,28.0,0.0,38.0,37.0,1.0,32.0
2022-09-27,6,NC,134,61,70,3,0.466,24.0,2022,9,27.0,4.0,0.0,6.0,31.0,3.0,33.0,30.0,0.0,37.0
2022-09-27,7,롯데,138,61,73,4,0.455,25.5,2022,9,27.0,5.0,0.0,5.0,25.0,3.0,41.0,36.0,1.0,32.0
2022-09-27,8,삼성,135,60,73,2,0.451,26.0,2022,9,27.0,5.0,0.0,5.0,29.0,2.0,37.0,31.0,0.0,36.0
2022-09-27,9,두산,134,56,76,2,0.424,29.5,2022,9,27.0,5.0,0.0,5.0,27.0,1.0,40.0,29.0,1.0,36.0
2022-09-27,10,한화,137,44,91,2,0.326,43.0,2022,9,27.0,3.0,0.0,7.0,26.0,0.0,40.0,18.0,2.0,51.0
2022-09-28,1,SSG,137,86,47,4,0.647,0.0,2022,9,28.0,6.0,0.0,4.0,48.0,0.0,22.0,38.0,4.0,25.0
2022-09-28,2,LG,134,83,49,2,0.629,2.5,2022,9,28.0,7.0,0.0,3.0,36.0,1.0,29.0,47.0,1.0,20.0
2022-09-28,3,키움,140,78,60,2,0.565,10.5,2022,9,28.0,5.0,0.0,5.0,39.0,1.0,32.0,39.0,1.0,28.0
2022-09-28,4,KT,137,76,59,2,0.563,11.0,2022,9,28.0,6.0,0.0,4.0,38.0,1.0,30.0,38.0,1.0,29.0
2022-09-28,5,KIA,136,65,70,1,0.481,22.0,2022,9,28.0,3.0,0.0,7.0,28.0,0.0,38.0,37.0,1.0,32.0
2022-09-28,6,NC,135,62,70,3,0.47,23.5,2022,9,28.0,5.0,0.0,5.0,32.0,3.0,33.0,30.0,0.0,37.0
2022-09-28,7,롯데,138,61,73,4,0.455,25.5,2022,9,28.0,5.0,0.0,5.0,25.0,3.0,41.0,36.0,1.0,32.0
2022-09-28,8,삼성,136,60,74,2,0.448,26.5,2022,9,28.0,5.0,0.0,5.0,29.0,2.0,37.0,31.0,0.0,37.0
2022-09-28,9,두산,135,56,77,2,0.421,30.0,2022,9,28.0,4.0,0.0,6.0,27.0,1.0,40.0,29.0,1.0,37.0
2022-09-28,10,한화,138,44,92,2,0.324,43.5,2022,9,28.0,2.0,0.0,8.0,26.0,0.0,41.0,18.0,2.0,51.0
2022-09-29,1,SSG,138,86,48,4,0.642,0.0,2022,9,29.0,6.0,0.0,4.0,48.0,0.0,23.0,38.0,4.0,25.0
2022-09-29,2,LG,135,83,50,2,0.624,2.5,2022,9,29.0,6.0,0.0,4.0,36.0,1.0,30.0,47.0,1.0,20.0
2022-09-29,3,키움,141,79,60,2,0.568,9.5,2022,9,29.0,6.0,0.0,4.0,39.0,1.0,32.0,40.0,1.0,28.0
2022-09-29,4,KT,138,77,59,2,0.566,10.0,2022,9,29.0,7.0,0.0,3.0,38.0,1.0,30.0,39.0,1.0,29.0
2022-09-29,5,KIA,137,66,70,1,0.485,21.0,2022,9,29.0,4.0,0.0,6.0,29.0,0.0,38.0,37.0,1.0,32.0
2022-09-29,6,NC,136,62,71,3,0.466,23.5,2022,9,29.0,5.0,0.0,5.0,32.0,3.0,33.0,30.0,0.0,38.0
2022-09-29,7,삼성,137,61,74,2,0.452,25.5,2022,9,29.0,5.0,0.0,5.0,30.0,2.0,37.0,31.0,0.0,37.0
2022-09-29,7,롯데,139,61,74,4,0.452,25.5,2022,9,29.0,5.0,0.0,5.0,25.0,3.0,41.0,36.0,1.0,33.0
2022-09-29,9,두산,136,57,77,2,0.425,29.0,2022,9,29.0,4.0,0.0,6.0,27.0,1.0,40.0,30.0,1.0,37.0
2022-09-29,10,한화,139,44,93,2,0.321,43.5,2022,9,29.0,2.0,0.0,8.0,26.0,0.0,42.0,18.0,2.0,51.0
2022-09-30,1,SSG,139,87,48,4,0.644,0.0,2022,9,30.0,6.0,0.0,4.0,49.0,0.0,23.0,38.0,4.0,25.0
2022-09-30,2,LG,136,84,50,2,0.627,2.5,2022,9,30.0,7.0,0.0,3.0,37.0,1.0,30.0,47.0,1.0,20.0
2022-09-30,3,KT,138,77,59,2,0.566,10.5,2022,9,30.0,7.0,0.0,3.0,38.0,1.0,30.0,39.0,1.0,29.0
2022-09-30,4,키움,142,79,61,2,0.564,10.5,2022,9,30.0,5.0,0.0,5.0,39.0,1.0,32.0,40.0,1.0,29.0
2022-09-30,5,KIA,137,66,70,1,0.485,21.5,2022,9,30.0,4.0,0.0,6.0,29.0,0.0,38.0,37.0,1.0,32.0
2022-09-30,6,NC,137,62,72,3,0.463,24.5,2022,9,30.0,4.0,0.0,6.0,32.0,3.0,33.0,30.0,0.0,39.0
2022-09-30,7,삼성,138,62,74,2,0.456,25.5,2022,9,30.0,6.0,0.0,4.0,31.0,2.0,37.0,31.0,0.0,37.0
2022-09-30,7,롯데,140,62,74,4,0.456,25.5,2022,9,30.0,5.0,0.0,5.0,25.0,3.0,41.0,37.0,1.0,33.0
2022-09-30,9,두산,137,57,78,2,0.422,30.0,2022,9,30.0,4.0,0.0,6.0,27.0,1.0,40.0,30.0,1.0,38.0
2022-09-30,10,한화,140,44,94,2,0.319,44.5,2022,9,30.0,1.0,0.0,9.0,26.0,0.0,43.0,18.0,2.0,51.0
2022-10-01,1,SSG,140,88,48,4,0.647,0.0,2022,10,1.0,7.0,0.0,3.0,49.0,0.0,23.0,39.0,4.0,25.0
2022-10-01,2,LG,137,84,51,2,0.622,3.5,2022,10,1.0,6.0,0.0,4.0,37.0,1.0,31.0,47.0,1.0,20.0
2022-10-01,3,KT,138,77,59,2,0.566,11.0,2022,10,1.0,7.0,0.0,3.0,38.0,1.0,30.0,39.0,1.0,29.0
2022-10-01,4,키움,142,79,61,2,0.564,11.0,2022,10,1.0,5.0,0.0,5.0,39.0,1.0,32.0,40.0,1.0,29.0
2022-10-01,5,KIA,138,66,71,1,0.482,22.5,2022,10,1.0,4.0,0.0,6.0,29.0,0.0,39.0,37.0,1.0,32.0
2022-10-01,6,NC,138,63,72,3,0.467,24.5,2022,10,1.0,5.0,0.0,5.0,32.0,3.0,33.0,31.0,0.0,39.0
2022-10-01,7,삼성,139,63,74,2,0.46,25.5,2022,10,1.0,6.0,0.0,4.0,32.0,2.0,37.0,31.0,0.0,37.0
2022-10-01,8,롯데,140,62,74,4,0.456,26.0,2022,10,1.0,5.0,0.0,5.0,25.0,3.0,41.0,37.0,1.0,33.0
2022-10-01,9,두산,138,57,79,2,0.419,31.0,2022,10,1.0,3.0,0.0,7.0,27.0,1.0,40.0,30.0,1.0,39.0
2022-10-01,10,한화,140,44,94,2,0.319,45.0,2022,10,1.0,1.0,0.0,9.0,26.0,0.0,43.0,18.0,2.0,51.0
2022-10-02,1,SSG,140,88,48,4,0.647,0.0,2022,10,2.0,7.0,0.0,3.0,49.0,0.0,23.0,39.0,4.0,25.0
2022-10-02,2,LG,138,84,52,2,0.618,4.0,2022,10,2.0,5.0,0.0,5.0,37.0,1.0,32.0,47.0,1.0,20.0
2022-10-02,3,KT,138,77,59,2,0.566,11.0,2022,10,2.0,7.0,0.0,3.0,38.0,1.0,30.0,39.0,1.0,29.0
2022-10-02,4,키움,142,79,61,2,0.564,11.0,2022,10,2.0,5.0,0.0,5.0,39.0,1.0,32.0,40.0,1.0,29.0
2022-10-02,5,KIA,139,67,71,1,0.486,22.0,2022,10,2.0,5.0,0.0,5.0,29.0,0.0,39.0,38.0,1.0,32.0
2022-10-02,6,NC,139,64,72,3,0.471,24.0,2022,10,2.0,5.0,0.0,5.0,32.0,3.0,33.0,32.0,0.0,39.0
2022-10-02,7,삼성,139,63,74,2,0.46,25.5,2022,10,2.0,6.0,0.0,4.0,32.0,2.0,37.0,31.0,0.0,37.0
2022-10-02,7,롯데,141,63,74,4,0.46,25.5,2022,10,2.0,6.0,0.0,4.0,26.0,3.0,41.0,37.0,1.0,33.0
2022-10-02,9,두산,139,57,80,2,0.416,31.5,2022,10,2.0,3.0,0.0,7.0,27.0,1.0,40.0,30.0,1.0,40.0
2022-10-02,10,한화,141,44,95,2,0.317,45.5,2022,10,2.0,1.0,0.0,9.0,26.0,0.0,44.0,18.0,2.0,51.0
2022-10-03,1,SSG,141,88,49,4,0.642,0.0,2022,10,3.0,6.0,0.0,4.0,49.0,0.0,23.0,39.0,4.0,26.0
2022-10-03,2,LG,138,84,52,2,0.618,3.5,2022,10,3.0,5.0,0.0,5.0,37.0,1.0,32.0,47.0,1.0,20.0
2022-10-03,3,KT,138,77,59,2,0.566,10.5,2022,10,3.0,7.0,0.0,3.0,38.0,1.0,30.0,39.0,1.0,29.0
2022-10-03,4,키움,142,79,61,2,0.564,10.5,2022,10,3.0,5.0,0.0,5.0,39.0,1.0,32.0,40.0,1.0,29.0
2022-10-03,5,KIA,139,67,71,1,0.486,21.5,2022,10,3.0,5.0,0.0,5.0,29.0,0.0,39.0,38.0,1.0,32.0
2022-10-03,6,NC,139,64,72,3,0.471,23.5,2022,10,3.0,5.0,0.0,5.0,32.0,3.0,33.0,32.0,0.0,39.0
2022-10-03,7,삼성,139,63,74,2,0.46,25.0,2022,10,3.0,6.0,0.0,4.0,32.0,2.0,37.0,31.0,0.0,37.0
2022-10-03,8,롯데,142,63,75,4,0.457,25.5,2022,10,3.0,5.0,0.0,5.0,26.0,3.0,42.0,37.0,1.0,33.0
2022-10-03,9,두산,140,58,80,2,0.42,30.5,2022,10,3.0,3.0,0.0,7.0,27.0,1.0,40.0,31.0,1.0,40.0
2022-10-03,10,한화,142,45,95,2,0.321,44.5,2022,10,3.0,2.0,0.0,8.0,27.0,0.0,44.0,18.0,2.0,51.0
2022-10-04,1,SSG,141,88,49,4,0.642,0.0,2022,10,4.0,6.0,0.0,4.0,49.0,0.0,23.0,39.0,4.0,26.0
2022-10-04,2,LG,139,84,53,2,0.613,4.0,2022,10,4.0,5.0,0.0,5.0,37.0,1.0,33.0,47.0,1.0,20.0
2022-10-04,3,KT,139,78,59,2,0.569,10.0,2022,10,4.0,8.0,0.0,2.0,39.0,1.0,30.0,39.0,1.0,29.0
2022-10-04,4,키움,142,79,61,2,0.564,10.5,2022,10,4.0,5.0,0.0,5.0,39.0,1.0,32.0,40.0,1.0,29.0
2022-10-04,5,KIA,140,68,71,1,0.489,21.0,2022,10,4.0,6.0,0.0,4.0,29.0,0.0,39.0,39.0,1.0,32.0
2022-10-04,6,NC,139,64,72,3,0.471,23.5,2022,10,4.0,5.0,0.0,5.0,32.0,3.0,33.0,32.0,0.0,39.0
2022-10-04,7,삼성,140,63,75,2,0.457,25.5,2022,10,4.0,5.0,0.0,5.0,32.0,2.0,37.0,31.0,0.0,38.0
2022-10-04,7,롯데,142,63,75,4,0.457,25.5,2022,10,4.0,5.0,0.0,5.0,26.0,3.0,42.0,37.0,1.0,33.0
2022-10-04,9,두산,140,58,80,2,0.42,30.5,2022,10,4.0,3.0,0.0,7.0,27.0,1.0,40.0,31.0,1.0,40.0
2022-10-04,10,한화,142,45,95,2,0.321,44.5,2022,10,4.0,2.0,0.0,8.0,27.0,0.0,44.0,18.0,2.0,51.0
2022-10-05,1,SSG,142,88,50,4,0.638,0.0,2022,10,5.0,5.0,0.0,5.0,49.0,0.0,23.0,39.0,4.0,27.0
2022-10-05,2,LG,140,85,53,2,0.616,3.0,2022,10,5.0,5.0,0.0,5.0,37.0,1.0,33.0,48.0,1.0,20.0
2022-10-05,3,KT,140,78,60,2,0.565,10.0,2022,10,5.0,7.0,0.0,3.0,39.0,1.0,31.0,39.0,1.0,29.0
2022-10-05,4,키움,142,79,61,2,0.564,10.0,2022,10,5.0,5.0,0.0,5.0,39.0,1.0,32.0,40.0,1.0,29.0
2022-10-05,5,KIA,141,68,72,1,0.486,21.0,2022,10,5.0,6.0,0.0,4.0,29.0,0.0,40.0,39.0,1.0,32.0
2022-10-05,6,NC,140,65,72,3,0.474,22.5,2022,10,5.0,6.0,0.0,4.0,33.0,3.0,33.0,32.0,0.0,39.0
2022-10-05,7,삼성,141,64,75,2,0.46,24.5,2022,10,5.0,5.0,0.0,5.0,32.0,2.0,37.0,32.0,0.0,38.0
2022-10-05,8,롯데,143,63,76,4,0.453,25.5,2022,10,5.0,5.0,0.0,5.0,26.0,3.0,42.0,37.0,1.0,34.0
2022-10-05,9,두산,141,59,80,2,0.424,29.5,2022,10,5.0,4.0,0.0,6.0,28.0,1.0,40.0,31.0,1.0,40.0
2022-10-05,10,한화,142,45,95,2,0.321,44.0,2022,10,5.0,2.0,0.0,8.0,27.0,0.0,44.0,18.0,2.0,51.0
2022-10-06,1,SSG,143,88,51,4,0.633,0.0,2022,10,6.0,5.0,0.0,5.0,49.0,0.0,23.0,39.0,4.0,28.0
2022-10-06,2,LG,141,85,54,2,0.612,3.0,2022,10,6.0,5.0,0.0,5.0,37.0,1.0,33.0,48.0,1.0,21.0
2022-10-06,3,KT,140,78,60,2,0.565,9.5,2022,10,6.0,7.0,0.0,3.0,39.0,1.0,31.0,39.0,1.0,29.0
2022-10-06,4,키움,143,79,62,2,0.56,10.0,2022,10,6.0,4.0,0.0,6.0,39.0,1.0,32.0,40.0,1.0,30.0
2022-10-06,5,KIA,142,69,72,1,0.489,20.0,2022,10,6.0,7.0,0.0,3.0,30.0,0.0,40.0,39.0,1.0,32.0
2022-10-06,6,NC,141,66,72,3,0.478,21.5,2022,10,6.0,6.0,0.0,4.0,34.0,3.0,33.0,32.0,0.0,39.0
2022-10-06,7,삼성,142,64,76,2,0.457,24.5,2022,10,6.0,5.0,0.0,5.0,32.0,2.0,37.0,32.0,0.0,39.0
2022-10-06,8,롯데,143,63,76,4,0.453,25.0,2022,10,6.0,5.0,0.0,5.0,26.0,3.0,42.0,37.0,1.0,34.0
2022-10-06,9,두산,142,60,80,2,0.429,28.5,2022,10,6.0,5.0,0.0,5.0,29.0,1.0,40.0,31.0,1.0,40.0
2022-10-06,10,한화,143,46,95,2,0.326,43.0,2022,10,6.0,3.0,0.0,7.0,28.0,0.0,44.0,18.0,2.0,51.0
2022-10-07,1,SSG,143,88,51,4,0.633,0.0,2022,10,7.0,5.0,0.0,5.0,49.0,0.0,23.0,39.0,4.0,28.0
2022-10-07,2,LG,142,86,54,2,0.614,2.5,2022,10,7.0,5.0,0.0,5.0,37.0,1.0,33.0,49.0,1.0,21.0
2022-10-07,3,KT,141,78,61,2,0.561,10.0,2022,10,7.0,7.0,0.0,3.0,39.0,1.0,31.0,39.0,1.0,30.0
2022-10-07,4,키움,143,79,62,2,0.56,10.0,2022,10,7.0,4.0,0.0,6.0,39.0,1.0,32.0,40.0,1.0,30.0
2022-10-07,5,KIA,143,70,72,1,0.493,19.5,2022,10,7.0,7.0,0.0,3.0,31.0,0.0,40.0,39.0,1.0,32.0
2022-10-07,6,NC,142,66,73,3,0.475,22.0,2022,10,7.0,6.0,0.0,4.0,34.0,3.0,34.0,32.0,0.0,39.0
2022-10-07,7,삼성,143,65,76,2,0.461,24.0,2022,10,7.0,6.0,0.0,4.0,32.0,2.0,37.0,33.0,0.0,39.0
2022-10-07,8,롯데,143,63,76,4,0.453,25.0,2022,10,7.0,5.0,0.0,5.0,26.0,3.0,42.0,37.0,1.0,34.0
2022-10-07,9,두산,143,60,81,2,0.426,29.0,2022,10,7.0,4.0,0.0,6.0,29.0,1.0,41.0,31.0,1.0,40.0
2022-10-07,10,한화,143,46,95,2,0.326,43.0,2022,10,7.0,3.0,0.0,7.0,28.0,0.0,44.0,18.0,2.0,51.0
2022-10-08,1,SSG,144,88,52,4,0.629,0.0,2022,10,8.0,4.0,0.0,6.0,49.0,0.0,23.0,39.0,4.0,29.0
2022-10-08,2,LG,143,86,55,2,0.61,2.5,2022,10,8.0,4.0,0.0,6.0,37.0,1.0,33.0,49.0,1.0,22.0
2022-10-08,3,KT,142,79,61,2,0.564,9.0,2022,10,8.0,7.0,0.0,3.0,39.0,1.0,31.0,40.0,1.0,30.0
2022-10-08,4,키움,144,80,62,2,0.563,9.0,2022,10,8.0,5.0,0.0,5.0,39.0,1.0,32.0,41.0,1.0,30.0
2022-10-08,5,KIA,144,70,73,1,0.49,19.5,2022,10,8.0,7.0,0.0,3.0,31.0,0.0,41.0,39.0,1.0,32.0
2022-10-08,6,NC,143,67,73,3,0.479,21.0,2022,10,8.0,7.0,0.0,3.0,35.0,3.0,34.0,32.0,0.0,39.0
2022-10-08,7,삼성,144,66,76,2,0.465,23.0,2022,10,8.0,6.0,0.0,4.0,33.0,2.0,37.0,33.0,0.0,39.0
2022-10-08,8,롯데,144,64,76,4,0.457,24.0,2022,10,8.0,5.0,0.0,5.0,27.0,3.0,42.0,37.0,1.0,34.0
2022-10-08,9,두산,144,60,82,2,0.423,29.0,2022,10,8.0,4.0,0.0,6.0,29.0,1.0,42.0,31.0,1.0,40.0
2022-10-08,10,한화,144,46,96,2,0.324,43.0,2022,10,8.0,3.0,0.0,7.0,28.0,0.0,44.0,18.0,2.0,52.0
2022-10-10,1,SSG,144,88,52,4,0.629,0.0,2022,10,10.0,4.0,0.0,6.0,49.0,0.0,23.0,39.0,4.0,29.0
2022-10-10,2,LG,143,86,55,2,0.61,2.5,2022,10,10.0,4.0,0.0,6.0,37.0,1.0,33.0,49.0,1.0,22.0
2022-10-10,3,KT,143,80,61,2,0.567,8.5,2022,10,10.0,7.0,0.0,3.0,40.0,1.0,31.0,40.0,1.0,30.0
2022-10-10,4,키움,144,80,62,2,0.563,9.0,2022,10,10.0,5.0,0.0,5.0,39.0,1.0,32.0,41.0,1.0,30.0
2022-10-10,5,KIA,144,70,73,1,0.49,19.5,2022,10,10.0,7.0,0.0,3.0,31.0,0.0,41.0,39.0,1.0,32.0
2022-10-10,6,NC,144,67,74,3,0.475,21.5,2022,10,10.0,6.0,0.0,4.0,35.0,3.0,34.0,32.0,0.0,40.0
2022-10-10,7,삼성,144,66,76,2,0.465,23.0,2022,10,10.0,6.0,0.0,4.0,33.0,2.0,37.0,33.0,0.0,39.0
2022-10-10,8,롯데,144,64,76,4,0.457,24.0,2022,10,10.0,5.0,0.0,5.0,27.0,3.0,42.0,37.0,1.0,34.0
2022-10-10,9,두산,144,60,82,2,0.423,29.0,2022,10,10.0,4.0,0.0,6.0,29.0,1.0,42.0,31.0,1.0,40.0
2022-10-10,10,한화,144,46,96,2,0.324,43.0,2022,10,10.0,3.0,0.0,7.0,28.0,0.0,44.0,18.0,2.0,52.0
2022-10-11,1,SSG,144,88,52,4,0.629,0.0,2022,10,11.0,4.0,0.0,6.0,49.0,0.0,23.0,39.0,4.0,29.0
2022-10-11,2,키움,144,80,62,2,0.563,9.0,2022,10,11.0,5.0,0.0,5.0,39.0,1.0,32.0,41.0,1.0,30.0
2022-10-11,3,LG,144,87,55,2,0.613,2.0,2022,10,11.0,4.0,0.0,6.0,38.0,1.0,33.0,49.0,1.0,22.0
2022-10-11,4,KT,144,80,62,2,0.563,9.0,2022,10,11.0,7.0,0.0,3.0,40.0,1.0,31.0,40.0,1.0,31.0
2022-10-11,5,KIA,144,70,73,1,0.49,19.5,2022,10,11.0,7.0,0.0,3.0,31.0,0.0,41.0,39.0,1.0,32.0
2022-10-11,6,NC,144,67,74,3,0.475,21.5,2022,10,11.0,6.0,0.0,4.0,35.0,3.0,34.0,32.0,0.0,40.0
2022-10-11,7,삼성,144,66,76,2,0.465,23.0,2022,10,11.0,6.0,0.0,4.0,33.0,2.0,37.0,33.0,0.0,39.0
2022-10-11,8,롯데,144,64,76,4,0.457,24.0,2022,10,11.0,5.0,0.0,5.0,27.0,3.0,42.0,37.0,1.0,34.0
2022-10-11,9,두산,144,60,82,2,0.423,29.0,2022,10,11.0,4.0,0.0,6.0,29.0,1.0,42.0,31.0,1.0,40.0
2022-10-11,10,한화,144,46,96,2,0.324,43.0,2022,10,11.0,3.0,0.0,7.0,28.0,0.0,44.0,18.0,2.0,52.0
2024-03-23,1,LG,1,1,0,0,1.0,0.0,2023,3,,1.0,0.0,0.0,1.0,0.0,0.0,0.0,0.0,0.0
2024-03-23,1,SSG,1,1,0,0,1.0,0.0,2023,3,,1.0,0.0,0.0,1.0,0.0,0.0,0.0,0.0,0.0
2024-03-23,1,NC,1,1,0,0,1.0,0.0,2023,3,,1.0,0.0,0.0,1.0,0.0,0.0,0.0,0.0,0.0
2024-03-23,1,KIA,1,1,0,0,1.0,0.0,2023,3,,1.0,0.0,0.0,1.0,0.0,0.0,0.0,0.0,0.0
2024-03-23,1,삼성,1,1,0,0,1.0,0.0,2023,3,,1.0,0.0,0.0,0.0,0.0,0.0,1.0,0.0,0.0
2024-03-23,6,KT,1,0,1,0,0.0,1.0,2023,3,,0.0,0.0,1.0,0.0,0.0,1.0,0.0,0.0,0.0
2024-03-23,6,두산,1,0,1,0,0.0,1.0,2023,3,,0.0,0.0,1.0,0.0,0.0,0.0,0.0,0.0,1.0
2024-03-23,6,롯데,1,0,1,0,0.0,1.0,2023,3,,0.0,0.0,1.0,0.0,0.0,0.0,0.0,0.0,1.0
2024-03-23,6,한화,1,0,1,0,0.0,1.0,2023,3,,0.0,0.0,1.0,0.0,0.0,0.0,0.0,0.0,1.0
2024-03-23,6,키움,1,0,1,0,0.0,1.0,2023,3,,0.0,0.0,1.0,0.0,0.0,0.0,0.0,0.0,1.0
2024-03-24,1,SSG,2,2,0,0,1.0,0.0,2023,3,,2.0,0.0,0.0,2.0,0.0,0.0,0.0,0.0,0.0
2024-03-24,1,KIA,1,1,0,0,1.0,0.5,2023,3,,1.0,0.0,0.0,1.0,0.0,0.0,0.0,0.0,0.0
2024-03-24,1,삼성,2,2,0,0,1.0,0.0,2023,3,,2.0,0.0,0.0,0.0,0.0,0.0,2.0,0.0,0.0
2024-03-24,4,LG,2,1,1,0,0.5,1.0,2023,3,,1.0,0.0,1.0,1.0,0.0,1.0,0.0,0.0,0.0
2024-03-24,4,NC,2,1,1,0,0.5,1.0,2023,3,,1.0,0.0,1.0,1.0,0.0,1.0,0.0,0.0,0.0
2024-03-24,4,두산,2,1,1,0,0.5,1.0,2023,3,,1.0,0.0,1.0,0.0,0.0,0.0,1.0,0.0,1.0
2024-03-24,4,한화,2,1,1,0,0.5,1.0,2023,3,,1.0,0.0,1.0,0.0,0.0,0.0,1.0,0.0,1.0
2024-03-24,8,KT,2,0,2,0,0.0,2.0,2023,3,,0.0,0.0,2.0,0.0,0.0,2.0,0.0,0.0,0.0
2024-03-24,8,롯데,2,0,2,0,0.0,2.0,2023,3,,0.0,0.0,2.0,0.0,0.0,0.0,0.0,0.0,2.0
2024-03-24,8,키움,1,0,1,0,0.0,1.5,2023,3,,0.0,0.0,1.0,0.0,0.0,0.0,0.0,0.0,1.0
2024-03-26,1,KIA,2,2,0,0,1.0,0.0,2023,3,,2.0,0.0,0.0,2.0,0.0,0.0,0.0,0.0,0.0
2024-03-26,2,LG,3,2,1,0,0.667,0.5,2023,3,,2.0,0.0,1.0,2.0,0.0,1.0,0.0,0.0,0.0
2024-03-26,2,SSG,3,2,1,0,0.667,0.5,2023,3,,2.0,0.0,1.0,2.0,0.0,1.0,0.0,0.0,0.0
2024-03-26,2,NC,3,2,1,0,0.667,0.5,2023,3,,2.0,0.0,1.0,2.0,0.0,1.0,0.0,0.0,0.0
2024-03-26,2,두산,3,2,1,0,0.667,0.5,2023,3,,2.0,0.0,1.0,0.0,0.0,0.0,2.0,0.0,1.0
2024-03-26,2,삼성,3,2,1,0,0.667,0.5,2023,3,,2.0,0.0,1.0,0.0,0.0,0.0,2.0,0.0,1.0
2024-03-26,2,한화,3,2,1,0,0.667,0.5,2023,3,,2.0,0.0,1.0,0.0,0.0,0.0,2.0,0.0,1.0
2024-03-26,8,KT,3,0,3,0,0.0,2.5,2023,3,,0.0,0.0,3.0,0.0,0.0,3.0,0.0,0.0,0.0
2024-03-26,8,롯데,3,0,3,0,0.0,2.5,2023,3,,0.0,0.0,3.0,0.0,0.0,0.0,0.0,0.0,3.0
2024-03-26,8,키움,2,0,2,0,0.0,2.0,2023,3,,0.0,0.0,2.0,0.0,0.0,0.0,0.0,0.0,2.0
2024-03-27,1,KIA,3,3,0,0,1.0,0.0,2023,3,,3.0,0.0,0.0,3.0,0.0,0.0,0.0,0.0,0.0
2024-03-27,2,NC,4,3,1,0,0.75,0.5,2023,3,,3.0,0.0,1.0,3.0,0.0,1.0,0.0,0.0,0.0
2024-03-27,2,두산,4,3,1,0,0.75,0.5,2023,3,,3.0,0.0,1.0,0.0,0.0,0.0,3.0,0.0,1.0
2024-03-27,2,한화,4,3,1,0,0.75,0.5,2023,3,,3.0,0.0,1.0,0.0,0.0,0.0,3.0,0.0,1.0
2024-03-27,5,LG,4,2,1,1,0.667,1.0,2023,3,,2.0,1.0,1.0,2.0,1.0,1.0,0.0,0.0,0.0
2024-03-27,5,삼성,4,2,1,1,0.667,1.0,2023,3,,2.0,1.0,1.0,0.0,0.0,0.0,2.0,1.0,1.0
2024-03-27,7,SSG,4,2,2,0,0.5,1.5,2023,3,,2.0,0.0,2.0,2.0,0.0,2.0,0.0,0.0,0.0
2024-03-27,8,KT,4,0,4,0,0.0,3.5,2023,3,,0.0,0.0,4.0,0.0,0.0,4.0,0.0,0.0,0.0
2024-03-27,8,롯데,4,0,4,0,0.0,3.5,2023,3,,0.0,0.0,4.0,0.0,0.0,0.0,0.0,0.0,4.0
2024-03-27,8,키움,3,0,3,0,0.0,3.0,2023,3,,0.0,0.0,3.0,0.0,0.0,0.0,0.0,0.0,3.0
2024-03-28,1,KIA,3,3,0,0,1.0,0.0,2023,3,,3.0,0.0,0.0,3.0,0.0,0.0,0.0,0.0,0.0
2024-03-28,2,한화,5,4,1,0,0.8,0.0,2023,3,,4.0,0.0,1.0,0.0,0.0,0.0,4.0,0.0,1.0
2024-03-28,3,LG,5,3,1,1,0.75,0.5,2023,3,,3.0,1.0,1.0,3.0,1.0,1.0,0.0,0.0,0.0
2024-03-28,3,NC,4,3,1,0,0.75,0.5,2023,3,,3.0,0.0,1.0,3.0,0.0,1.0,0.0,0.0,0.0
2024-03-28,5,두산,5,3,2,0,0.6,1.0,2023,3,,3.0,0.0,2.0,0.0,0.0,0.0,3.0,0.0,2.0
2024-03-28,6,삼성,5,2,2,1,0.5,1.5,2023,3,,2.0,1.0,2.0,0.0,0.0,0.0,2.0,1.0,2.0
2024-03-28,7,SSG,5,2,3,0,0.4,2.0,2023,3,,2.0,0.0,3.0,2.0,0.0,3.0,0.0,0.0,0.0
2024-03-28,8,KT,5,1,4,0,0.2,3.0,2023,3,,1.0,0.0,4.0,1.0,0.0,4.0,0.0,0.0,0.0
2024-03-28,9,롯데,4,0,4,0,0.0,3.5,2023,3,,0.0,0.0,4.0,0.0,0.0,0.0,0.0,0.0,4.0
2024-03-28,9,키움,3,0,3,0,0.0,3.0,2023,3,,0.0,0.0,3.0,0.0,0.0,0.0,0.0,0.0,3.0
2024-03-29,1,KIA,4,4,0,0,1.0,0.0,2023,3,,4.0,0.0,0.0,3.0,0.0,0.0,1.0,0.0,0.0
2024-03-29,2,한화,6,5,1,0,0.833,0.0,2023,3,,5.0,0.0,1.0,1.0,0.0,0.0,4.0,0.0,1.0
2024-03-29,3,LG,6,4,1,1,0.8,0.5,2023,3,,4.0,1.0,1.0,3.0,1.0,1.0,1.0,0.0,0.0
2024-03-29,4,NC,5,3,2,0,0.6,1.5,2023,3,,3.0,0.0,2.0,3.0,0.0,1.0,0.0,0.0,1.0
2024-03-29,5,SSG,6,3,3,0,0.5,2.0,2023,3,,3.0,0.0,3.0,2.0,0.0,3.0,1.0,0.0,0.0
2024-03-29,5,두산,6,3,3,0,0.5,2.0,2023,3,,3.0,0.0,3.0,0.0,0.0,1.0,3.0,0.0,2.0
2024-03-29,7,삼성,6,2,3,1,0.4,2.5,2023,3,,2.0,1.0,3.0,0.0,0.0,1.0,2.0,1.0,2.0
2024-03-29,8,롯데,5,1,4,0,0.2,3.5,2023,3,,1.0,0.0,4.0,1.0,0.0,0.0,0.0,0.0,4.0
2024-03-29,9,KT,6,1,5,0,0.167,4.0,2023,3,,1.0,0.0,5.0,1.0,0.0,4.0,0.0,0.0,1.0
2024-03-29,10,키움,4,0,4,0,0.0,4.0,2023,3,,0.0,0.0,4.0,0.0,0.0,1.0,0.0,0.0,3.0
2024-03-30,1,한화,7,6,1,0,0.857,0.0,2023,3,,6.0,0.0,1.0,2.0,0.0,0.0,4.0,0.0,1.0
2024-03-30,2,KIA,5,4,1,0,0.8,1.0,2023,3,,4.0,0.0,1.0,3.0,0.0,0.0,1.0,0.0,1.0
2024-03-30,3,LG,7,4,2,1,0.667,1.5,2023,3,,4.0,1.0,2.0,3.0,1.0,1.0,1.0,0.0,1.0
2024-03-30,3,NC,6,4,2,0,0.667,1.5,2023,3,,4.0,0.0,2.0,3.0,0.0,1.0,1.0,0.0,1.0
2024-03-30,5,SSG,7,4,3,0,0.571,2.0,2023,3,,4.0,0.0,3.0,2.0,0.0,3.0,2.0,0.0,0.0
2024-03-30,5,두산,7,4,3,0,0.571,2.0,2023,3,,4.0,0.0,3.0,1.0,0.0,1.0,3.0,0.0,2.0
2024-03-30,7,삼성,7,2,4,1,0.333,3.5,2023,3,,2.0,1.0,4.0,0.0,0.0,2.0,2.0,1.0,2.0
2024-03-30,8,키움,5,1,4,0,0.2,4.0,2023,3,,1.0,0.0,4.0,1.0,0.0,1.0,0.0,0.0,3.0
2024-03-30,9,롯데,6,1,5,0,0.167,4.5,2023,3,,1.0,0.0,5.0,1.0,0.0,1.0,0.0,0.0,4.0
2024-03-30,10,KT,7,1,6,0,0.143,5.0,2023,3,,1.0,0.0,6.0,1.0,0.0,4.0,0.0,0.0,2.0
2024-03-31,1,한화,8,7,1,0,0.875,0.0,2023,3,,7.0,0.0,1.0,3.0,0.0,0.0,4.0,0.0,1.0
2024-03-31,2,KIA,6,5,1,0,0.833,1.0,2023,3,,5.0,0.0,1.0,3.0,0.0,0.0,2.0,0.0,1.0
2024-03-31,3,NC,7,5,2,0,0.714,1.5,2023,3,,5.0,0.0,2.0,3.0,0.0,1.0,2.0,0.0,1.0
2024-03-31,4,SSG,8,5,3,0,0.625,2.0,2023,3,,5.0,0.0,3.0,2.0,0.0,3.0,3.0,0.0,0.0
2024-03-31,5,LG,8,4,3,1,0.571,2.5,2023,3,,4.0,1.0,3.0,3.0,1.0,1.0,1.0,0.0,2.0
2024-03-31,6,두산,8,4,4,0,0.5,3.0,2023,3,,4.0,0.0,4.0,1.0,0.0,2.0,3.0,0.0,2.0
2024-03-31,7,키움,6,2,4,0,0.333,4.0,2023,3,,2.0,0.0,4.0,2.0,0.0,1.0,0.0,0.0,3.0
2024-03-31,8,삼성,8,2,5,1,0.286,4.5,2023,3,,2.0,1.0,5.0,0.0,0.0,3.0,2.0,1.0,2.0
2024-03-31,9,롯데,7,1,6,0,0.143,5.5,2023,3,,1.0,0.0,6.0,1.0,0.0,2.0,0.0,0.0,4.0
2024-03-31,10,KT,8,1,7,0,0.125,6.0,2023,3,,1.0,0.0,7.0,1.0,0.0,4.0,0.0,0.0,3.0
2024-04-02,1,한화,9,7,2,0,0.778,0.0,2023,4,,7.0,0.0,2.0,3.0,0.0,1.0,4.0,0.0,1.0
2024-04-02,2,NC,8,6,2,0,0.75,0.5,2023,4,,6.0,0.0,2.0,3.0,0.0,1.0,3.0,0.0,1.0
2024-04-02,3,KIA,7,5,2,0,0.714,1.0,2023,4,,5.0,0.0,2.0,3.0,0.0,0.0,2.0,0.0,2.0
2024-04-02,4,SSG,9,6,3,0,0.667,1.0,2023,4,,6.0,0.0,3.0,3.0,0.0,3.0,3.0,0.0,0.0
2024-04-02,5,LG,9,4,4,1,0.5,2.5,2023,4,,4.0,1.0,4.0,3.0,1.0,2.0,1.0,0.0,2.0
2024-04-02,6,두산,9,4,5,0,0.444,3.0,2023,4,,4.0,0.0,5.0,1.0,0.0,2.0,3.0,0.0,3.0
2024-04-02,7,키움,7,3,4,0,0.429,3.0,2023,4,,3.0,0.0,4.0,2.0,0.0,1.0,1.0,0.0,3.0
2024-04-02,8,롯데,8,2,6,0,0.25,4.5,2023,4,,2.0,0.0,6.0,1.0,0.0,2.0,1.0,0.0,4.0
2024-04-02,8,삼성,9,2,6,1,0.25,4.5,2023,4,,2.0,1.0,6.0,0.0,0.0,4.0,2.0,1.0,2.0
2024-04-02,10,KT,9,2,7,0,0.222,5.0,2023,4,,2.0,0.0,7.0,2.0,0.0,4.0,0.0,0.0,3.0
2024-04-03,1,한화,9,7,2,0,0.778,0.0,2023,4,,7.0,0.0,2.0,3.0,0.0,1.0,4.0,0.0,1.0
2024-04-03,2,KIA,8,6,2,0,0.75,0.5,2023,4,,6.0,0.0,2.0,3.0,0.0,0.0,3.0,0.0,2.0
2024-04-03,3,SSG,10,7,3,0,0.7,0.5,2023,4,,7.0,0.0,3.0,4.0,0.0,3.0,3.0,0.0,0.0
2024-04-03,4,NC,9,6,3,0,0.667,1.0,2023,4,,6.0,0.0,3.0,3.0,0.0,1.0,3.0,0.0,2.0
2024-04-03,5,LG,10,5,4,1,0.556,2.0,2023,4,,5.0,1.0,4.0,4.0,1.0,2.0,1.0,0.0,2.0
2024-04-03,6,키움,7,3,4,0,0.429,3.0,2023,4,,3.0,0.0,4.0,2.0,0.0,1.0,1.0,0.0,3.0
2024-04-03,7,두산,10,4,6,0,0.4,3.5,2023,4,,4.0,0.0,6.0,1.0,0.0,2.0,3.0,0.0,4.0
2024-04-03,8,롯데,8,2,6,0,0.25,4.5,2023,4,,2.0,0.0,6.0,1.0,0.0,2.0,1.0,0.0,4.0
2024-04-03,8,삼성,9,2,6,1,0.25,4.5,2023,4,,2.0,1.0,6.0,0.0,0.0,4.0,2.0,1.0,2.0
2024-04-03,10,KT,10,2,8,0,0.2,5.5,2023,4,,2.0,0.0,8.0,2.0,0.0,5.0,0.0,0.0,3.0
2024-04-04,1,한화,10,8,2,0,0.8,0.0,2023,4,,8.0,0.0,2.0,4.0,0.0,1.0,4.0,0.0,1.0
2024-04-04,2,KIA,9,7,2,0,0.778,0.5,2023,4,,7.0,0.0,2.0,3.0,0.0,0.0,4.0,0.0,2.0
2024-04-04,3,SSG,11,8,3,0,0.727,0.5,2023,4,,7.0,0.0,3.0,5.0,0.0,3.0,3.0,0.0,0.0
2024-04-04,4,LG,11,6,4,1,0.6,2.0,2023,4,,5.0,1.0,4.0,5.0,1.0,2.0,1.0,0.0,2.0
2024-04-04,4,NC,10,6,4,0,0.6,2.0,2023,4,,6.0,0.0,4.0,3.0,0.0,1.0,3.0,0.0,3.0
2024-04-04,6,키움,8,4,4,0,0.5,3.0,2023,4,,4.0,0.0,4.0,2.0,0.0,1.0,2.0,0.0,3.0
2024-04-04,7,두산,11,4,7,0,0.364,4.5,2023,4,,4.0,0.0,6.0,1.0,0.0,2.0,3.0,0.0,5.0
2024-04-04,8,롯데,9,2,7,0,0.222,5.5,2023,4,,2.0,0.0,7.0,1.0,0.0,2.0,1.0,0.0,5.0
2024-04-04,8,삼성,10,2,7,1,0.222,5.5,2023,4,,2.0,1.0,7.0,0.0,0.0,5.0,2.0,1.0,2.0
2024-04-04,10,KT,11,2,9,0,0.182,6.5,2023,4,,2.0,0.0,8.0,2.0,0.0,6.0,0.0,0.0,3.0
2024-04-05,1,KIA,10,8,2,0,0.8,0.0,2023,4,,8.0,0.0,2.0,4.0,0.0,0.0,4.0,0.0,2.0
2024-04-05,2,한화,11,8,3,0,0.727,0.5,2023,4,,8.0,0.0,2.0,4.0,0.0,1.0,4.0,0.0,2.0
2024-04-05,3,SSG,12,8,4,0,0.667,1.0,2023,4,,6.0,0.0,4.0,5.0,0.0,3.0,3.0,0.0,1.0
2024-04-05,4,NC,11,7,4,0,0.636,1.5,2023,4,,6.0,0.0,4.0,4.0,0.0,1.0,3.0,0.0,3.0
2024-04-05,5,키움,9,5,4,0,0.556,2.5,2023,4,,5.0,0.0,4.0,3.0,0.0,1.0,2.0,0.0,3.0
2024-04-05,6,LG,12,6,5,1,0.545,2.5,2023,4,,5.0,1.0,4.0,5.0,1.0,3.0,1.0,0.0,2.0
2024-04-05,7,두산,12,5,7,0,0.417,4.0,2023,4,,4.0,0.0,6.0,1.0,0.0,2.0,4.0,0.0,5.0
2024-04-05,8,KT,12,3,9,0,0.25,6.0,2023,4,,3.0,0.0,7.0,2.0,0.0,6.0,1.0,0.0,3.0
2024-04-05,9,롯데,10,2,8,0,0.2,6.0,2023,4,,2.0,0.0,8.0,1.0,0.0,3.0,1.0,0.0,5.0
2024-04-05,9,삼성,11,2,8,1,0.2,6.0,2023,4,,1.0,1.0,8.0,0.0,0.0,5.0,2.0,1.0,3.0
2024-04-06,1,KIA,11,8,3,0,0.727,0.0,2023,4,,7.0,0.0,3.0,4.0,0.0,1.0,4.0,0.0,2.0
2024-04-06,2,NC,12,8,4,0,0.667,0.5,2023,4,,7.0,0.0,3.0,5.0,0.0,1.0,3.0,0.0,3.0
2024-04-06,2,한화,12,8,4,0,0.667,0.5,2023,4,,7.0,0.0,3.0,4.0,0.0,1.0,4.0,0.0,3.0
2024-04-06,4,SSG,13,8,5,0,0.615,1.0,2023,4,,6.0,0.0,4.0,5.0,0.0,3.0,3.0,0.0,2.0
2024-04-06,5,키움,10,6,4,0,0.6,1.5,2023,4,,6.0,0.0,4.0,4.0,0.0,1.0,2.0,0.0,3.0
2024-04-06,6,LG,13,7,5,1,0.583,1.5,2023,4,,5.0,1.0,4.0,6.0,1.0,3.0,1.0,0.0,2.0
2024-04-06,7,두산,13,5,8,0,0.385,4.0,2023,4,,3.0,0.0,7.0,1.0,0.0,2.0,4.0,0.0,6.0
2024-04-06,8,롯데,11,3,8,0,0.273,5.0,2023,4,,3.0,0.0,7.0,2.0,0.0,3.0,1.0,0.0,5.0
2024-04-06,8,삼성,12,3,8,1,0.273,5.0,2023,4,,1.0,1.0,8.0,0.0,0.0,5.0,3.0,1.0,3.0
2024-04-06,10,KT,13,3,10,0,0.231,6.0,2023,4,,3.0,0.0,7.0,2.0,0.0,6.0,1.0,0.0,4.0
2024-04-07,1,NC,13,9,4,0,0.692,0.0,2023,4,,7.0,0.0,3.0,6.0,0.0,1.0,3.0,0.0,3.0
2024-04-07,2,KIA,12,8,4,0,0.667,0.5,2023,4,,6.0,0.0,4.0,4.0,0.0,2.0,4.0,0.0,2.0
2024-04-07,3,키움,11,7,4,0,0.636,1.0,2023,4,,7.0,0.0,3.0,5.0,0.0,1.0,2.0,0.0,3.0
2024-04-07,4,LG,14,8,5,1,0.615,1.0,2023,4,,6.0,0.0,4.0,7.0,1.0,3.0,1.0,0.0,2.0
2024-04-07,4,한화,13,8,5,0,0.615,1.0,2023,4,,6.0,0.0,4.0,4.0,0.0,1.0,4.0,0.0,4.0
2024-04-07,6,SSG,14,8,6,0,0.571,1.5,2023,4,,6.0,0.0,4.0,5.0,0.0,3.0,3.0,0.0,3.0
2024-04-07,7,두산,14,5,9,0,0.357,4.5,2023,4,,2.0,0.0,8.0,1.0,0.0,2.0,4.0,0.0,7.0
2024-04-07,8,롯데,12,4,8,0,0.333,4.5,2023,4,,4.0,0.0,6.0,3.0,0.0,3.0,1.0,0.0,5.0
2024-04-07,8,삼성,13,4,8,1,0.333,4.5,2023,4,,2.0,1.0,7.0,0.0,0.0,5.0,4.0,1.0,3.0
2024-04-07,10,KT,14,3,11,0,0.214,6.5,2023,4,,3.0,0.0,7.0,2.0,0.0,6.0,1.0,0.0,5.0
2024-04-09,1,KIA,13,9,4,0,0.692,0.0,2023,4,,6.0,0.0,4.0,5.0,0.0,2.0,4.0,0.0,2.0
2024-04-09,2,NC,14,9,5,0,0.643,0.5,2023,4,,6.0,0.0,4.0,6.0,0.0,2.0,3.0,0.0,3.0
2024-04-09,3,SSG,15,9,6,0,0.6,1.0,2023,4,,7.0,0.0,3.0,6.0,0.0,3.0,3.0,0.0,3.0
2024-04-09,4,키움,12,7,5,0,0.583,1.5,2023,4,,7.0,0.0,3.0,5.0,0.0,1.0,2.0,0.0,4.0
2024-04-09,5,LG,15,8,6,1,0.571,1.5,2023,4,,5.0,0.0,5.0,7.0,1.0,3.0,1.0,0.0,3.0
2024-04-09,5,한화,14,8,6,0,0.571,1.5,2023,4,,5.0,0.0,5.0,4.0,0.0,1.0,4.0,0.0,5.0
2024-04-09,7,두산,15,6,9,0,0.4,4.0,2023,4,,3.0,0.0,7.0,2.0,0.0,2.0,4.0,0.0,7.0
2024-04-09,8,삼성,14,5,8,1,0.385,4.0,2023,4,,3.0,0.0,7.0,0.0,0.0,5.0,5.0,1.0,3.0
2024-04-09,9,롯데,13,4,9,0,0.308,5.0,2023,4,,4.0,0.0,6.0,3.0,0.0,4.0,1.0,0.0,5.0
2024-04-09,10,KT,15,4,11,0,0.267,6.0,2023,4,,3.0,0.0,7.0,2.0,0.0,6.0,2.0,0.0,5.0
2024-04-10,1,KIA,14,10,4,0,0.714,0.0,2023,4,,6.0,0.0,4.0,6.0,0.0,2.0,4.0,0.0,2.0
2024-04-10,2,NC,15,10,5,0,0.667,0.5,2023,4,,7.0,0.0,3.0,7.0,0.0,2.0,3.0,0.0,3.0
2024-04-10,3,SSG,16,10,6,0,0.625,1.0,2023,4,,7.0,0.0,3.0,7.0,0.0,3.0,3.0,0.0,3.0
2024-04-10,4,키움,13,7,6,0,0.538,2.5,2023,4,,7.0,0.0,3.0,5.0,0.0,1.0,2.0,0.0,5.0
2024-04-10,5,LG,16,8,7,1,0.533,2.5,2023,4,,4.0,0.0,6.0,7.0,1.0,3.0,1.0,0.0,4.0
2024-04-10,5,한화,15,8,7,0,0.533,2.5,2023,4,,4.0,0.0,6.0,4.0,0.0,1.0,4.0,0.0,6.0
2024-04-10,7,두산,16,7,9,0,0.438,4.0,2023,4,,4.0,0.0,6.0,3.0,0.0,2.0,4.0,0.0,7.0
2024-04-10,8,삼성,15,6,8,1,0.429,4.0,2023,4,,4.0,0.0,6.0,0.0,0.0,5.0,6.0,1.0,3.0
2024-04-10,9,롯데,14,4,10,0,0.286,6.0,2023,4,,4.0,0.0,6.0,3.0,0.0,5.0,1.0,0.0,5.0
2024-04-10,10,KT,16,4,12,0,0.25,7.0,2023,4,,3.0,0.0,7.0,2.0,0.0,6.0,2.0,0.0,6.0
2024-04-11,1,KIA,15,11,4,0,0.733,0.0,2023,4,,7.0,0.0,3.0,7.0,0.0,2.0,4.0,0.0,2.0
2024-04-11,2,NC,16,11,5,0,0.688,0.5,2023,4,,7.0,0.0,3.0,8.0,0.0,2.0,3.0,0.0,3.0
2024-04-11,3,SSG,17,10,7,0,0.588,2.0,2023,4,,6.0,0.0,4.0,7.0,0.0,4.0,3.0,0.0,3.0
2024-04-11,4,키움,14,8,6,0,0.571,2.5,2023,4,,8.0,0.0,2.0,5.0,0.0,1.0,3.0,0.0,5.0
2024-04-11,5,한화,16,9,7,0,0.563,2.5,2023,4,,4.0,0.0,6.0,4.0,0.0,1.0,5.0,0.0,6.0
2024-04-11,6,LG,17,8,8,1,0.5,3.5,2023,4,,4.0,0.0,6.0,7.0,1.0,3.0,1.0,0.0,5.0
2024-04-11,7,삼성,16,7,8,1,0.467,4.0,2023,4,,5.0,0.0,5.0,0.0,0.0,5.0,7.0,1.0,3.0
2024-04-11,8,두산,17,7,10,0,0.412,5.0,2023,4,,3.0,0.0,7.0,3.0,0.0,3.0,4.0,0.0,7.0
2024-04-11,9,롯데,15,4,11,0,0.267,7.0,2023,4,,3.0,0.0,7.0,3.0,0.0,6.0,1.0,0.0,5.0
2024-04-11,10,KT,17,4,13,0,0.235,8.0,2023,4,,3.0,0.0,7.0,2.0,0.0,6.0,2.0,0.0,7.0
2024-04-12,1,KIA,16,12,4,0,0.75,0.0,2023,4,,7.0,0.0,3.0,7.0,0.0,2.0,5.0,0.0,2.0
2024-04-12,2,NC,17,12,5,0,0.706,0.5,2023,4,,7.0,0.0,3.0,8.0,0.0,2.0,4.0,0.0,3.0
2024-04-12,3,키움,15,9,6,0,0.6,2.5,2023,4,,8.0,0.0,2.0,6.0,0.0,1.0,3.0,0.0,5.0
2024-04-12,4,SSG,18,10,8,0,0.556,3.0,2023,4,,5.0,0.0,5.0,7.0,0.0,4.0,3.0,0.0,4.0
2024-04-12,5,LG,18,9,8,1,0.529,3.5,2023,4,,5.0,0.0,5.0,7.0,1.0,3.0,2.0,0.0,5.0
2024-04-12,5,한화,17,9,8,0,0.529,3.5,2023,4,,3.0,0.0,7.0,4.0,0.0,2.0,5.0,0.0,6.0
2024-04-12,7,삼성,17,7,9,1,0.438,5.0,2023,4,,5.0,0.0,5.0,0.0,0.0,6.0,7.0,1.0,3.0
2024-04-12,8,두산,18,7,11,0,0.389,6.0,2023,4,,3.0,0.0,7.0,3.0,0.0,4.0,4.0,0.0,7.0
2024-04-12,9,KT,18,5,13,0,0.278,8.0,2023,4,,4.0,0.0,6.0,3.0,0.0,6.0,2.0,0.0,7.0
2024-04-12,10,롯데,16,4,12,0,0.25,8.0,2023,4,,3.0,0.0,7.0,3.0,0.0,6.0,1.0,0.0,6.0
2024-04-13,1,KIA,17,13,4,0,0.765,0.0,2023,4,,8.0,0.0,2.0,7.0,0.0,2.0,6.0,0.0,2.0
2024-04-13,2,NC,18,13,5,0,0.722,0.5,2023,4,,7.0,0.0,3.0,8.0,0.0,2.0,5.0,0.0,3.0
2024-04-13,3,키움,16,10,6,0,0.625,2.5,2023,4,,8.0,0.0,2.0,7.0,0.0,1.0,3.0,0.0,5.0
2024-04-13,4,SSG,19,11,8,0,0.579,3.0,2023,4,,5.0,0.0,5.0,7.0,0.0,4.0,4.0,0.0,4.0
2024-04-13,5,LG,19,9,9,1,0.5,4.5,2023,4,,5.0,0.0,5.0,7.0,1.0,3.0,2.0,0.0,6.0
2024-04-13,5,한화,18,9,9,0,0.5,4.5,2023,4,,2.0,0.0,8.0,4.0,0.0,3.0,5.0,0.0,6.0
2024-04-13,7,두산,19,8,11,0,0.421,6.0,2023,4,,4.0,0.0,6.0,4.0,0.0,4.0,4.0,0.0,7.0
2024-04-13,8,삼성,18,7,10,1,0.412,6.0,2023,4,,5.0,0.0,5.0,0.0,0.0,7.0,7.0,1.0,3.0
2024-04-13,9,KT,19,5,14,0,0.263,9.0,2023,4,,3.0,0.0,7.0,3.0,0.0,7.0,2.0,0.0,7.0
2024-04-13,10,롯데,17,4,13,0,0.235,9.0,2023,4,,3.0,0.0,7.0,3.0,0.0,6.0,1.0,0.0,7.0
2024-04-14,1,KIA,18,14,4,0,0.778,0.0,2023,4,,8.0,0.0,2.0,7.0,0.0,2.0,7.0,0.0,2.0
2024-04-14,2,NC,19,13,6,0,0.684,1.5,2023,4,,7.0,0.0,3.0,8.0,0.0,2.0,5.0,0.0,4.0
2024-04-14,3,키움,17,11,6,0,0.647,2.5,2023,4,,8.0,0.0,2.0,8.0,0.0,1.0,3.0,0.0,5.0
2024-04-14,4,SSG,20,12,8,0,0.6,3.0,2023,4,,5.0,0.0,5.0,7.0,0.0,4.0,5.0,0.0,4.0
2024-04-14,5,LG,20,9,10,1,0.474,5.5,2023,4,,4.0,0.0,6.0,7.0,1.0,3.0,2.0,0.0,7.0
2024-04-14,5,한화,19,9,10,0,0.474,5.5,2023,4,,2.0,0.0,8.0,4.0,0.0,4.0,5.0,0.0,6.0
2024-04-14,7,두산,20,9,11,0,0.45,6.0,2023,4,,5.0,0.0,5.0,5.0,0.0,4.0,4.0,0.0,7.0
2024-04-14,8,삼성,19,8,10,1,0.444,6.0,2023,4,,6.0,0.0,4.0,1.0,0.0,7.0,7.0,1.0,3.0
2024-04-14,9,KT,20,5,15,0,0.25,10.0,2023,4,,3.0,0.0,7.0,3.0,0.0,8.0,2.0,0.0,7.0
2024-04-14,10,롯데,18,4,14,0,0.222,10.0,2023,4,,2.0,0.0,8.0,3.0,0.0,6.0,1.0,0.0,8.0
2024-04-16,1,KIA,19,14,5,0,0.737,0.0,2023,4,,7.0,0.0,3.0,7.0,0.0,2.0,7.0,0.0,3.0
2024-04-16,2,키움,18,12,6,0,0.667,1.5,2023,4,,8.0,0.0,2.0,9.0,0.0,1.0,3.0,0.0,5.0
2024-04-16,3,NC,20,13,7,0,0.65,1.5,2023,4,,7.0,0.0,3.0,8.0,0.0,3.0,5.0,0.0,4.0
2024-04-16,4,SSG,21,13,8,0,0.619,2.0,2023,4,,5.0,0.0,5.0,8.0,0.0,4.0,5.0,0.0,4.0
2024-04-16,5,LG,21,10,10,1,0.5,4.5,2023,4,,4.0,0.0,6.0,8.0,1.0,3.0,2.0,0.0,7.0
2024-04-16,5,한화,20,10,10,0,0.5,4.5,2023,4,,2.0,0.0,8.0,4.0,0.0,4.0,6.0,0.0,6.0
2024-04-16,7,삼성,20,9,10,1,0.474,5.0,2023,4,,7.0,0.0,3.0,2.0,0.0,7.0,7.0,1.0,3.0
2024-04-16,8,두산,21,9,12,0,0.429,6.0,2023,4,,5.0,0.0,5.0,5.0,0.0,4.0,4.0,0.0,8.0
2024-04-16,9,KT,21,5,16,0,0.238,10.0,2023,4,,3.0,0.0,7.0,3.0,0.0,8.0,2.0,0.0,8.0
2024-04-16,10,롯데,19,4,15,0,0.211,10.0,2023,4,,2.0,0.0,8.0,3.0,0.0,6.0,1.0,0.0,9.0
2024-04-17,1,KIA,20,15,5,0,0.75,0.0,2023,4,,7.0,0.0,3.0,7.0,0.0,2.0,8.0,0.0,3.0
2024-04-17,2,NC,21,14,7,0,0.667,1.5,2023,4,,7.0,0.0,3.0,9.0,0.0,3.0,5.0,0.0,4.0
2024-04-17,3,키움,19,12,7,0,0.632,2.5,2023,4,,7.0,0.0,3.0,9.0,0.0,2.0,3.0,0.0,5.0
2024-04-17,4,SSG,22,13,9,0,0.591,3.0,2023,4,,5.0,0.0,5.0,8.0,0.0,5.0,5.0,0.0,4.0
2024-04-17,5,LG,22,11,10,1,0.524,4.5,2023,4,,5.0,0.0,5.0,9.0,1.0,3.0,2.0,0.0,7.0
2024-04-17,6,삼성,21,10,10,1,0.5,5.0,2023,4,,8.0,0.0,2.0,3.0,0.0,7.0,7.0,1.0,3.0
2024-04-17,7,한화,21,10,11,0,0.476,5.5,2023,4,,2.0,0.0,8.0,4.0,0.0,4.0,6.0,0.0,7.0
2024-04-17,8,두산,22,9,13,0,0.409,7.0,2023,4,,4.0,0.0,6.0,5.0,0.0,4.0,4.0,0.0,9.0
2024-04-17,9,KT,22,6,16,0,0.273,10.0,2023,4,,3.0,0.0,7.0,3.0,0.0,8.0,3.0,0.0,8.0
2024-04-17,10,롯데,20,4,16,0,0.2,11.0,2023,4,,2.0,0.0,8.0,3.0,0.0,6.0,1.0,0.0,10.0
2024-04-18,1,KIA,21,15,6,0,0.714,0.0,2023,4,,7.0,0.0,3.0,7.0,0.0,2.0,8.0,0.0,4.0
2024-04-18,2,NC,21,14,7,0,0.667,1.0,2023,4,,7.0,0.0,3.0,9.0,0.0,3.0,5.0,0.0,4.0
2024-04-18,3,SSG,23,14,9,0,0.609,2.0,2023,4,,6.0,0.0,4.0,9.0,0.0,5.0,5.0,0.0,4.0
2024-04-18,4,키움,20,12,8,0,0.6,2.5,2023,4,,6.0,0.0,4.0,9.0,0.0,3.0,3.0,0.0,5.0
2024-04-18,5,삼성,22,11,10,1,0.524,4.0,2023,4,,8.0,0.0,2.0,4.0,0.0,7.0,7.0,1.0,3.0
2024-04-18,6,LG,23,11,11,1,0.5,4.5,2023,4,,4.0,0.0,6.0,9.0,1.0,4.0,2.0,0.0,7.0
2024-04-18,7,한화,21,10,11,0,0.476,5.0,2023,4,,2.0,0.0,8.0,4.0,0.0,4.0,6.0,0.0,7.0
2024-04-18,8,두산,23,9,14,0,0.391,7.0,2023,4,,4.0,0.0,6.0,5.0,0.0,4.0,4.0,0.0,10.0
2024-04-18,9,KT,23,7,16,0,0.304,9.0,2023,4,,4.0,0.0,6.0,3.0,0.0,8.0,4.0,0.0,8.0
2024-04-18,10,롯데,21,5,16,0,0.238,10.0,2023,4,,2.0,0.0,8.0,3.0,0.0,6.0,2.0,0.0,10.0
2024-04-19,1,KIA,22,16,6,0,0.727,0.0,2023,4,,8.0,0.0,2.0,8.0,0.0,2.0,8.0,0.0,4.0
2024-04-19,2,NC,22,14,8,0,0.636,2.0,2023,4,,6.0,0.0,4.0,9.0,0.0,3.0,5.0,0.0,5.0
2024-04-19,3,SSG,24,14,10,0,0.583,3.0,2023,4,,6.0,0.0,4.0,9.0,0.0,6.0,5.0,0.0,4.0
2024-04-19,4,키움,21,12,9,0,0.571,3.5,2023,4,,5.0,0.0,5.0,9.0,0.0,3.0,3.0,0.0,6.0
2024-04-19,5,LG,24,12,11,1,0.522,4.5,2023,4,,4.0,0.0,6.0,9.0,1.0,4.0,3.0,0.0,7.0
2024-04-19,6,삼성,23,11,11,1,0.5,5.0,2023,4,,7.0,0.0,3.0,4.0,0.0,7.0,7.0,1.0,4.0
2024-04-19,6,한화,22,11,11,0,0.5,5.0,2023,4,,3.0,0.0,7.0,5.0,0.0,4.0,6.0,0.0,7.0
2024-04-19,8,두산,24,10,14,0,0.417,7.0,2023,4,,5.0,0.0,5.0,6.0,0.0,4.0,4.0,0.0,10.0
2024-04-19,9,KT,24,7,17,0,0.292,10.0,2023,4,,4.0,0.0,6.0,3.0,0.0,8.0,4.0,0.0,9.0
2024-04-19,10,롯데,22,6,16,0,0.273,10.0,2023,4,,2.0,0.0,8.0,4.0,0.0,6.0,2.0,0.0,10.0
2024-04-20,1,KIA,23,17,6,0,0.739,0.0,2023,4,,8.0,0.0,2.0,9.0,0.0,2.0,8.0,0.0,4.0
2024-04-20,2,NC,23,14,9,0,0.609,3.0,2023,4,,5.0,0.0,5.0,9.0,0.0,3.0,5.0,0.0,6.0
2024-04-20,3,SSG,24,14,10,0,0.583,3.5,2023,4,,6.0,0.0,4.0,9.0,0.0,6.0,5.0,0.0,4.0
2024-04-20,4,키움,21,12,9,0,0.571,4.0,2023,4,,5.0,0.0,5.0,9.0,0.0,3.0,3.0,0.0,6.0
2024-04-20,5,LG,24,12,11,1,0.522,5.0,2023,4,,4.0,0.0,6.0,9.0,1.0,4.0,3.0,0.0,7.0
2024-04-20,5,삼성,24,12,11,1,0.522,5.0,2023,4,,7.0,0.0,3.0,4.0,0.0,7.0,8.0,1.0,4.0
2024-04-20,7,한화,23,11,12,0,0.478,6.0,2023,4,,3.0,0.0,7.0,5.0,0.0,5.0,6.0,0.0,7.0
2024-04-20,8,두산,24,10,14,0,0.417,7.5,2023,4,,5.0,0.0,5.0,6.0,0.0,4.0,4.0,0.0,10.0
2024-04-20,9,KT,24,7,17,0,0.292,10.5,2023,4,,4.0,0.0,6.0,3.0,0.0,8.0,4.0,0.0,9.0
2024-04-20,10,롯데,22,6,16,0,0.273,10.5,2023,4,,2.0,0.0,8.0,4.0,0.0,6.0,2.0,0.0,10.0
2024-04-21,1,KIA,24,17,7,0,0.708,0.0,2023,4,,7.0,0.0,3.0,9.0,0.0,3.0,8.0,0.0,4.0
2024-04-21,2,NC,24,15,9,0,0.625,2.0,2023,4,,6.0,0.0,4.0,9.0,0.0,3.0,6.0,0.0,6.0
2024-04-21,3,키움,23,13,10,0,0.565,3.5,2023,4,,6.0,0.0,4.0,9.0,0.0,3.0,4.0,0.0,7.0
2024-04-21,4,SSG,26,14,11,1,0.56,3.5,2023,4,,4.0,1.0,5.0,9.0,1.0,7.0,5.0,0.0,4.0
2024-04-21,5,LG,26,13,11,2,0.542,4.0,2023,4,,5.0,1.0,4.0,9.0,1.0,4.0,4.0,1.0,7.0
2024-04-21,5,삼성,25,13,11,1,0.542,4.0,2023,4,,7.0,0.0,3.0,4.0,0.0,7.0,9.0,1.0,4.0
2024-04-21,7,한화,24,11,13,0,0.458,6.0,2023,4,,3.0,0.0,7.0,5.0,0.0,6.0,6.0,0.0,7.0
2024-04-21,8,두산,26,11,15,0,0.423,7.0,2023,4,,4.0,0.0,6.0,7.0,0.0,5.0,4.0,0.0,10.0
2024-04-21,9,롯데,24,7,16,1,0.304,9.5,2023,4,,3.0,1.0,6.0,5.0,1.0,6.0,2.0,0.0,10.0
2024-04-21,10,KT,26,7,18,1,0.28,10.5,2023,4,,3.0,1.0,6.0,3.0,0.0,8.0,4.0,1.0,10.0
2024-04-23,1,KIA,25,18,7,0,0.72,0.0,2023,4,,7.0,0.0,3.0,9.0,0.0,3.0,9.0,0.0,4.0
2024-04-23,2,NC,25,15,10,0,0.6,3.0,2023,4,,5.0,0.0,5.0,9.0,0.0,3.0,6.0,0.0,7.0
2024-04-23,3,SSG,26,14,11,1,0.56,4.0,2023,4,,4.0,1.0,5.0,9.0,1.0,7.0,5.0,0.0,4.0
2024-04-23,3,삼성,26,14,11,1,0.56,4.0,2023,4,,7.0,0.0,3.0,5.0,0.0,7.0,9.0,1.0,4.0
2024-04-23,5,키움,24,13,11,0,0.542,4.5,2023,4,,5.0,0.0,5.0,9.0,0.0,4.0,4.0,0.0,7.0
2024-04-23,6,LG,27,13,12,2,0.52,5.0,2023,4,,5.0,1.0,4.0,9.0,1.0,4.0,4.0,1.0,8.0
2024-04-23,7,두산,27,12,15,0,0.444,7.0,2023,4,,5.0,0.0,5.0,8.0,0.0,5.0,4.0,0.0,10.0
2024-04-23,8,한화,25,11,14,0,0.44,7.0,2023,4,,3.0,0.0,7.0,5.0,0.0,6.0,6.0,0.0,8.0
2024-04-23,9,KT,27,8,18,1,0.308,10.5,2023,4,,4.0,1.0,5.0,4.0,0.0,8.0,4.0,1.0,10.0
2024-04-23,10,롯데,24,7,16,1,0.304,10.0,2023,4,,3.0,1.0,6.0,5.0,1.0,6.0,2.0,0.0,10.0
2024-04-24,1,KIA,26,19,7,0,0.731,0.0,2023,4,,7.0,0.0,3.0,9.0,0.0,3.0,10.0,0.0,4.0
2024-04-24,2,NC,26,16,10,0,0.615,3.0,2023,4,,5.0,0.0,5.0,9.0,0.0,3.0,7.0,0.0,7.0
2024-04-24,3,SSG,27,15,11,1,0.577,4.0,2023,4,,5.0,1.0,4.0,9.0,1.0,7.0,6.0,0.0,4.0
2024-04-24,3,삼성,27,15,11,1,0.577,4.0,2023,4,,8.0,0.0,2.0,6.0,0.0,7.0,9.0,1.0,4.0
2024-04-24,5,키움,25,13,12,0,0.52,5.5,2023,4,,4.0,0.0,6.0,9.0,0.0,5.0,4.0,0.0,7.0
2024-04-24,6,LG,28,13,13,2,0.5,6.0,2023,4,,4.0,1.0,5.0,9.0,1.0,4.0,4.0,1.0,9.0
2024-04-24,7,두산,28,12,16,0,0.429,8.0,2023,4,,5.0,0.0,5.0,8.0,0.0,6.0,4.0,0.0,10.0
2024-04-24,8,한화,26,11,15,0,0.423,8.0,2023,4,,2.0,0.0,8.0,5.0,0.0,6.0,6.0,0.0,9.0
2024-04-24,9,KT,28,9,18,1,0.333,10.5,2023,4,,4.0,1.0,5.0,5.0,0.0,8.0,4.0,1.0,10.0
2024-04-24,10,롯데,25,7,17,1,0.292,11.0,2023,4,,3.0,1.0,6.0,5.0,1.0,7.0,2.0,0.0,10.0
2024-04-25,1,KIA,27,20,7,0,0.741,0.0,2023,4,,7.0,0.0,3.0,9.0,0.0,3.0,11.0,0.0,4.0
2024-04-25,2,NC,27,16,11,0,0.593,4.0,2023,4,,4.0,0.0,6.0,9.0,0.0,3.0,7.0,0.0,8.0
2024-04-25,3,SSG,28,15,12,1,0.556,5.0,2023,4,,5.0,1.0,4.0,9.0,1.0,7.0,6.0,0.0,5.0
2024-04-25,3,삼성,28,15,12,1,0.556,5.0,2023,4,,8.0,0.0,2.0,6.0,0.0,8.0,9.0,1.0,4.0
2024-04-25,5,LG,29,14,13,2,0.519,6.0,2023,4,,5.0,1.0,4.0,9.0,1.0,4.0,5.0,1.0,9.0
2024-04-25,6,키움,26,13,13,0,0.5,6.5,2023,4,,3.0,0.0,7.0,9.0,0.0,6.0,4.0,0.0,7.0
2024-04-25,7,두산,29,13,16,0,0.448,8.0,2023,4,,5.0,0.0,5.0,9.0,0.0,6.0,4.0,0.0,10.0
2024-04-25,8,한화,27,11,16,0,0.407,9.0,2023,4,,2.0,0.0,8.0,5.0,0.0,6.0,6.0,0.0,10.0
2024-04-25,9,KT,29,10,18,1,0.357,10.5,2023,4,,5.0,1.0,4.0,6.0,0.0,8.0,4.0,1.0,10.0
2024-04-25,10,롯데,26,8,17,1,0.32,11.0,2023,4,,4.0,1.0,5.0,6.0,1.0,7.0,2.0,0.0,10.0
2024-04-26,1,KIA,28,20,8,0,0.714,0.0,2023,4,,6.0,0.0,4.0,9.0,0.0,3.0,11.0,0.0,5.0
2024-04-26,2,NC,28,17,11,0,0.607,3.0,2023,4,,4.0,0.0,6.0,10.0,0.0,3.0,7.0,0.0,8.0
2024-04-26,3,SSG,29,16,12,1,0.571,4.0,2023,4,,5.0,1.0,4.0,10.0,1.0,7.0,6.0,0.0,5.0
2024-04-26,3,삼성,29,16,12,1,0.571,4.0,2023,4,,8.0,0.0,2.0,6.0,0.0,8.0,10.0,1.0,4.0
2024-04-26,5,LG,30,15,13,2,0.536,5.0,2023,4,,6.0,1.0,3.0,10.0,1.0,4.0,5.0,1.0,9.0
2024-04-26,6,키움,27,13,14,0,0.481,6.5,2023,4,,2.0,0.0,8.0,9.0,0.0,7.0,4.0,0.0,7.0
2024-04-26,7,두산,30,14,16,0,0.467,7.0,2023,4,,5.0,0.0,5.0,9.0,0.0,6.0,5.0,0.0,10.0
2024-04-26,8,한화,28,11,17,0,0.393,9.0,2023,4,,2.0,0.0,8.0,5.0,0.0,7.0,6.0,0.0,10.0
2024-04-26,9,KT,30,10,19,1,0.345,10.5,2023,4,,5.0,1.0,4.0,6.0,0.0,8.0,4.0,1.0,11.0
2024-04-26,10,롯데,27,8,18,1,0.308,11.0,2023,4,,4.0,1.0,5.0,6.0,1.0,7.0,2.0,0.0,11.0
2024-04-27,1,KIA,29,20,9,0,0.69,0.0,2023,4,,6.0,0.0,4.0,9.0,0.0,3.0,11.0,0.0,6.0
2024-04-27,2,NC,29,18,11,0,0.621,2.0,2023,4,,5.0,0.0,5.0,11.0,0.0,3.0,7.0,0.0,8.0
2024-04-27,3,삼성,30,17,12,1,0.586,3.0,2023,4,,8.0,0.0,2.0,6.0,0.0,8.0,11.0,1.0,4.0
2024-04-27,4,LG,31,16,13,2,0.552,4.0,2023,4,,6.0,1.0,3.0,11.0,1.0,4.0,5.0,1.0,9.0
2024-04-27,4,SSG,30,16,13,1,0.552,4.0,2023,4,,4.0,1.0,5.0,10.0,1.0,8.0,6.0,0.0,5.0
2024-04-27,6,키움,28,13,15,0,0.464,6.5,2023,4,,1.0,0.0,9.0,9.0,0.0,8.0,4.0,0.0,7.0
2024-04-27,7,두산,31,14,17,0,0.452,7.0,2023,4,,5.0,0.0,5.0,9.0,0.0,6.0,5.0,0.0,11.0
2024-04-27,8,한화,29,12,17,0,0.414,8.0,2023,4,,3.0,0.0,7.0,6.0,0.0,7.0,6.0,0.0,10.0
2024-04-27,9,KT,31,11,19,1,0.367,9.5,2023,4,,6.0,1.0,3.0,6.0,0.0,8.0,5.0,1.0,11.0
2024-04-27,10,롯데,28,8,19,1,0.296,11.0,2023,4,,4.0,1.0,5.0,6.0,1.0,7.0,2.0,0.0,12.0
2024-04-28,1,KIA,30,21,9,0,0.7,0.0,2023,4,,6.0,0.0,4.0,9.0,0.0,3.0,12.0,0.0,6.0
2024-04-28,2,NC,30,19,11,0,0.633,2.0,2023,4,,6.0,0.0,4.0,12.0,0.0,3.0,7.0,0.0,8.0
2024-04-28,3,삼성,31,18,12,1,0.6,3.0,2023,4,,8.0,0.0,2.0,6.0,0.0,8.0,12.0,1.0,4.0
2024-04-28,4,SSG,31,17,13,1,0.567,4.0,2023,4,,4.0,1.0,5.0,11.0,1.0,8.0,6.0,0.0,5.0
2024-04-28,5,LG,32,16,14,2,0.533,5.0,2023,4,,5.0,1.0,4.0,11.0,1.0,5.0,5.0,1.0,9.0
2024-04-28,6,두산,32,15,17,0,0.469,7.0,2023,4,,6.0,0.0,4.0,9.0,0.0,6.0,6.0,0.0,11.0
2024-04-28,7,키움,29,13,16,0,0.448,7.5,2023,4,,1.0,0.0,9.0,9.0,0.0,9.0,4.0,0.0,7.0
2024-04-28,8,한화,30,12,18,0,0.4,9.0,2023,4,,2.0,0.0,8.0,6.0,0.0,8.0,6.0,0.0,10.0
2024-04-28,9,KT,32,11,20,1,0.355,10.5,2023,4,,5.0,1.0,4.0,6.0,0.0,8.0,5.0,1.0,12.0
2024-04-28,10,롯데,29,8,20,1,0.286,12.0,2023,4,,4.0,1.0,5.0,6.0,1.0,7.0,2.0,0.0,13.0
2024-04-30,1,KIA,31,21,10,0,0.677,0.0,2023,4,,6.0,0.0,4.0,9.0,0.0,4.0,12.0,0.0,6.0
2024-04-30,2,NC,31,20,11,0,0.645,1.0,2023,4,,6.0,0.0,4.0,13.0,0.0,3.0,7.0,0.0,8.0
2024-04-30,3,삼성,32,18,13,1,0.581,3.0,2023,4,,7.0,0.0,3.0,6.0,0.0,8.0,12.0,1.0,5.0
2024-04-30,4,SSG,32,17,14,1,0.548,4.0,2023,4,,4.0,1.0,5.0,11.0,1.0,8.0,6.0,0.0,6.0
2024-04-30,5,LG,33,16,15,2,0.516,5.0,2023,4,,5.0,1.0,4.0,11.0,1.0,5.0,5.0,1.0,10.0
2024-04-30,6,두산,33,16,17,0,0.485,6.0,2023,4,,7.0,0.0,3.0,10.0,0.0,6.0,6.0,0.0,11.0
2024-04-30,7,키움,30,14,16,0,0.467,6.5,2023,4,,2.0,0.0,8.0,9.0,0.0,9.0,5.0,0.0,7.0
2024-04-30,8,한화,31,13,18,0,0.419,8.0,2023,4,,3.0,0.0,7.0,7.0,0.0,8.0,6.0,0.0,10.0
2024-04-30,9,KT,33,12,20,1,0.375,9.5,2023,4,,5.0,1.0,4.0,6.0,0.0,8.0,6.0,1.0,12.0
2024-04-30,10,롯데,30,8,21,1,0.276,12.0,2023,4,,4.0,1.0,5.0,6.0,1.0,8.0,2.0,0.0,13.0
2024-05-01,1,KIA,32,22,10,0,0.688,0.0,2023,5,,6.0,0.0,4.0,10.0,0.0,4.0,12.0,0.0,6.0
2024-05-01,2,NC,32,20,12,0,0.625,2.0,2023,5,,6.0,0.0,4.0,13.0,0.0,4.0,7.0,0.0,8.0
2024-05-01,3,삼성,33,19,13,1,0.594,3.0,2023,5,,8.0,0.0,2.0,6.0,0.0,8.0,13.0,1.0,5.0
2024-05-01,4,SSG,33,18,14,1,0.563,4.0,2023,5,,4.0,1.0,5.0,11.0,1.0,8.0,7.0,0.0,6.0
2024-05-01,5,LG,34,17,15,2,0.531,5.0,2023,5,,5.0,1.0,4.0,11.0,1.0,5.0,6.0,1.0,10.0
2024-05-01,6,키움,31,15,16,0,0.484,6.5,2023,5,,3.0,0.0,7.0,9.0,0.0,9.0,6.0,0.0,7.0
2024-05-01,7,두산,34,16,18,0,0.471,7.0,2023,5,,6.0,0.0,4.0,10.0,0.0,7.0,6.0,0.0,11.0
2024-05-01,8,한화,32,13,19,0,0.406,9.0,2023,5,,2.0,0.0,8.0,7.0,0.0,9.0,6.0,0.0,10.0
2024-05-01,9,KT,34,12,21,1,0.364,10.5,2023,5,,5.0,1.0,4.0,6.0,0.0,8.0,6.0,1.0,13.0
2024-05-01,10,롯데,31,8,22,1,0.267,13.0,2023,5,,3.0,1.0,6.0,6.0,1.0,9.0,2.0,0.0,13.0
2024-05-02,1,KIA,33,22,11,0,0.667,0.0,2023,5,,5.0,0.0,5.0,10.0,0.0,5.0,12.0,0.0,6.0
2024-05-02,2,NC,33,20,13,0,0.606,2.0,2023,5,,6.0,0.0,4.0,13.0,0.0,5.0,7.0,0.0,8.0
2024-05-02,2,삼성,34,20,13,1,0.606,2.0,2023,5,,8.0,0.0,2.0,6.0,0.0,8.0,14.0,1.0,5.0
2024-05-02,4,SSG,34,19,14,1,0.576,3.0,2023,5,,5.0,1.0,4.0,11.0,1.0,8.0,8.0,0.0,6.0
2024-05-02,5,LG,35,18,15,2,0.545,4.0,2023,5,,5.0,1.0,4.0,11.0,1.0,5.0,7.0,1.0,10.0
2024-05-02,6,키움,32,15,17,0,0.469,6.5,2023,5,,2.0,0.0,8.0,9.0,0.0,9.0,6.0,0.0,8.0
2024-05-02,7,두산,35,16,19,0,0.457,7.0,2023,5,,6.0,0.0,4.0,10.0,0.0,8.0,6.0,0.0,11.0
2024-05-02,8,한화,33,13,20,0,0.394,9.0,2023,5,,2.0,0.0,8.0,7.0,0.0,10.0,6.0,0.0,10.0
2024-05-02,9,KT,35,13,21,1,0.382,9.5,2023,5,,6.0,0.0,4.0,6.0,0.0,8.0,7.0,1.0,13.0
2024-05-02,10,롯데,32,9,22,1,0.29,12.0,2023,5,,3.0,1.0,6.0,7.0,1.0,9.0,2.0,0.0,13.0
2024-05-03,1,KIA,34,22,12,0,0.647,0.0,2023,5,,5.0,0.0,5.0,10.0,0.0,6.0,12.0,0.0,6.0
2024-05-03,2,NC,34,21,13,0,0.618,1.0,2023,5,,6.0,0.0,4.0,13.0,0.0,5.0,8.0,0.0,8.0
2024-05-03,3,삼성,35,20,14,1,0.588,2.0,2023,5,,7.0,0.0,3.0,6.0,0.0,9.0,14.0,1.0,5.0
2024-05-03,4,SSG,35,19,15,1,0.559,3.0,2023,5,,5.0,1.0,4.0,11.0,1.0,9.0,8.0,0.0,6.0
2024-05-03,5,LG,36,18,16,2,0.529,4.0,2023,5,,5.0,0.0,5.0,11.0,1.0,6.0,7.0,1.0,10.0
2024-05-03,6,두산,36,17,19,0,0.472,6.0,2023,5,,6.0,0.0,4.0,10.0,0.0,8.0,7.0,0.0,11.0
2024-05-03,7,키움,33,15,18,0,0.455,6.5,2023,5,,2.0,0.0,8.0,9.0,0.0,9.0,6.0,0.0,9.0
2024-05-03,8,한화,34,14,20,0,0.412,8.0,2023,5,,3.0,0.0,7.0,7.0,0.0,10.0,7.0,0.0,10.0
2024-05-03,9,KT,36,14,21,1,0.4,8.5,2023,5,,7.0,0.0,3.0,7.0,0.0,8.0,7.0,1.0,13.0
2024-05-03,10,롯데,33,10,22,1,0.313,11.0,2023,5,,4.0,0.0,6.0,7.0,1.0,9.0,3.0,0.0,13.0
2024-05-04,1,KIA,35,23,12,0,0.657,0.0,2023,5,,5.0,0.0,5.0,11.0,0.0,6.0,12.0,0.0,6.0
2024-05-04,2,NC,35,22,13,0,0.629,1.0,2023,5,,7.0,0.0,3.0,13.0,0.0,5.0,9.0,0.0,8.0
2024-05-04,3,삼성,36,20,15,1,0.571,3.0,2023,5,,6.0,0.0,4.0,6.0,0.0,10.0,14.0,1.0,5.0
2024-05-04,4,SSG,36,19,16,1,0.543,4.0,2023,5,,5.0,0.0,5.0,11.0,1.0,10.0,8.0,0.0,6.0
2024-05-04,5,LG,37,18,17,2,0.514,5.0,2023,5,,5.0,0.0,5.0,11.0,1.0,7.0,7.0,1.0,10.0
2024-05-04,6,두산,37,18,19,0,0.486,6.0,2023,5,,6.0,0.0,4.0,10.0,0.0,8.0,8.0,0.0,11.0
2024-05-04,7,키움,34,15,19,0,0.441,7.5,2023,5,,2.0,0.0,8.0,9.0,0.0,9.0,6.0,0.0,10.0
2024-05-04,8,KT,37,15,21,1,0.417,8.5,2023,5,,7.0,0.0,3.0,8.0,0.0,8.0,7.0,1.0,13.0
2024-05-04,9,한화,35,14,21,0,0.4,9.0,2023,5,,3.0,0.0,7.0,7.0,0.0,10.0,7.0,0.0,11.0
2024-05-04,10,롯데,34,11,22,1,0.333,11.0,2023,5,,4.0,0.0,6.0,7.0,1.0,9.0,4.0,0.0,13.0
2024-05-07,1,KIA,35,23,12,0,0.657,0.0,2023,5,,5.0,0.0,5.0,11.0,0.0,6.0,12.0,0.0,6.0
2024-05-07,2,NC,35,22,13,0,0.629,1.0,2023,5,,7.0,0.0,3.0,13.0,0.0,5.0,9.0,0.0,8.0
2024-05-07,3,삼성,36,20,15,1,0.571,3.0,2023,5,,6.0,0.0,4.0,6.0,0.0,10.0,14.0,1.0,5.0
2024-05-07,4,SSG,37,20,16,1,0.556,3.5,2023,5,,5.0,0.0,5.0,11.0,1.0,10.0,9.0,0.0,6.0
2024-05-07,5,LG,38,18,18,2,0.5,5.5,2023,5,,5.0,0.0,5.0,11.0,1.0,8.0,7.0,1.0,10.0
2024-05-07,5,두산,38,19,19,0,0.5,5.5,2023,5,,7.0,0.0,3.0,10.0,0.0,8.0,9.0,0.0,11.0
2024-05-07,7,키움,35,15,20,0,0.429,8.0,2023,5,,2.0,0.0,8.0,9.0,0.0,10.0,6.0,0.0,10.0
2024-05-07,8,KT,37,15,21,1,0.417,8.5,2023,5,,7.0,0.0,3.0,8.0,0.0,8.0,7.0,1.0,13.0
2024-05-07,9,한화,35,14,21,0,0.4,9.0,2023,5,,3.0,0.0,7.0,7.0,0.0,10.0,7.0,0.0,11.0
2024-05-07,10,롯데,34,11,22,1,0.333,11.0,2023,5,,4.0,0.0,6.0,7.0,1.0,9.0,4.0,0.0,13.0
2024-05-08,1,KIA,36,24,12,0,0.667,0.0,2023,5,,5.0,0.0,5.0,11.0,0.0,6.0,13.0,0.0,6.0
2024-05-08,2,NC,36,22,14,0,0.611,2.0,2023,5,,6.0,0.0,4.0,13.0,0.0,5.0,9.0,0.0,9.0
2024-05-08,3,삼성,37,20,16,1,0.556,4.0,2023,5,,5.0,0.0,5.0,6.0,0.0,11.0,14.0,1.0,5.0
2024-05-08,4,SSG,38,20,17,1,0.541,4.5,2023,5,,5.0,0.0,5.0,11.0,1.0,10.0,9.0,0.0,7.0
2024-05-08,5,LG,39,19,18,2,0.514,5.5,2023,5,,5.0,0.0,5.0,12.0,1.0,8.0,7.0,1.0,10.0
2024-05-08,6,두산,39,20,19,0,0.513,5.5,2023,5,,7.0,0.0,3.0,10.0,0.0,8.0,10.0,0.0,11.0
2024-05-08,7,KT,38,16,21,1,0.432,8.5,2023,5,,7.0,0.0,3.0,9.0,0.0,8.0,7.0,1.0,13.0
2024-05-08,8,키움,36,15,21,0,0.417,9.0,2023,5,,2.0,0.0,8.0,9.0,0.0,11.0,6.0,0.0,10.0
2024-05-08,9,한화,36,14,22,0,0.389,10.0,2023,5,,3.0,0.0,7.0,7.0,0.0,10.0,7.0,0.0,12.0
2024-05-08,10,롯데,35,12,22,1,0.353,11.0,2023,5,,5.0,0.0,5.0,8.0,1.0,9.0,4.0,0.0,13.0
2024-05-09,1,KIA,37,24,13,0,0.649,0.0,2023,5,,4.0,0.0,6.0,11.0,0.0,6.0,13.0,0.0,7.0
2024-05-09,2,NC,37,22,15,0,0.595,2.0,2023,5,,6.0,0.0,4.0,13.0,0.0,5.0,9.0,0.0,10.0
2024-05-09,3,삼성,38,21,16,1,0.568,3.0,2023,5,,6.0,0.0,4.0,7.0,0.0,11.0,14.0,1.0,5.0
2024-05-09,4,LG,40,20,18,2,0.526,4.5,2023,5,,5.0,0.0,5.0,13.0,1.0,8.0,7.0,1.0,10.0
2024-05-09,4,SSG,39,20,18,1,0.526,4.5,2023,5,,4.0,0.0,6.0,11.0,1.0,10.0,9.0,0.0,8.0
2024-05-09,6,두산,40,21,19,0,0.525,4.5,2023,5,,7.0,0.0,3.0,10.0,0.0,8.0,11.0,0.0,11.0
2024-05-09,7,KT,39,17,21,1,0.447,7.5,2023,5,,7.0,0.0,3.0,10.0,0.0,8.0,7.0,1.0,13.0
2024-05-09,8,키움,37,15,22,0,0.405,9.0,2023,5,,2.0,0.0,8.0,9.0,0.0,12.0,6.0,0.0,10.0
2024-05-09,9,한화,37,14,23,0,0.378,10.0,2023,5,,3.0,0.0,7.0,7.0,0.0,10.0,7.0,0.0,13.0
2024-05-09,10,롯데,36,13,22,1,0.371,10.0,2023,5,,5.0,0.0,5.0,9.0,1.0,9.0,4.0,0.0,13.0
2024-05-10,1,KIA,38,24,14,0,0.632,0.0,2023,5,,4.0,0.0,6.0,11.0,0.0,7.0,13.0,0.0,7.0
2024-05-10,2,NC,38,23,15,0,0.605,1.0,2023,5,,6.0,0.0,4.0,14.0,0.0,5.0,9.0,0.0,10.0
2024-05-10,3,삼성,39,21,17,1,0.553,3.0,2023,5,,5.0,0.0,5.0,7.0,0.0,11.0,14.0,1.0,6.0
2024-05-10,4,LG,41,21,18,2,0.538,3.5,2023,5,,5.0,0.0,5.0,13.0,1.0,8.0,8.0,1.0,10.0
2024-05-10,4,SSG,40,21,18,1,0.538,3.5,2023,5,,5.0,0.0,5.0,11.0,1.0,10.0,10.0,0.0,8.0
2024-05-10,6,두산,41,22,19,0,0.537,3.5,2023,5,,8.0,0.0,2.0,11.0,0.0,8.0,11.0,0.0,11.0
2024-05-10,7,KT,40,17,22,1,0.436,7.5,2023,5,,7.0,0.0,3.0,10.0,0.0,8.0,7.0,1.0,14.0
2024-05-10,8,한화,38,15,23,0,0.395,9.0,2023,5,,4.0,0.0,6.0,8.0,0.0,10.0,7.0,0.0,13.0
2024-05-10,8,키움,38,15,23,0,0.395,9.0,2023,5,,2.0,0.0,8.0,9.0,0.0,12.0,6.0,0.0,11.0
2024-05-10,10,롯데,37,13,23,1,0.361,10.0,2023,5,,5.0,0.0,5.0,9.0,1.0,10.0,4.0,0.0,13.0
2024-05-11,1,KIA,38,24,14,0,0.632,0.0,2023,5,,4.0,0.0,6.0,11.0,0.0,7.0,13.0,0.0,7.0
2024-05-11,2,NC,39,23,16,0,0.59,1.5,2023,5,,5.0,0.0,5.0,14.0,0.0,6.0,9.0,0.0,10.0
2024-05-11,3,삼성,40,22,17,1,0.564,2.5,2023,5,,5.0,0.0,5.0,7.0,0.0,11.0,15.0,1.0,6.0
2024-05-11,4,LG,42,22,18,2,0.55,3.0,2023,5,,6.0,0.0,4.0,13.0,1.0,8.0,9.0,1.0,10.0
2024-05-11,5,SSG,40,21,18,1,0.538,3.5,2023,5,,5.0,0.0,5.0,11.0,1.0,10.0,10.0,0.0,8.0
2024-05-11,6,두산,41,22,19,0,0.537,3.5,2023,5,,8.0,0.0,2.0,11.0,0.0,8.0,11.0,0.0,11.0
2024-05-11,7,KT,40,17,22,1,0.436,7.5,2023,5,,7.0,0.0,3.0,10.0,0.0,8.0,7.0,1.0,14.0
2024-05-11,8,키움,39,16,23,0,0.41,8.5,2023,5,,3.0,0.0,7.0,9.0,0.0,12.0,7.0,0.0,11.0
2024-05-11,9,한화,39,15,24,0,0.385,9.5,2023,5,,3.0,0.0,7.0,8.0,0.0,11.0,7.0,0.0,13.0
2024-05-11,10,롯데,38,13,24,1,0.351,10.5,2023,5,,5.0,0.0,5.0,9.0,1.0,11.0,4.0,0.0,13.0
2024-05-12,1,KIA,40,25,15,0,0.625,0.0,2023,5,,4.0,0.0,6.0,12.0,0.0,8.0,13.0,0.0,7.0
2024-05-12,2,NC,40,23,17,0,0.575,2.0,2023,5,,4.0,0.0,6.0,14.0,0.0,7.0,9.0,0.0,10.0
2024-05-12,2,삼성,41,23,17,1,0.575,2.0,2023,5,,5.0,0.0,5.0,7.0,0.0,11.0,16.0,1.0,6.0
2024-05-12,4,LG,43,23,18,2,0.561,2.5,2023,5,,7.0,0.0,3.0,13.0,1.0,8.0,10.0,1.0,10.0
2024-05-12,5,두산,43,24,19,0,0.558,2.5,2023,5,,8.0,0.0,2.0,13.0,0.0,8.0,11.0,0.0,11.0
2024-05-12,6,SSG,42,22,19,1,0.537,3.5,2023,5,,5.0,0.0,5.0,11.0,1.0,10.0,11.0,0.0,9.0
2024-05-12,7,KT,42,17,24,1,0.415,8.5,2023,5,,6.0,0.0,4.0,10.0,0.0,8.0,7.0,1.0,16.0
2024-05-12,8,한화,40,16,24,0,0.4,9.0,2023,5,,4.0,0.0,6.0,9.0,0.0,11.0,7.0,0.0,13.0
2024-05-12,8,키움,40,16,24,0,0.4,9.0,2023,5,,2.0,0.0,8.0,9.0,0.0,12.0,7.0,0.0,12.0
2024-05-12,10,롯데,39,13,25,1,0.342,11.0,2023,5,,5.0,0.0,5.0,9.0,1.0,12.0,4.0,0.0,13.0
2024-05-14,1,KIA,41,25,16,0,0.61,0.0,2023,5,,4.0,0.0,6.0,12.0,0.0,9.0,13.0,0.0,7.0
2024-05-14,2,NC,41,23,17,1,0.575,1.5,2023,5,,3.0,1.0,6.0,14.0,0.0,7.0,9.0,1.0,10.0
2024-05-14,3,두산,44,25,19,0,0.568,1.5,2023,5,,9.0,0.0,1.0,13.0,0.0,8.0,12.0,0.0,11.0
2024-05-14,4,삼성,42,23,18,1,0.561,2.0,2023,5,,5.0,0.0,5.0,7.0,0.0,11.0,16.0,1.0,7.0
2024-05-14,5,LG,44,23,19,2,0.548,2.5,2023,5,,6.0,0.0,4.0,13.0,1.0,9.0,10.0,1.0,10.0
2024-05-14,5,SSG,43,23,19,1,0.548,2.5,2023,5,,5.0,0.0,5.0,12.0,1.0,10.0,11.0,0.0,9.0
2024-05-14,7,KT,43,18,24,1,0.429,7.5,2023,5,,6.0,0.0,4.0,11.0,0.0,8.0,7.0,1.0,16.0
2024-05-14,8,키움,41,17,24,0,0.415,8.0,2023,5,,2.0,0.0,8.0,9.0,0.0,12.0,8.0,0.0,12.0
2024-05-14,9,한화,41,16,24,1,0.4,8.5,2023,5,,3.0,1.0,6.0,9.0,1.0,11.0,7.0,0.0,13.0
2024-05-14,10,롯데,40,13,26,1,0.333,11.0,2023,5,,5.0,0.0,5.0,9.0,1.0,12.0,4.0,0.0,14.0
2024-05-15,1,KIA,42,26,16,0,0.619,0.0,2023,5,,4.0,0.0,6.0,13.0,0.0,9.0,13.0,0.0,7.0
2024-05-15,2,NC,42,24,17,1,0.585,1.5,2023,5,,4.0,1.0,5.0,14.0,0.0,7.0,10.0,1.0,10.0
2024-05-15,3,삼성,42,23,18,1,0.561,2.5,2023,5,,5.0,0.0,5.0,7.0,0.0,11.0,16.0,1.0,7.0
2024-05-15,4,두산,45,25,20,0,0.556,2.5,2023,5,,9.0,0.0,1.0,13.0,0.0,8.0,12.0,0.0,12.0
2024-05-15,5,LG,44,23,19,2,0.548,3.0,2023,5,,6.0,0.0,4.0,13.0,1.0,9.0,10.0,1.0,10.0
2024-05-15,5,SSG,43,23,19,1,0.548,3.0,2023,5,,5.0,0.0,5.0,12.0,1.0,10.0,11.0,0.0,9.0
2024-05-15,7,KT,43,18,24,1,0.429,8.0,2023,5,,6.0,0.0,4.0,11.0,0.0,8.0,7.0,1.0,16.0
2024-05-15,8,키움,41,17,24,0,0.415,8.5,2023,5,,2.0,0.0,8.0,9.0,0.0,12.0,8.0,0.0,12.0
2024-05-15,9,한화,42,16,25,1,0.39,9.5,2023,5,,3.0,1.0,6.0,9.0,1.0,12.0,7.0,0.0,13.0
2024-05-15,10,롯데,40,13,26,1,0.333,11.5,2023,5,,5.0,0.0,5.0,9.0,1.0,12.0,4.0,0.0,14.0
2024-05-16,1,KIA,43,26,16,1,0.619,0.0,2023,5,,4.0,1.0,5.0,13.0,1.0,9.0,13.0,0.0,7.0
2024-05-16,2,NC,43,25,17,1,0.595,1.0,2023,5,,5.0,1.0,4.0,14.0,0.0,7.0,11.0,1.0,10.0
2024-05-16,3,삼성,43,24,18,1,0.571,2.0,2023,5,,5.0,0.0,5.0,7.0,0.0,11.0,17.0,1.0,7.0
2024-05-16,4,두산,46,25,20,1,0.556,2.5,2023,5,,8.0,1.0,1.0,13.0,0.0,8.0,12.0,1.0,12.0
2024-05-16,5,LG,45,23,20,2,0.535,3.5,2023,5,,5.0,0.0,5.0,13.0,1.0,10.0,10.0,1.0,10.0
2024-05-16,5,SSG,44,23,20,1,0.535,3.5,2023,5,,4.0,0.0,6.0,12.0,1.0,11.0,11.0,0.0,9.0
2024-05-16,7,키움,42,18,24,0,0.429,8.0,2023,5,,3.0,0.0,7.0,9.0,0.0,12.0,9.0,0.0,12.0
2024-05-16,8,KT,44,18,25,1,0.419,8.5,2023,5,,6.0,0.0,4.0,11.0,0.0,9.0,7.0,1.0,16.0
2024-05-16,9,한화,43,16,26,1,0.381,10.0,2023,5,,3.0,1.0,6.0,9.0,1.0,13.0,7.0,0.0,13.0
2024-05-16,10,롯데,41,14,26,1,0.35,11.0,2023,5,,6.0,0.0,4.0,9.0,1.0,12.0,5.0,0.0,14.0
2024-05-17,1,KIA,44,27,16,1,0.628,0.0,2023,5,,5.0,1.0,4.0,13.0,1.0,9.0,14.0,0.0,7.0
2024-05-17,2,NC,44,25,18,1,0.581,2.0,2023,5,,4.0,1.0,5.0,14.0,0.0,8.0,11.0,1.0,10.0
2024-05-17,2,삼성,44,25,18,1,0.581,2.0,2023,5,,5.0,0.0,5.0,8.0,0.0,11.0,17.0,1.0,7.0
2024-05-17,4,LG,46,24,20,2,0.545,3.5,2023,5,,6.0,0.0,4.0,13.0,1.0,10.0,11.0,1.0,10.0
2024-05-17,4,SSG,45,24,20,1,0.545,3.5,2023,5,,5.0,0.0,5.0,12.0,1.0,11.0,12.0,0.0,9.0
2024-05-17,6,두산,47,25,21,1,0.543,3.5,2023,5,,7.0,1.0,2.0,13.0,0.0,9.0,12.0,1.0,12.0
2024-05-17,7,키움,43,18,25,0,0.419,9.0,2023,5,,3.0,0.0,7.0,9.0,0.0,13.0,9.0,0.0,12.0
2024-05-17,8,KT,45,18,26,1,0.409,9.5,2023,5,,5.0,0.0,5.0,11.0,0.0,10.0,7.0,1.0,16.0
2024-05-17,9,한화,44,16,27,1,0.372,11.0,2023,5,,2.0,1.0,7.0,9.0,1.0,13.0,7.0,0.0,14.0
2024-05-17,10,롯데,42,15,26,1,0.366,11.0,2023,5,,6.0,0.0,4.0,9.0,1.0,12.0,6.0,0.0,14.0
2024-05-18,1,KIA,45,28,16,1,0.636,0.0,2023,5,,5.0,1.0,4.0,13.0,1.0,9.0,15.0,0.0,7.0
2024-05-18,2,삼성,45,26,18,1,0.591,2.0,2023,5,,6.0,0.0,4.0,9.0,0.0,11.0,17.0,1.0,7.0
2024-05-18,3,NC,45,25,19,1,0.568,3.0,2023,5,,3.0,1.0,6.0,14.0,0.0,9.0,11.0,1.0,10.0
2024-05-18,4,LG,47,25,20,2,0.556,3.5,2023,5,,7.0,0.0,3.0,13.0,1.0,10.0,12.0,1.0,10.0
2024-05-18,4,SSG,46,25,20,1,0.556,3.5,2023,5,,6.0,0.0,4.0,12.0,1.0,11.0,13.0,0.0,9.0
2024-05-18,6,두산,48,26,21,1,0.553,3.5,2023,5,,7.0,1.0,2.0,14.0,0.0,9.0,12.0,1.0,12.0
2024-05-18,7,키움,44,18,26,0,0.409,10.0,2023,5,,3.0,0.0,7.0,9.0,0.0,14.0,9.0,0.0,12.0
2024-05-18,8,KT,46,18,27,1,0.4,10.5,2023,5,,4.0,0.0,6.0,11.0,0.0,11.0,7.0,1.0,16.0
2024-05-18,9,한화,45,16,28,1,0.364,12.0,2023,5,,2.0,1.0,7.0,9.0,1.0,13.0,7.0,0.0,15.0
2024-05-18,10,롯데,43,15,27,1,0.357,12.0,2023,5,,5.0,0.0,5.0,9.0,1.0,12.0,6.0,0.0,15.0
2024-05-19,1,KIA,46,29,16,1,0.644,0.0,2023,5,,5.0,1.0,4.0,13.0,1.0,9.0,16.0,0.0,7.0
2024-05-19,2,삼성,46,26,19,1,0.578,3.0,2023,5,,6.0,0.0,4.0,9.0,0.0,12.0,17.0,1.0,7.0
2024-05-19,3,NC,46,25,20,1,0.556,4.0,2023,5,,3.0,1.0,6.0,14.0,0.0,10.0,11.0,1.0,10.0
2024-05-19,4,두산,49,26,21,2,0.553,4.0,2023,5,,6.0,2.0,2.0,14.0,1.0,9.0,12.0,1.0,12.0
2024-05-19,5,LG,48,25,21,2,0.543,4.5,2023,5,,7.0,0.0,3.0,13.0,1.0,10.0,12.0,1.0,11.0
2024-05-19,5,SSG,47,25,21,1,0.543,4.5,2023,5,,5.0,0.0,5.0,12.0,1.0,11.0,13.0,0.0,10.0
2024-05-19,7,키움,45,19,26,0,0.422,10.0,2023,5,,4.0,0.0,6.0,10.0,0.0,14.0,9.0,0.0,12.0
2024-05-19,8,KT,47,19,27,1,0.413,10.5,2023,5,,4.0,0.0,6.0,12.0,0.0,11.0,7.0,1.0,16.0
2024-05-19,9,한화,46,17,28,1,0.378,12.0,2023,5,,3.0,1.0,6.0,9.0,1.0,13.0,8.0,0.0,15.0
2024-05-19,10,롯데,44,15,27,2,0.357,12.5,2023,5,,4.0,1.0,5.0,9.0,1.0,12.0,6.0,1.0,15.0
2024-05-21,1,KIA,47,29,17,1,0.63,0.0,2023,5,,5.0,1.0,4.0,13.0,1.0,9.0,16.0,0.0,8.0
2024-05-21,2,NC,47,26,20,1,0.565,3.0,2023,5,,4.0,1.0,5.0,14.0,0.0,10.0,12.0,1.0,10.0
2024-05-21,2,삼성,47,26,20,1,0.565,3.0,2023,5,,6.0,0.0,4.0,9.0,0.0,13.0,17.0,1.0,7.0
2024-05-21,4,두산,50,27,21,2,0.563,3.0,2023,5,,6.0,2.0,2.0,15.0,1.0,9.0,12.0,1.0,12.0
2024-05-21,5,LG,49,25,22,2,0.532,4.5,2023,5,,6.0,0.0,4.0,13.0,1.0,10.0,12.0,1.0,12.0
2024-05-21,5,SSG,48,25,22,1,0.532,4.5,2023,5,,5.0,0.0,5.0,12.0,1.0,11.0,13.0,0.0,11.0
2024-05-21,7,KT,48,20,27,1,0.426,9.5,2023,5,,4.0,0.0,6.0,12.0,0.0,11.0,8.0,1.0,16.0
2024-05-21,8,키움,46,19,27,0,0.413,10.0,2023,5,,4.0,0.0,6.0,10.0,0.0,15.0,9.0,0.0,12.0
2024-05-21,9,한화,47,18,28,1,0.391,11.0,2023,5,,4.0,1.0,5.0,10.0,1.0,13.0,8.0,0.0,15.0
2024-05-21,10,롯데,45,16,27,2,0.372,11.5,2023,5,,4.0,1.0,5.0,10.0,1.0,12.0,6.0,1.0,15.0
2024-05-22,1,KIA,48,29,18,1,0.617,0.0,2023,5,,5.0,1.0,4.0,13.0,1.0,9.0,16.0,0.0,9.0
2024-05-22,2,NC,48,27,20,1,0.574,2.0,2023,5,,4.0,1.0,5.0,14.0,0.0,10.0,13.0,1.0,10.0
2024-05-22,2,삼성,48,27,20,1,0.574,2.0,2023,5,,6.0,0.0,4.0,10.0,0.0,13.0,17.0,1.0,7.0
2024-05-22,4,두산,51,28,21,2,0.571,2.0,2023,5,,6.0,2.0,2.0,16.0,1.0,9.0,12.0,1.0,12.0
2024-05-22,5,LG,50,25,23,2,0.521,4.5,2023,5,,5.0,0.0,5.0,13.0,1.0,10.0,12.0,1.0,13.0
2024-05-22,5,SSG,49,25,23,1,0.521,4.5,2023,5,,5.0,0.0,5.0,12.0,1.0,11.0,13.0,0.0,12.0
2024-05-22,7,KT,49,20,28,1,0.417,9.5,2023,5,,3.0,0.0,7.0,12.0,0.0,11.0,8.0,1.0,17.0
2024-05-22,8,한화,48,19,28,1,0.404,10.0,2023,5,,4.0,1.0,5.0,11.0,1.0,13.0,8.0,0.0,15.0
2024-05-22,8,키움,47,19,28,0,0.404,10.0,2023,5,,4.0,0.0,6.0,10.0,0.0,16.0,9.0,0.0,12.0
2024-05-22,10,롯데,46,17,27,2,0.386,10.5,2023,5,,4.0,1.0,5.0,11.0,1.0,12.0,6.0,1.0,15.0
2024-05-23,1,KIA,49,29,19,1,0.604,0.0,2023,5,,4.0,1.0,5.0,13.0,1.0,9.0,16.0,0.0,10.0
2024-05-23,2,두산,52,29,21,2,0.58,1.0,2023,5,,6.0,2.0,2.0,17.0,1.0,9.0,12.0,1.0,12.0
2024-05-23,3,NC,49,27,21,1,0.563,2.0,2023,5,,4.0,1.0,5.0,14.0,0.0,10.0,13.0,1.0,11.0
2024-05-23,3,삼성,49,27,21,1,0.563,2.0,2023,5,,6.0,0.0,4.0,10.0,0.0,14.0,17.0,1.0,7.0
2024-05-23,5,LG,51,26,23,2,0.531,3.5,2023,5,,5.0,0.0,5.0,13.0,1.0,10.0,13.0,1.0,13.0
2024-05-23,6,SSG,50,25,24,1,0.51,4.5,2023,5,,4.0,0.0,6.0,12.0,1.0,11.0,13.0,0.0,13.0
2024-05-23,7,KT,50,21,28,1,0.429,8.5,2023,5,,4.0,0.0,6.0,12.0,0.0,11.0,9.0,1.0,17.0
2024-05-23,8,키움,48,20,28,0,0.417,9.0,2023,5,,5.0,0.0,5.0,11.0,0.0,16.0,9.0,0.0,12.0
2024-05-23,9,롯데,47,18,27,2,0.4,9.5,2023,5,,5.0,1.0,4.0,12.0,1.0,12.0,6.0,1.0,15.0
2024-05-23,10,한화,49,19,29,1,0.396,10.0,2023,5,,4.0,1.0,5.0,11.0,1.0,14.0,8.0,0.0,15.0
2024-05-24,1,KIA,50,29,20,1,0.592,0.0,2023,5,,4.0,1.0,5.0,13.0,1.0,10.0,16.0,0.0,10.0
2024-05-24,2,두산,53,30,21,2,0.588,0.0,2023,5,,6.0,2.0,2.0,17.0,1.0,9.0,13.0,1.0,12.0
2024-05-24,3,삼성,50,28,21,1,0.571,1.0,2023,5,,6.0,0.0,4.0,10.0,0.0,14.0,18.0,1.0,7.0
2024-05-24,4,NC,50,27,22,1,0.551,2.0,2023,5,,4.0,1.0,5.0,14.0,0.0,10.0,13.0,1.0,12.0
2024-05-24,5,LG,52,27,23,2,0.54,2.5,2023,5,,5.0,0.0,5.0,14.0,1.0,10.0,13.0,1.0,13.0
2024-05-24,6,SSG,51,25,25,1,0.5,4.5,2023,5,,4.0,0.0,6.0,12.0,1.0,12.0,13.0,0.0,13.0
2024-05-24,7,KT,51,22,28,1,0.44,7.5,2023,5,,5.0,0.0,5.0,13.0,0.0,11.0,9.0,1.0,17.0
2024-05-24,8,한화,50,20,29,1,0.408,9.0,2023,5,,4.0,1.0,5.0,11.0,1.0,14.0,9.0,0.0,15.0
2024-05-24,8,키움,49,20,29,0,0.408,9.0,2023,5,,4.0,0.0,6.0,11.0,0.0,16.0,9.0,0.0,13.0
2024-05-24,10,롯데,48,18,28,2,0.391,9.5,2023,5,,5.0,1.0,4.0,12.0,1.0,13.0,6.0,1.0,15.0
2024-05-25,1,KIA,51,30,20,1,0.6,0.0,2023,5,,5.0,1.0,4.0,14.0,1.0,10.0,16.0,0.0,10.0
2024-05-25,2,두산,54,30,22,2,0.577,1.0,2023,5,,5.0,2.0,3.0,17.0,1.0,9.0,13.0,1.0,13.0
2024-05-25,3,삼성,51,28,22,1,0.56,2.0,2023,5,,5.0,0.0,5.0,10.0,0.0,14.0,18.0,1.0,8.0
2024-05-25,4,LG,53,28,23,2,0.549,2.5,2023,5,,5.0,0.0,5.0,15.0,1.0,10.0,13.0,1.0,13.0
2024-05-25,5,NC,51,27,23,1,0.54,3.0,2023,5,,4.0,0.0,6.0,14.0,0.0,10.0,13.0,1.0,13.0
2024-05-25,6,SSG,52,25,26,1,0.49,5.5,2023,5,,3.0,0.0,7.0,12.0,1.0,13.0,13.0,0.0,13.0
2024-05-25,7,KT,52,23,28,1,0.451,7.5,2023,5,,6.0,0.0,4.0,14.0,0.0,11.0,9.0,1.0,17.0
2024-05-25,8,한화,51,21,29,1,0.42,9.0,2023,5,,5.0,0.0,5.0,11.0,1.0,14.0,10.0,0.0,15.0
2024-05-25,9,롯데,49,19,28,2,0.404,9.5,2023,5,,6.0,1.0,3.0,13.0,1.0,13.0,6.0,1.0,15.0
2024-05-25,10,키움,50,20,30,0,0.4,10.0,2023,5,,4.0,0.0,6.0,11.0,0.0,16.0,9.0,0.0,14.0
2024-05-26,1,KIA,52,31,20,1,0.608,0.0,2023,5,,5.0,1.0,4.0,15.0,1.0,10.0,16.0,0.0,10.0
2024-05-26,2,두산,55,30,23,2,0.566,2.0,2023,5,,5.0,2.0,3.0,17.0,1.0,9.0,13.0,1.0,14.0
2024-05-26,3,LG,54,29,23,2,0.558,2.5,2023,5,,6.0,0.0,4.0,16.0,1.0,10.0,13.0,1.0,13.0
2024-05-26,4,삼성,52,28,23,1,0.549,3.0,2023,5,,5.0,0.0,5.0,10.0,0.0,14.0,18.0,1.0,9.0
2024-05-26,5,NC,52,27,24,1,0.529,4.0,2023,5,,3.0,0.0,7.0,14.0,0.0,10.0,13.0,1.0,14.0
2024-05-26,6,SSG,52,25,26,1,0.49,6.0,2023,5,,3.0,0.0,7.0,12.0,1.0,13.0,13.0,0.0,13.0
2024-05-26,7,KT,52,23,28,1,0.451,8.0,2023,5,,6.0,0.0,4.0,14.0,0.0,11.0,9.0,1.0,17.0
2024-05-26,8,한화,51,21,29,1,0.42,9.5,2023,5,,5.0,0.0,5.0,11.0,1.0,14.0,10.0,0.0,15.0
2024-05-26,9,롯데,50,20,28,2,0.417,9.5,2023,5,,7.0,1.0,2.0,14.0,1.0,13.0,6.0,1.0,15.0
2024-05-26,10,키움,50,20,30,0,0.4,10.5,2023,5,,4.0,0.0,6.0,11.0,0.0,16.0,9.0,0.0,14.0
2024-05-28,1,KIA,53,32,20,1,0.615,0.0,2023,5,,6.0,0.0,4.0,15.0,1.0,10.0,17.0,0.0,10.0
2024-05-28,2,LG,55,30,23,2,0.566,2.5,2023,5,,7.0,0.0,3.0,16.0,1.0,10.0,14.0,1.0,13.0
2024-05-28,3,두산,56,30,24,2,0.556,3.0,2023,5,,5.0,1.0,4.0,17.0,1.0,10.0,13.0,1.0,14.0
2024-05-28,4,삼성,53,28,24,1,0.538,4.0,2023,5,,4.0,0.0,6.0,10.0,0.0,15.0,18.0,1.0,9.0
2024-05-28,5,NC,53,27,25,1,0.519,5.0,2023,5,,2.0,0.0,8.0,14.0,0.0,11.0,13.0,1.0,14.0
2024-05-28,6,SSG,53,25,27,1,0.481,7.0,2023,5,,2.0,0.0,8.0,12.0,1.0,14.0,13.0,0.0,13.0
2024-05-28,7,KT,53,24,28,1,0.462,8.0,2023,5,,6.0,0.0,4.0,14.0,0.0,11.0,10.0,1.0,17.0
2024-05-28,8,한화,52,22,29,1,0.431,9.5,2023,5,,6.0,0.0,4.0,12.0,1.0,14.0,10.0,0.0,15.0
2024-05-28,9,키움,51,21,30,0,0.412,10.5,2023,5,,4.0,0.0,6.0,11.0,0.0,16.0,10.0,0.0,14.0
2024-05-28,10,롯데,51,20,29,2,0.408,10.5,2023,5,,6.0,1.0,3.0,14.0,1.0,13.0,6.0,1.0,16.0
2024-05-29,1,KIA,54,33,20,1,0.623,0.0,2023,5,,6.0,0.0,4.0,15.0,1.0,10.0,18.0,0.0,10.0
2024-05-29,2,LG,56,31,23,2,0.574,2.5,2023,5,,7.0,0.0,3.0,16.0,1.0,10.0,15.0,1.0,13.0
2024-05-29,3,두산,57,31,24,2,0.564,3.0,2023,5,,6.0,1.0,3.0,18.0,1.0,10.0,13.0,1.0,14.0
2024-05-29,4,삼성,54,28,25,1,0.528,5.0,2023,5,,3.0,0.0,7.0,10.0,0.0,16.0,18.0,1.0,9.0
2024-05-29,5,NC,54,27,26,1,0.509,6.0,2023,5,,2.0,0.0,8.0,14.0,0.0,12.0,13.0,1.0,14.0
2024-05-29,6,SSG,54,25,28,1,0.472,8.0,2023,5,,2.0,0.0,8.0,12.0,1.0,15.0,13.0,0.0,13.0
2024-05-29,7,KT,54,24,29,1,0.453,9.0,2023,5,,6.0,0.0,4.0,14.0,0.0,11.0,10.0,1.0,18.0
2024-05-29,8,한화,53,23,29,1,0.442,9.5,2023,5,,7.0,0.0,3.0,13.0,1.0,14.0,10.0,0.0,15.0
2024-05-29,9,키움,52,22,30,0,0.423,10.5,2023,5,,4.0,0.0,6.0,11.0,0.0,16.0,11.0,0.0,14.0
2024-05-29,10,롯데,52,20,30,2,0.4,11.5,2023,5,,5.0,1.0,4.0,14.0,1.0,13.0,6.0,1.0,17.0
2024-05-30,1,KIA,55,34,20,1,0.63,0.0,2023,5,,6.0,0.0,4.0,15.0,1.0,10.0,19.0,0.0,10.0
2024-05-30,2,두산,58,32,24,2,0.571,3.0,2023,5,,6.0,1.0,3.0,19.0,1.0,10.0,13.0,1.0,14.0
2024-05-30,3,LG,57,31,24,2,0.564,3.5,2023,5,,6.0,0.0,4.0,16.0,1.0,10.0,15.0,1.0,14.0
2024-05-30,4,삼성,55,29,25,1,0.537,5.0,2023,5,,3.0,0.0,7.0,11.0,0.0,16.0,18.0,1.0,9.0
2024-05-30,5,NC,55,27,27,1,0.5,7.0,2023,5,,2.0,0.0,8.0,14.0,0.0,13.0,13.0,1.0,14.0
2024-05-30,6,SSG,55,26,28,1,0.481,8.0,2023,5,,2.0,0.0,8.0,13.0,1.0,15.0,13.0,0.0,13.0
2024-05-30,7,한화,54,24,29,1,0.453,9.5,2023,5,,8.0,0.0,2.0,14.0,1.0,14.0,10.0,0.0,15.0
2024-05-30,8,KT,55,24,30,1,0.444,10.0,2023,5,,6.0,0.0,4.0,14.0,0.0,11.0,10.0,1.0,19.0
2024-05-30,9,키움,53,22,31,0,0.415,11.5,2023,5,,4.0,0.0,6.0,11.0,0.0,16.0,11.0,0.0,15.0
2024-05-30,10,롯데,53,20,31,2,0.392,12.5,2023,5,,5.0,1.0,4.0,14.0,1.0,13.0,6.0,1.0,18.0
2024-05-31,1,KIA,56,34,21,1,0.618,0.0,2023,5,,5.0,0.0,5.0,15.0,1.0,11.0,19.0,0.0,10.0
2024-05-31,2,LG,58,32,24,2,0.571,2.5,2023,5,,7.0,0.0,3.0,16.0,1.0,10.0,16.0,1.0,14.0
2024-05-31,3,두산,59,32,25,2,0.561,3.0,2023,5,,6.0,0.0,4.0,19.0,1.0,11.0,13.0,1.0,14.0
2024-05-31,4,삼성,56,30,25,1,0.545,4.0,2023,5,,4.0,0.0,6.0,12.0,0.0,16.0,18.0,1.0,9.0
2024-05-31,5,SSG,56,27,28,1,0.491,7.0,2023,5,,2.0,0.0,8.0,13.0,1.0,15.0,14.0,0.0,13.0
2024-05-31,5,NC,56,27,28,1,0.491,7.0,2023,5,,2.0,0.0,8.0,14.0,0.0,13.0,13.0,1.0,15.0
2024-05-31,7,KT,56,25,30,1,0.455,9.0,2023,5,,7.0,0.0,3.0,14.0,0.0,11.0,11.0,1.0,19.0
2024-05-31,8,한화,55,24,30,1,0.444,9.5,2023,5,,8.0,0.0,2.0,14.0,1.0,14.0,10.0,0.0,16.0
2024-05-31,9,키움,54,22,32,0,0.407,11.5,2023,5,,4.0,0.0,6.0,11.0,0.0,17.0,11.0,0.0,15.0
2024-05-31,10,롯데,54,21,31,2,0.404,11.5,2023,5,,6.0,0.0,4.0,15.0,1.0,13.0,6.0,1.0,18.0
2024-06-01,1,KIA,57,35,21,1,0.625,0.0,2023,6,,6.0,0.0,4.0,16.0,1.0,11.0,19.0,0.0,10.0
2024-06-01,2,LG,59,33,24,2,0.579,2.5,2023,6,,8.0,0.0,2.0,16.0,1.0,10.0,17.0,1.0,14.0
2024-06-01,3,삼성,57,31,25,1,0.554,4.0,2023,6,,5.0,0.0,5.0,13.0,0.0,16.0,18.0,1.0,9.0
2024-06-01,4,두산,60,32,26,2,0.552,4.0,2023,6,,5.0,0.0,5.0,19.0,1.0,12.0,13.0,1.0,14.0
2024-06-01,5,SSG,57,28,28,1,0.5,7.0,2023,6,,3.0,0.0,7.0,13.0,1.0,15.0,15.0,0.0,13.0
2024-06-01,5,NC,57,28,28,1,0.5,7.0,2023,6,,2.0,0.0,8.0,14.0,0.0,13.0,14.0,1.0,15.0
2024-06-01,7,KT,57,25,31,1,0.446,10.0,2023,6,,6.0,0.0,4.0,14.0,0.0,11.0,11.0,1.0,20.0
2024-06-01,8,한화,56,24,31,1,0.436,10.5,2023,6,,7.0,0.0,3.0,14.0,1.0,14.0,10.0,0.0,17.0
2024-06-01,9,키움,55,22,33,0,0.4,12.5,2023,6,,3.0,0.0,7.0,11.0,0.0,18.0,11.0,0.0,15.0
2024-06-01,10,롯데,55,21,32,2,0.396,12.5,2023,6,,5.0,0.0,5.0,15.0,1.0,14.0,6.0,1.0,18.0
2024-06-02,1,KIA,58,35,22,1,0.614,0.0,2023,6,,6.0,0.0,4.0,16.0,1.0,12.0,19.0,0.0,10.0
2024-06-02,2,LG,60,34,24,2,0.586,1.5,2023,6,,9.0,0.0,1.0,16.0,1.0,10.0,18.0,1.0,14.0
2024-06-02,3,삼성,58,32,25,1,0.561,3.0,2023,6,,5.0,0.0,5.0,14.0,0.0,16.0,18.0,1.0,9.0
2024-06-02,4,두산,61,32,27,2,0.542,4.0,2023,6,,4.0,0.0,6.0,19.0,1.0,13.0,13.0,1.0,14.0
2024-06-02,5,SSG,58,29,28,1,0.509,6.0,2023,6,,4.0,0.0,6.0,13.0,1.0,15.0,16.0,0.0,13.0
2024-06-02,6,NC,58,28,29,1,0.491,7.0,2023,6,,1.0,0.0,9.0,14.0,0.0,13.0,14.0,1.0,16.0
2024-06-02,7,KT,58,26,31,1,0.456,9.0,2023,6,,6.0,0.0,4.0,14.0,0.0,11.0,12.0,1.0,20.0
2024-06-02,8,한화,57,24,32,1,0.429,10.5,2023,6,,6.0,0.0,4.0,14.0,1.0,14.0,10.0,0.0,18.0
2024-06-02,9,롯데,56,22,32,2,0.407,11.5,2023,6,,5.0,0.0,5.0,16.0,1.0,14.0,6.0,1.0,18.0
2024-06-02,10,키움,56,22,34,0,0.393,12.5,2023,6,,3.0,0.0,7.0,11.0,0.0,19.0,11.0,0.0,15.0
2024-06-04,1,KIA,59,35,23,1,0.603,0.0,2023,6,,6.0,0.0,4.0,16.0,1.0,13.0,19.0,0.0,10.0
2024-06-04,2,LG,61,34,25,2,0.576,1.5,2023,6,,8.0,0.0,2.0,16.0,1.0,11.0,18.0,1.0,14.0
2024-06-04,3,삼성,59,33,25,1,0.569,2.0,2023,6,,6.0,0.0,4.0,14.0,0.0,16.0,19.0,1.0,9.0
2024-06-04,4,두산,62,33,27,2,0.55,3.0,2023,6,,4.0,0.0,6.0,19.0,1.0,13.0,14.0,1.0,14.0
2024-06-04,5,SSG,59,29,29,1,0.5,6.0,2023,6,,4.0,0.0,6.0,13.0,1.0,16.0,16.0,0.0,13.0
2024-06-04,6,NC,59,28,30,1,0.483,7.0,2023,6,,1.0,0.0,9.0,14.0,0.0,14.0,14.0,1.0,16.0
2024-06-04,7,KT,59,26,32,1,0.448,9.0,2023,6,,6.0,0.0,4.0,14.0,0.0,12.0,12.0,1.0,20.0
2024-06-04,8,한화,58,25,32,1,0.439,9.5,2023,6,,6.0,0.0,4.0,14.0,1.0,14.0,11.0,0.0,18.0
2024-06-04,9,롯데,57,23,32,2,0.418,10.5,2023,6,,5.0,0.0,5.0,16.0,1.0,14.0,7.0,1.0,18.0
2024-06-04,10,키움,57,23,34,0,0.404,11.5,2023,6,,4.0,0.0,6.0,11.0,0.0,19.0,12.0,0.0,15.0
2024-06-05,1,KIA,60,35,24,1,0.593,0.0,2023,6,,6.0,0.0,4.0,16.0,1.0,14.0,19.0,0.0,10.0
2024-06-05,2,LG,62,35,25,2,0.583,0.5,2023,6,,8.0,0.0,2.0,17.0,1.0,11.0,18.0,1.0,14.0
2024-06-05,3,삼성,60,33,26,1,0.559,2.0,2023,6,,5.0,0.0,5.0,14.0,0.0,16.0,19.0,1.0,10.0
2024-06-05,4,두산,63,34,27,2,0.557,2.0,2023,6,,4.0,0.0,6.0,19.0,1.0,13.0,15.0,1.0,14.0
2024-06-05,5,SSG,60,30,29,1,0.508,5.0,2023,6,,5.0,0.0,5.0,14.0,1.0,16.0,16.0,0.0,13.0
2024-06-05,6,NC,60,28,31,1,0.475,7.0,2023,6,,1.0,0.0,9.0,14.0,0.0,15.0,14.0,1.0,16.0
2024-06-05,7,한화,59,26,32,1,0.448,8.5,2023,6,,7.0,0.0,3.0,14.0,1.0,14.0,12.0,0.0,18.0
2024-06-05,8,KT,60,26,33,1,0.441,9.0,2023,6,,5.0,0.0,5.0,14.0,0.0,13.0,12.0,1.0,20.0
2024-06-05,9,롯데,58,24,32,2,0.429,9.5,2023,6,,6.0,0.0,4.0,16.0,1.0,14.0,8.0,1.0,18.0
2024-06-05,10,키움,58,23,35,0,0.397,11.5,2023,6,,3.0,0.0,7.0,11.0,0.0,19.0,12.0,0.0,16.0
2024-06-06,1,KIA,61,36,24,1,0.6,0.0,2023,6,,6.0,0.0,4.0,17.0,1.0,14.0,19.0,0.0,10.0
2024-06-06,2,LG,63,36,25,2,0.59,0.5,2023,6,,8.0,0.0,2.0,18.0,1.0,11.0,18.0,1.0,14.0
2024-06-06,3,두산,64,35,27,2,0.565,2.0,2023,6,,5.0,0.0,5.0,19.0,1.0,13.0,16.0,1.0,14.0
2024-06-06,4,삼성,61,33,27,1,0.55,3.0,2023,6,,5.0,0.0,5.0,14.0,0.0,16.0,19.0,1.0,11.0
2024-06-06,5,SSG,61,31,29,1,0.517,5.0,2023,6,,6.0,0.0,4.0,15.0,1.0,16.0,16.0,0.0,13.0
2024-06-06,6,NC,61,28,32,1,0.467,8.0,2023,6,,1.0,0.0,9.0,14.0,0.0,16.0,14.0,1.0,16.0
2024-06-06,7,한화,60,27,32,1,0.458,8.5,2023,6,,7.0,0.0,3.0,14.0,1.0,14.0,13.0,0.0,18.0
2024-06-06,8,KT,61,26,34,1,0.433,10.0,2023,6,,4.0,0.0,6.0,14.0,0.0,14.0,12.0,1.0,20.0
2024-06-06,9,롯데,59,24,33,2,0.421,10.5,2023,6,,5.0,0.0,5.0,16.0,1.0,14.0,8.0,1.0,19.0
2024-06-06,10,키움,59,23,36,0,0.39,12.5,2023,6,,3.0,0.0,7.0,11.0,0.0,19.0,12.0,0.0,17.0
2024-06-07,1,LG,64,37,25,2,0.597,0.0,2023,6,,8.0,0.0,2.0,18.0,1.0,11.0,19.0,1.0,14.0
2024-06-07,2,KIA,62,36,25,1,0.59,0.5,2023,6,,5.0,0.0,5.0,17.0,1.0,14.0,19.0,0.0,11.0
2024-06-07,3,두산,65,36,27,2,0.571,1.5,2023,6,,6.0,0.0,4.0,20.0,1.0,13.0,16.0,1.0,14.0
2024-06-07,4,삼성,62,33,28,1,0.541,3.5,2023,6,,5.0,0.0,5.0,14.0,0.0,16.0,19.0,1.0,12.0
2024-06-07,5,SSG,62,31,30,1,0.508,5.5,2023,6,,6.0,0.0,4.0,15.0,1.0,16.0,16.0,0.0,14.0
2024-06-07,6,NC,62,29,32,1,0.475,7.5,2023,6,,2.0,0.0,8.0,14.0,0.0,16.0,15.0,1.0,16.0
2024-06-07,7,한화,61,27,33,1,0.45,9.0,2023,6,,6.0,0.0,4.0,14.0,1.0,15.0,13.0,0.0,18.0
2024-06-07,8,롯데,60,25,33,2,0.431,10.0,2023,6,,5.0,0.0,5.0,17.0,1.0,14.0,8.0,1.0,19.0
2024-06-07,9,KT,62,26,35,1,0.426,10.5,2023,6,,3.0,0.0,7.0,14.0,0.0,15.0,12.0,1.0,20.0
2024-06-07,10,키움,60,24,36,0,0.4,12.0,2023,6,,4.0,0.0,6.0,12.0,0.0,19.0,12.0,0.0,17.0
2024-06-08,1,LG,65,38,25,2,0.603,0.0,2023,6,,8.0,0.0,2.0,18.0,1.0,11.0,20.0,1.0,14.0
2024-06-08,2,KIA,63,36,26,1,0.581,1.5,2023,6,,4.0,0.0,6.0,17.0,1.0,14.0,19.0,0.0,12.0
2024-06-08,3,두산,66,37,27,2,0.578,1.5,2023,6,,7.0,0.0,3.0,21.0,1.0,13.0,16.0,1.0,14.0
2024-06-08,4,삼성,63,33,29,1,0.532,4.5,2023,6,,5.0,0.0,5.0,14.0,0.0,16.0,19.0,1.0,13.0
2024-06-08,5,SSG,62,31,30,1,0.508,6.0,2023,6,,6.0,0.0,4.0,15.0,1.0,16.0,16.0,0.0,14.0
2024-06-08,6,NC,63,30,32,1,0.484,7.5,2023,6,,3.0,0.0,7.0,14.0,0.0,16.0,16.0,1.0,16.0
2024-06-08,7,한화,62,27,34,1,0.443,10.0,2023,6,,5.0,0.0,5.0,14.0,1.0,16.0,13.0,0.0,18.0
2024-06-08,8,롯데,60,25,33,2,0.431,10.5,2023,6,,5.0,0.0,5.0,17.0,1.0,14.0,8.0,1.0,19.0
2024-06-08,9,KT,63,26,36,1,0.419,11.5,2023,6,,2.0,0.0,8.0,14.0,0.0,16.0,12.0,1.0,20.0
2024-06-08,10,키움,61,25,36,0,0.41,12.0,2023,6,,4.0,0.0,6.0,13.0,0.0,19.0,12.0,0.0,17.0
2024-06-09,1,LG,66,38,26,2,0.594,0.0,2023,6,,7.0,0.0,3.0,18.0,1.0,11.0,20.0,1.0,15.0
2024-06-09,2,KIA,64,37,26,1,0.587,0.5,2023,6,,4.0,0.0,6.0,17.0,1.0,14.0,20.0,0.0,12.0
2024-06-09,3,두산,67,37,28,2,0.569,1.5,2023,6,,6.0,0.0,4.0,21.0,1.0,14.0,16.0,1.0,14.0
2024-06-09,4,삼성,64,34,29,1,0.54,3.5,2023,6,,6.0,0.0,4.0,14.0,0.0,16.0,20.0,1.0,13.0
2024-06-09,5,SSG,64,32,31,1,0.508,5.5,2023,6,,7.0,0.0,3.0,15.0,1.0,16.0,17.0,0.0,15.0
2024-06-09,6,NC,64,30,32,2,0.484,7.0,2023,6,,3.0,1.0,6.0,14.0,0.0,16.0,16.0,2.0,16.0
2024-06-09,7,한화,63,27,34,2,0.443,9.5,2023,6,,4.0,1.0,5.0,14.0,2.0,16.0,13.0,0.0,18.0
2024-06-09,8,롯데,62,26,34,2,0.433,10.0,2023,6,,6.0,0.0,4.0,18.0,1.0,15.0,8.0,1.0,19.0
2024-06-09,9,KT,64,27,36,1,0.429,10.5,2023,6,,3.0,0.0,7.0,15.0,0.0,16.0,12.0,1.0,20.0
2024-06-09,10,키움,62,25,37,0,0.403,12.0,2023,6,,3.0,0.0,7.0,13.0,0.0,20.0,12.0,0.0,17.0
2024-06-11,1,LG,67,38,27,2,0.585,0.0,2023,6,,7.0,0.0,3.0,18.0,1.0,11.0,20.0,1.0,16.0
2024-06-11,2,KIA,65,37,27,1,0.578,0.5,2023,6,,3.0,0.0,7.0,17.0,1.0,14.0,20.0,0.0,13.0
2024-06-11,3,두산,68,37,29,2,0.561,1.5,2023,6,,5.0,0.0,5.0,21.0,1.0,15.0,16.0,1.0,14.0
2024-06-11,4,삼성,65,35,29,1,0.547,2.5,2023,6,,6.0,0.0,4.0,15.0,0.0,16.0,20.0,1.0,13.0
2024-06-11,5,SSG,65,33,31,1,0.516,4.5,2023,6,,7.0,0.0,3.0,16.0,1.0,16.0,17.0,0.0,15.0
2024-06-11,6,NC,65,31,32,2,0.492,6.0,2023,6,,4.0,1.0,5.0,15.0,0.0,16.0,16.0,2.0,16.0
2024-06-11,7,한화,64,28,34,2,0.452,8.5,2023,6,,4.0,1.0,5.0,14.0,2.0,16.0,14.0,0.0,18.0
2024-06-11,8,롯데,63,26,35,2,0.426,10.0,2023,6,,6.0,0.0,4.0,18.0,1.0,16.0,8.0,1.0,19.0
2024-06-11,9,KT,65,27,37,1,0.422,10.5,2023,6,,3.0,0.0,7.0,15.0,0.0,16.0,12.0,1.0,21.0
2024-06-11,10,키움,63,26,37,0,0.413,11.0,2023,6,,4.0,0.0,6.0,13.0,0.0,20.0,13.0,0.0,17.0
2024-06-12,1,KIA,66,38,27,1,0.585,0.0,2023,6,,4.0,0.0,6.0,17.0,1.0,14.0,21.0,0.0,13.0
2024-06-12,2,LG,68,38,28,2,0.576,0.5,2023,6,,6.0,0.0,4.0,18.0,1.0,11.0,20.0,1.0,17.0
2024-06-12,3,삼성,66,36,29,1,0.554,2.0,2023,6,,6.0,0.0,4.0,16.0,0.0,16.0,20.0,1.0,13.0
2024-06-12,4,두산,69,37,30,2,0.552,2.0,2023,6,,5.0,0.0,5.0,21.0,1.0,16.0,16.0,1.0,14.0
2024-06-12,5,SSG,66,33,32,1,0.508,5.0,2023,6,,6.0,0.0,4.0,16.0,1.0,17.0,17.0,0.0,15.0
2024-06-12,6,NC,66,31,33,2,0.484,6.5,2023,6,,4.0,1.0,5.0,15.0,0.0,17.0,16.0,2.0,16.0
2024-06-12,7,한화,65,29,34,2,0.46,8.0,2023,6,,5.0,1.0,4.0,14.0,2.0,16.0,15.0,0.0,18.0
2024-06-12,8,롯데,64,27,35,2,0.435,9.5,2023,6,,6.0,0.0,4.0,19.0,1.0,16.0,8.0,1.0,19.0
2024-06-12,9,KT,66,28,37,1,0.431,10.0,2023,6,,3.0,0.0,7.0,15.0,0.0,16.0,13.0,1.0,21.0
2024-06-12,10,키움,64,26,38,0,0.406,11.5,2023,6,,4.0,0.0,6.0,13.0,0.0,20.0,13.0,0.0,18.0
2024-06-13,1,KIA,67,38,28,1,0.576,0.0,2023,6,,3.0,0.0,7.0,17.0,1.0,14.0,21.0,0.0,14.0
2024-06-13,2,LG,69,38,29,2,0.567,0.5,2023,6,,5.0,0.0,5.0,18.0,1.0,11.0,20.0,1.0,18.0
2024-06-13,3,삼성,67,37,29,1,0.561,1.0,2023,6,,6.0,0.0,4.0,17.0,0.0,16.0,20.0,1.0,13.0
2024-06-13,4,두산,70,38,30,2,0.559,1.0,2023,6,,6.0,0.0,4.0,22.0,1.0,16.0,16.0,1.0,14.0
2024-06-13,5,SSG,67,34,32,1,0.515,4.0,2023,6,,6.0,0.0,4.0,17.0,1.0,17.0,17.0,0.0,15.0
2024-06-13,6,NC,67,32,33,2,0.492,5.5,2023,6,,4.0,1.0,5.0,16.0,0.0,17.0,16.0,2.0,16.0
2024-06-13,7,한화,66,29,35,2,0.453,8.0,2023,6,,5.0,1.0,4.0,14.0,2.0,16.0,15.0,0.0,19.0
2024-06-13,8,롯데,65,28,35,2,0.444,8.5,2023,6,,7.0,0.0,3.0,20.0,1.0,16.0,8.0,1.0,19.0
2024-06-13,9,KT,67,28,38,1,0.424,10.0,2023,6,,3.0,0.0,7.0,15.0,0.0,16.0,13.0,1.0,22.0
2024-06-13,10,키움,65,26,39,0,0.4,11.5,2023,6,,4.0,0.0,6.0,13.0,0.0,20.0,13.0,0.0,19.0
2024-06-14,1,KIA,68,39,28,1,0.582,0.0,2023,6,,4.0,0.0,6.0,17.0,1.0,14.0,22.0,0.0,14.0
2024-06-14,2,LG,70,39,29,2,0.574,0.5,2023,6,,5.0,0.0,5.0,19.0,1.0,11.0,20.0,1.0,18.0
2024-06-14,3,삼성,68,38,29,1,0.567,1.0,2023,6,,6.0,0.0,4.0,17.0,0.0,16.0,21.0,1.0,13.0
2024-06-14,4,두산,71,39,30,2,0.565,1.0,2023,6,,7.0,0.0,3.0,22.0,1.0,16.0,17.0,1.0,14.0
2024-06-14,5,SSG,68,35,32,1,0.522,4.0,2023,6,,6.0,0.0,4.0,17.0,1.0,17.0,18.0,0.0,15.0
2024-06-14,6,NC,68,32,34,2,0.485,6.5,2023,6,,4.0,1.0,5.0,16.0,0.0,18.0,16.0,2.0,16.0
2024-06-14,7,한화,67,29,36,2,0.446,9.0,2023,6,,5.0,1.0,4.0,14.0,2.0,17.0,15.0,0.0,19.0
2024-06-14,8,롯데,66,28,36,2,0.438,9.5,2023,6,,6.0,0.0,4.0,20.0,1.0,16.0,8.0,1.0,20.0
2024-06-14,9,KT,68,28,39,1,0.418,11.0,2023,6,,2.0,0.0,8.0,15.0,0.0,17.0,13.0,1.0,22.0
2024-06-14,10,키움,66,26,40,0,0.394,12.5,2023,6,,4.0,0.0,6.0,13.0,0.0,21.0,13.0,0.0,19.0
2024-06-15,1,KIA,69,40,28,1,0.588,0.0,2023,6,,5.0,0.0,5.0,17.0,1.0,14.0,23.0,0.0,14.0
2024-06-15,2,두산,72,40,30,2,0.571,1.0,2023,6,,7.0,0.0,3.0,22.0,1.0,16.0,18.0,1.0,14.0
2024-06-15,3,LG,71,39,30,2,0.565,1.5,2023,6,,5.0,0.0,5.0,19.0,1.0,12.0,20.0,1.0,18.0
2024-06-15,4,삼성,69,38,30,1,0.559,2.0,2023,6,,5.0,0.0,5.0,17.0,0.0,16.0,21.0,1.0,14.0
2024-06-15,5,SSG,69,36,32,1,0.529,4.0,2023,6,,7.0,0.0,3.0,17.0,1.0,17.0,19.0,0.0,15.0
2024-06-15,6,NC,69,33,34,2,0.493,6.5,2023,6,,5.0,1.0,4.0,17.0,0.0,18.0,16.0,2.0,16.0
2024-06-15,7,롯데,67,29,36,2,0.446,9.5,2023,6,,6.0,0.0,4.0,20.0,1.0,16.0,9.0,1.0,20.0
2024-06-15,8,한화,68,29,37,2,0.439,10.0,2023,6,,4.0,1.0,5.0,14.0,2.0,18.0,15.0,0.0,19.0
2024-06-15,9,KT,69,28,40,1,0.412,12.0,2023,6,,2.0,0.0,8.0,15.0,0.0,18.0,13.0,1.0,22.0
2024-06-15,10,키움,67,26,41,0,0.388,13.5,2023,6,,3.0,0.0,7.0,13.0,0.0,22.0,13.0,0.0,19.0
2024-06-16,1,KIA,70,41,28,1,0.594,0.0,2023,6,,6.0,0.0,4.0,17.0,1.0,14.0,24.0,0.0,14.0
2024-06-16,2,LG,72,40,30,2,0.571,1.5,2023,6,,5.0,0.0,5.0,20.0,1.0,12.0,20.0,1.0,18.0
2024-06-16,3,두산,73,40,31,2,0.563,2.0,2023,6,,6.0,0.0,4.0,22.0,1.0,16.0,18.0,1.0,15.0
2024-06-16,4,삼성,70,38,31,1,0.551,3.0,2023,6,,5.0,0.0,5.0,17.0,0.0,16.0,21.0,1.0,15.0
2024-06-16,5,SSG,70,36,33,1,0.522,5.0,2023,6,,6.0,0.0,4.0,17.0,1.0,17.0,19.0,0.0,16.0
2024-06-16,6,NC,70,34,34,2,0.5,6.5,2023,6,,6.0,1.0,3.0,18.0,0.0,18.0,16.0,2.0,16.0
2024-06-16,7,한화,69,30,37,2,0.448,10.0,2023,6,,4.0,1.0,5.0,15.0,2.0,18.0,15.0,0.0,19.0
2024-06-16,8,롯데,68,29,37,2,0.439,10.5,2023,6,,5.0,0.0,5.0,20.0,1.0,16.0,9.0,1.0,21.0
2024-06-16,9,KT,70,28,41,1,0.406,13.0,2023,6,,2.0,0.0,8.0,15.0,0.0,19.0,13.0,1.0,22.0
2024-06-16,10,키움,68,27,41,0,0.397,13.5,2023,6,,4.0,0.0,6.0,14.0,0.0,22.0,13.0,0.0,19.0
2024-06-18,1,KIA,71,42,28,1,0.6,0.0,2023,6,,6.0,0.0,4.0,18.0,1.0,14.0,24.0,0.0,14.0
2024-06-18,2,두산,74,41,31,2,0.569,2.0,2023,6,,6.0,0.0,4.0,23.0,1.0,16.0,18.0,1.0,15.0
2024-06-18,3,LG,73,40,31,2,0.563,2.5,2023,6,,4.0,0.0,6.0,20.0,1.0,12.0,20.0,1.0,19.0
2024-06-18,4,삼성,71,38,32,1,0.543,4.0,2023,6,,5.0,0.0,5.0,17.0,0.0,17.0,21.0,1.0,15.0
2024-06-18,5,SSG,71,37,33,1,0.529,5.0,2023,6,,6.0,0.0,4.0,17.0,1.0,17.0,20.0,0.0,16.0
2024-06-18,6,NC,71,34,35,2,0.493,7.5,2023,6,,6.0,1.0,3.0,18.0,0.0,18.0,16.0,2.0,17.0
2024-06-18,7,한화,70,31,37,2,0.456,10.0,2023,6,,4.0,1.0,5.0,16.0,2.0,18.0,15.0,0.0,19.0
2024-06-18,8,롯데,69,29,38,2,0.433,11.5,2023,6,,5.0,0.0,5.0,20.0,1.0,16.0,9.0,1.0,22.0
2024-06-18,9,KT,71,29,41,1,0.414,13.0,2023,6,,3.0,0.0,7.0,16.0,0.0,19.0,13.0,1.0,22.0
2024-06-18,10,키움,69,27,42,0,0.391,14.5,2023,6,,4.0,0.0,6.0,14.0,0.0,22.0,13.0,0.0,20.0
2024-06-19,1,KIA,72,42,29,1,0.592,0.0,2023,6,,6.0,0.0,4.0,18.0,1.0,15.0,24.0,0.0,14.0
2024-06-19,2,LG,74,41,31,2,0.569,1.5,2023,6,,4.0,0.0,6.0,20.0,1.0,12.0,21.0,1.0,19.0
2024-06-19,3,두산,75,41,32,2,0.562,2.0,2023,6,,5.0,0.0,5.0,23.0,1.0,17.0,18.0,1.0,15.0
2024-06-19,4,삼성,72,39,32,1,0.549,3.0,2023,6,,6.0,0.0,4.0,18.0,0.0,17.0,21.0,1.0,15.0
2024-06-19,5,SSG,72,37,34,1,0.521,5.0,2023,6,,6.0,0.0,4.0,17.0,1.0,17.0,20.0,0.0,17.0
2024-06-19,6,NC,72,35,35,2,0.5,6.5,2023,6,,6.0,1.0,3.0,18.0,0.0,18.0,17.0,2.0,17.0
2024-06-19,7,한화,71,32,37,2,0.464,9.0,2023,6,,5.0,1.0,4.0,17.0,2.0,18.0,15.0,0.0,19.0
2024-06-19,8,롯데,70,30,38,2,0.441,10.5,2023,6,,5.0,0.0,5.0,20.0,1.0,16.0,10.0,1.0,22.0
2024-06-19,9,KT,72,29,42,1,0.408,13.0,2023,6,,3.0,0.0,7.0,16.0,0.0,20.0,13.0,1.0,22.0
2024-06-19,10,키움,70,27,43,0,0.386,14.5,2023,6,,3.0,0.0,7.0,14.0,0.0,22.0,13.0,0.0,21.0
2024-06-20,1,KIA,73,43,29,1,0.597,0.0,2023,6,,7.0,0.0,3.0,19.0,1.0,15.0,24.0,0.0,14.0
2024-06-20,2,두산,76,42,32,2,0.568,2.0,2023,6,,5.0,0.0,5.0,24.0,1.0,17.0,18.0,1.0,15.0
2024-06-20,3,LG,75,41,32,2,0.562,2.5,2023,6,,3.0,0.0,7.0,20.0,1.0,12.0,21.0,1.0,20.0
2024-06-20,4,삼성,73,40,32,1,0.556,3.0,2023,6,,7.0,0.0,3.0,19.0,0.0,17.0,21.0,1.0,15.0
2024-06-20,5,SSG,73,37,35,1,0.514,6.0,2023,6,,5.0,0.0,5.0,17.0,1.0,17.0,20.0,0.0,18.0
2024-06-20,6,NC,73,35,36,2,0.493,7.5,2023,6,,5.0,1.0,4.0,18.0,0.0,18.0,17.0,2.0,18.0
2024-06-20,7,한화,72,32,38,2,0.457,10.0,2023,6,,5.0,1.0,4.0,17.0,2.0,19.0,15.0,0.0,19.0
2024-06-20,8,롯데,71,30,39,2,0.435,11.5,2023,6,,5.0,0.0,5.0,20.0,1.0,16.0,10.0,1.0,23.0
2024-06-20,9,KT,73,30,42,1,0.417,13.0,2023,6,,4.0,0.0,6.0,17.0,0.0,20.0,13.0,1.0,22.0
2024-06-20,10,키움,71,28,43,0,0.394,14.5,2023,6,,3.0,0.0,7.0,14.0,0.0,22.0,14.0,0.0,21.0
2024-06-21,1,KIA,74,44,29,1,0.603,0.0,2023,6,,7.0,0.0,3.0,20.0,1.0,15.0,24.0,0.0,14.0
2024-06-21,2,삼성,74,41,32,1,0.562,3.0,2023,6,,7.0,0.0,3.0,20.0,0.0,17.0,21.0,1.0,15.0
2024-06-21,3,두산,77,42,33,2,0.56,3.0,2023,6,,5.0,0.0,5.0,24.0,1.0,17.0,18.0,1.0,16.0
2024-06-21,4,LG,76,41,33,2,0.554,3.5,2023,6,,3.0,0.0,7.0,20.0,1.0,13.0,21.0,1.0,20.0
2024-06-21,5,SSG,74,37,36,1,0.507,7.0,2023,6,,5.0,0.0,5.0,17.0,1.0,18.0,20.0,0.0,18.0
2024-06-21,6,NC,74,36,36,2,0.5,7.5,2023,6,,6.0,0.0,4.0,18.0,0.0,18.0,18.0,2.0,18.0
2024-06-21,7,한화,73,32,39,2,0.451,11.0,2023,6,,5.0,0.0,5.0,17.0,2.0,19.0,15.0,0.0,20.0
2024-06-21,8,롯데,72,30,40,2,0.429,12.5,2023,6,,4.0,0.0,6.0,20.0,1.0,16.0,10.0,1.0,24.0
2024-06-21,9,KT,74,31,42,1,0.425,13.0,2023,6,,4.0,0.0,6.0,17.0,0.0,20.0,14.0,1.0,22.0
2024-06-21,10,키움,72,29,43,0,0.403,14.5,2023,6,,4.0,0.0,6.0,15.0,0.0,22.0,14.0,0.0,21.0
2024-06-22,1,KIA,74,44,29,1,0.603,0.0,2023,6,,7.0,0.0,3.0,20.0,1.0,15.0,24.0,0.0,14.0
2024-06-22,2,삼성,74,41,32,1,0.562,3.0,2023,6,,7.0,0.0,3.0,20.0,0.0,17.0,21.0,1.0,15.0
2024-06-22,3,두산,77,42,33,2,0.56,3.0,2023,6,,5.0,0.0,5.0,24.0,1.0,17.0,18.0,1.0,16.0
2024-06-22,4,LG,76,41,33,2,0.554,3.5,2023,6,,3.0,0.0,7.0,20.0,1.0,13.0,21.0,1.0,20.0
2024-06-22,5,SSG,75,38,36,1,0.514,6.5,2023,6,,5.0,0.0,5.0,18.0,1.0,18.0,20.0,0.0,18.0
2024-06-22,6,NC,75,36,37,2,0.493,8.0,2023,6,,5.0,0.0,5.0,18.0,0.0,18.0,18.0,2.0,19.0
2024-06-22,7,한화,73,32,39,2,0.451,11.0,2023,6,,5.0,0.0,5.0,17.0,2.0,19.0,15.0,0.0,20.0
2024-06-22,8,롯데,73,31,40,2,0.437,12.0,2023,6,,5.0,0.0,5.0,20.0,1.0,16.0,11.0,1.0,24.0
2024-06-22,9,KT,74,31,42,1,0.425,13.0,2023,6,,4.0,0.0,6.0,17.0,0.0,20.0,14.0,1.0,22.0
2024-06-22,10,키움,73,29,44,0,0.397,15.0,2023,6,,3.0,0.0,7.0,15.0,0.0,23.0,14.0,0.0,21.0
2024-06-23,1,KIA,76,45,30,1,0.6,0.0,2023,6,,7.0,0.0,3.0,21.0,1.0,16.0,24.0,0.0,14.0
2024-06-23,2,삼성,76,43,32,1,0.573,2.0,2023,6,,7.0,0.0,3.0,22.0,0.0,17.0,21.0,1.0,15.0
2024-06-23,3,LG,78,42,34,2,0.553,3.5,2023,6,,4.0,0.0,6.0,21.0,1.0,14.0,21.0,1.0,20.0
2024-06-23,4,두산,79,42,35,2,0.545,4.0,2023,6,,5.0,0.0,5.0,24.0,1.0,17.0,18.0,1.0,18.0
2024-06-23,5,SSG,76,38,37,1,0.507,7.0,2023,6,,5.0,0.0,5.0,18.0,1.0,19.0,20.0,0.0,18.0
2024-06-23,6,NC,76,37,37,2,0.5,7.5,2023,6,,6.0,0.0,4.0,18.0,0.0,18.0,19.0,2.0,19.0
2024-06-23,7,한화,75,33,40,2,0.452,11.0,2023,6,,4.0,0.0,6.0,17.0,2.0,19.0,16.0,0.0,21.0
2024-06-23,8,롯데,74,32,40,2,0.444,11.5,2023,6,,5.0,0.0,5.0,20.0,1.0,16.0,12.0,1.0,24.0
2024-06-23,9,KT,76,32,43,1,0.427,13.0,2023,6,,4.0,0.0,6.0,17.0,0.0,20.0,15.0,1.0,23.0
2024-06-23,10,키움,74,29,45,0,0.392,15.5,2023,6,,3.0,0.0,7.0,15.0,0.0,24.0,14.0,0.0,21.0
2024-06-25,1,KIA,77,45,30,2,0.6,0.0,2023,6,,7.0,1.0,2.0,21.0,1.0,16.0,24.0,1.0,14.0
2024-06-25,2,삼성,77,43,33,1,0.566,2.5,2023,6,,6.0,0.0,4.0,22.0,0.0,17.0,21.0,1.0,16.0
2024-06-25,3,LG,79,43,34,2,0.558,3.0,2023,6,,5.0,0.0,5.0,22.0,1.0,14.0,21.0,1.0,20.0
2024-06-25,4,두산,80,42,36,2,0.538,4.5,2023,6,,4.0,0.0,6.0,24.0,1.0,17.0,18.0,1.0,19.0
2024-06-25,5,SSG,77,38,38,1,0.5,7.5,2023,6,,4.0,0.0,6.0,18.0,1.0,20.0,20.0,0.0,18.0
2024-06-25,6,NC,77,37,38,2,0.493,8.0,2023,6,,5.0,0.0,5.0,18.0,0.0,18.0,19.0,2.0,20.0
2024-06-25,7,한화,76,34,40,2,0.459,10.5,2023,6,,5.0,0.0,5.0,18.0,2.0,19.0,16.0,0.0,21.0
2024-06-25,8,롯데,75,32,40,3,0.444,11.5,2023,6,,4.0,1.0,5.0,20.0,2.0,16.0,12.0,1.0,24.0
2024-06-25,9,KT,77,33,43,1,0.434,12.5,2023,6,,5.0,0.0,5.0,17.0,0.0,20.0,16.0,1.0,23.0
2024-06-25,10,키움,75,30,45,0,0.4,15.0,2023,6,,4.0,0.0,6.0,16.0,0.0,24.0,14.0,0.0,21.0
2024-06-26,1,KIA,78,45,31,2,0.592,0.0,2023,6,,6.0,1.0,3.0,21.0,1.0,16.0,24.0,1.0,15.0
2024-06-26,2,LG,80,44,34,2,0.564,2.0,2023,6,,5.0,0.0,5.0,23.0,1.0,14.0,21.0,1.0,20.0
2024-06-26,3,삼성,78,43,34,1,0.558,2.5,2023,6,,5.0,0.0,5.0,22.0,0.0,17.0,21.0,1.0,17.0
2024-06-26,4,두산,81,43,36,2,0.544,3.5,2023,6,,4.0,0.0,6.0,24.0,1.0,17.0,19.0,1.0,19.0
2024-06-26,5,SSG,78,39,38,1,0.506,6.5,2023,6,,4.0,0.0,6.0,19.0,1.0,20.0,20.0,0.0,18.0
2024-06-26,6,NC,78,37,39,2,0.487,8.0,2023,6,,5.0,0.0,5.0,18.0,0.0,18.0,19.0,2.0,21.0
2024-06-26,7,한화,77,34,41,2,0.453,10.5,2023,6,,5.0,0.0,5.0,18.0,2.0,20.0,16.0,0.0,21.0
2024-06-26,8,롯데,76,33,40,3,0.452,10.5,2023,6,,5.0,1.0,4.0,21.0,2.0,16.0,12.0,1.0,24.0
2024-06-26,9,KT,78,33,44,1,0.429,12.5,2023,6,,5.0,0.0,5.0,17.0,0.0,20.0,16.0,1.0,24.0
2024-06-26,10,키움,76,31,45,0,0.408,14.0,2023,6,,5.0,0.0,5.0,17.0,0.0,24.0,14.0,0.0,21.0
2024-06-27,1,KIA,79,45,32,2,0.584,0.0,2023,6,,5.0,1.0,4.0,21.0,1.0,16.0,24.0,1.0,16.0
2024-06-27,2,삼성,79,44,34,1,0.564,1.5,2023,6,,6.0,0.0,4.0,22.0,0.0,17.0,22.0,1.0,17.0
2024-06-27,3,LG,81,44,35,2,0.557,2.0,2023,6,,5.0,0.0,5.0,23.0,1.0,15.0,21.0,1.0,20.0
2024-06-27,4,두산,82,43,37,2,0.538,3.5,2023,6,,3.0,0.0,7.0,24.0,1.0,17.0,19.0,1.0,20.0
2024-06-27,5,SSG,79,39,39,1,0.5,6.5,2023,6,,3.0,0.0,7.0,19.0,1.0,21.0,20.0,0.0,18.0
2024-06-27,6,NC,79,37,40,2,0.481,8.0,2023,6,,4.0,0.0,6.0,18.0,0.0,18.0,19.0,2.0,22.0
2024-06-27,7,한화,78,35,41,2,0.461,9.5,2023,6,,6.0,0.0,4.0,19.0,2.0,20.0,16.0,0.0,21.0
2024-06-27,8,롯데,77,34,40,3,0.459,9.5,2023,6,,5.0,1.0,4.0,22.0,2.0,16.0,12.0,1.0,24.0
2024-06-27,9,KT,79,34,44,1,0.436,11.5,2023,6,,6.0,0.0,4.0,17.0,0.0,20.0,17.0,1.0,24.0
2024-06-27,10,키움,77,32,45,0,0.416,13.0,2023,6,,6.0,0.0,4.0,18.0,0.0,24.0,14.0,0.0,21.0
2024-06-28,1,KIA,80,45,33,2,0.577,0.0,2023,6,,4.0,1.0,5.0,21.0,1.0,17.0,24.0,1.0,16.0
2024-06-28,2,삼성,80,44,35,1,0.557,1.5,2023,6,,6.0,0.0,4.0,22.0,0.0,17.0,22.0,1.0,18.0
2024-06-28,3,LG,82,44,36,2,0.55,2.0,2023,6,,4.0,0.0,6.0,23.0,1.0,15.0,21.0,1.0,21.0
2024-06-28,4,두산,83,44,37,2,0.543,2.5,2023,6,,4.0,0.0,6.0,25.0,1.0,17.0,19.0,1.0,20.0
2024-06-28,5,SSG,80,39,40,1,0.494,6.5,2023,6,,3.0,0.0,7.0,19.0,1.0,21.0,20.0,0.0,19.0
2024-06-28,6,NC,80,38,40,2,0.487,7.0,2023,6,,4.0,0.0,6.0,19.0,0.0,18.0,19.0,2.0,22.0
2024-06-28,7,롯데,78,35,40,3,0.467,8.5,2023,6,,6.0,1.0,3.0,23.0,2.0,16.0,12.0,1.0,24.0
2024-06-28,8,한화,79,35,42,2,0.455,9.5,2023,6,,5.0,0.0,5.0,19.0,2.0,20.0,16.0,0.0,22.0
2024-06-28,9,KT,80,35,44,1,0.443,10.5,2023,6,,7.0,0.0,3.0,18.0,0.0,20.0,17.0,1.0,24.0
2024-06-28,10,키움,78,33,45,0,0.423,12.0,2023,6,,6.0,0.0,4.0,18.0,0.0,24.0,15.0,0.0,21.0
2024-06-29,1,KIA,80,45,33,2,0.577,0.0,2023,6,,4.0,1.0,5.0,21.0,1.0,17.0,24.0,1.0,16.0
2024-06-29,2,삼성,80,44,35,1,0.557,1.5,2023,6,,6.0,0.0,4.0,22.0,0.0,17.0,22.0,1.0,18.0
2024-06-29,3,LG,82,44,36,2,0.55,2.0,2023,6,,4.0,0.0,6.0,23.0,1.0,15.0,21.0,1.0,21.0
2024-06-29,4,두산,84,44,38,2,0.537,3.0,2023,6,,3.0,0.0,7.0,25.0,1.0,18.0,19.0,1.0,20.0
2024-06-29,5,SSG,81,40,40,1,0.5,6.0,2023,6,,3.0,0.0,7.0,19.0,1.0,21.0,21.0,0.0,19.0
2024-06-29,6,NC,80,38,40,2,0.487,7.0,2023,6,,4.0,0.0,6.0,19.0,0.0,18.0,19.0,2.0,22.0
2024-06-29,7,롯데,78,35,40,3,0.467,8.5,2023,6,,6.0,1.0,3.0,23.0,2.0,16.0,12.0,1.0,24.0
2024-06-29,8,한화,79,35,42,2,0.455,9.5,2023,6,,5.0,0.0,5.0,19.0,2.0,20.0,16.0,0.0,22.0
2024-06-29,9,KT,80,35,44,1,0.443,10.5,2023,6,,7.0,0.0,3.0,18.0,0.0,20.0,17.0,1.0,24.0
2024-06-29,10,키움,78,33,45,0,0.423,12.0,2023,6,,6.0,0.0,4.0,18.0,0.0,24.0,15.0,0.0,21.0
2024-06-30,1,KIA,80,45,33,2,0.577,0.0,2023,6,,4.0,1.0,5.0,21.0,1.0,17.0,24.0,1.0,16.0
2024-06-30,2,LG,83,45,36,2,0.556,1.5,2023,6,,5.0,0.0,5.0,23.0,1.0,15.0,22.0,1.0,21.0
2024-06-30,3,삼성,82,44,36,2,0.55,2.0,2023,6,,5.0,1.0,4.0,22.0,0.0,17.0,22.0,2.0,19.0
2024-06-30,4,두산,85,44,39,2,0.53,3.5,2023,6,,3.0,0.0,7.0,25.0,1.0,19.0,19.0,1.0,20.0
2024-06-30,5,SSG,82,41,40,1,0.506,5.5,2023,6,,4.0,0.0,6.0,19.0,1.0,21.0,22.0,0.0,19.0
2024-06-30,6,NC,81,38,41,2,0.481,7.5,2023,6,,4.0,0.0,6.0,19.0,0.0,19.0,19.0,2.0,22.0
2024-06-30,7,롯데,78,35,40,3,0.467,8.5,2023,6,,6.0,1.0,3.0,23.0,2.0,16.0,12.0,1.0,24.0
2024-06-30,8,한화,79,35,42,2,0.455,9.5,2023,6,,5.0,0.0,5.0,19.0,2.0,20.0,16.0,0.0,22.0
2024-06-30,9,KT,82,36,44,2,0.45,10.0,2023,6,,7.0,1.0,2.0,19.0,1.0,20.0,17.0,1.0,24.0
2024-06-30,10,키움,78,33,45,0,0.423,12.0,2023,6,,6.0,0.0,4.0,18.0,0.0,24.0,15.0,0.0,21.0
2024-07-02,1,KIA,81,46,33,2,0.582,0.0,2023,7,,4.0,1.0,5.0,21.0,1.0,17.0,25.0,1.0,16.0
2024-07-02,2,LG,84,45,37,2,0.549,2.5,2023,7,,4.0,0.0,6.0,23.0,1.0,15.0,22.0,1.0,22.0
2024-07-02,3,삼성,83,44,37,2,0.543,3.0,2023,7,,4.0,1.0,5.0,22.0,0.0,18.0,22.0,2.0,19.0
2024-07-02,4,두산,85,44,39,2,0.53,4.0,2023,7,,3.0,0.0,7.0,25.0,1.0,19.0,19.0,1.0,20.0
2024-07-02,5,SSG,82,41,40,1,0.506,6.0,2023,7,,4.0,0.0,6.0,19.0,1.0,21.0,22.0,0.0,19.0
2024-07-02,6,NC,81,38,41,2,0.481,8.0,2023,7,,4.0,0.0,6.0,19.0,0.0,19.0,19.0,2.0,22.0
2024-07-02,7,롯데,78,35,40,3,0.467,9.0,2023,7,,6.0,1.0,3.0,23.0,2.0,16.0,12.0,1.0,24.0
2024-07-02,8,KT,83,37,44,2,0.457,10.0,2023,7,,7.0,1.0,2.0,19.0,1.0,20.0,18.0,1.0,24.0
2024-07-02,9,한화,80,35,43,2,0.449,10.5,2023,7,,4.0,0.0,6.0,19.0,2.0,21.0,16.0,0.0,22.0
2024-07-02,10,키움,79,34,45,0,0.43,12.0,2023,7,,7.0,0.0,3.0,19.0,0.0,24.0,15.0,0.0,21.0
2024-07-03,1,KIA,82,47,33,2,0.588,0.0,2023,7,,5.0,1.0,4.0,21.0,1.0,17.0,26.0,1.0,16.0
2024-07-03,2,LG,85,45,38,2,0.542,3.5,2023,7,,4.0,0.0,6.0,23.0,1.0,15.0,22.0,1.0,23.0
2024-07-03,3,삼성,84,44,38,2,0.537,4.0,2023,7,,3.0,1.0,6.0,22.0,0.0,19.0,22.0,2.0,19.0
2024-07-03,4,두산,86,45,39,2,0.536,4.0,2023,7,,3.0,0.0,7.0,26.0,1.0,19.0,19.0,1.0,20.0
2024-07-03,5,SSG,83,41,41,1,0.5,7.0,2023,7,,4.0,0.0,6.0,19.0,1.0,21.0,22.0,0.0,20.0
2024-07-03,6,NC,82,39,41,2,0.488,8.0,2023,7,,4.0,0.0,6.0,20.0,0.0,19.0,19.0,2.0,22.0
2024-07-03,7,KT,84,38,44,2,0.463,10.0,2023,7,,7.0,1.0,2.0,19.0,1.0,20.0,19.0,1.0,24.0
2024-07-03,8,롯데,79,35,41,3,0.461,10.0,2023,7,,6.0,1.0,3.0,23.0,2.0,16.0,12.0,1.0,25.0
2024-07-03,9,한화,81,35,44,2,0.443,11.5,2023,7,,3.0,0.0,7.0,19.0,2.0,22.0,16.0,0.0,22.0
2024-07-03,10,키움,80,35,45,0,0.438,12.0,2023,7,,8.0,0.0,2.0,20.0,0.0,24.0,15.0,0.0,21.0
2024-07-04,1,KIA,83,48,33,2,0.593,0.0,2023,7,,5.0,1.0,4.0,21.0,1.0,17.0,27.0,1.0,16.0
2024-07-04,2,LG,86,46,38,2,0.548,3.5,2023,7,,5.0,0.0,5.0,23.0,1.0,15.0,23.0,1.0,23.0
2024-07-04,3,두산,87,46,39,2,0.541,4.0,2023,7,,4.0,0.0,6.0,27.0,1.0,19.0,19.0,1.0,20.0
2024-07-04,4,삼성,85,44,39,2,0.53,5.0,2023,7,,2.0,1.0,7.0,22.0,0.0,20.0,22.0,2.0,19.0
2024-07-04,5,SSG,84,41,42,1,0.494,8.0,2023,7,,4.0,0.0,6.0,19.0,1.0,21.0,22.0,0.0,21.0
2024-07-04,6,NC,83,40,41,2,0.494,8.0,2023,7,,5.0,0.0,5.0,21.0,0.0,19.0,19.0,2.0,22.0
2024-07-04,7,KT,85,38,45,2,0.458,11.0,2023,7,,7.0,1.0,2.0,19.0,1.0,20.0,19.0,1.0,25.0
2024-07-04,8,롯데,80,35,42,3,0.455,11.0,2023,7,,5.0,1.0,4.0,23.0,2.0,16.0,12.0,1.0,26.0
2024-07-04,9,한화,82,36,44,2,0.45,11.5,2023,7,,4.0,0.0,6.0,20.0,2.0,22.0,16.0,0.0,22.0
2024-07-04,10,키움,81,35,46,0,0.432,13.0,2023,7,,7.0,0.0,3.0,20.0,0.0,25.0,15.0,0.0,21.0
2024-07-09,1,KIA,84,49,33,2,0.598,0.0,2023,7,,5.0,1.0,4.0,21.0,1.0,17.0,28.0,1.0,16.0
2024-07-09,2,LG,87,46,39,2,0.541,4.5,2023,7,,4.0,0.0,6.0,23.0,1.0,16.0,23.0,1.0,23.0
2024-07-09,2,두산,87,46,39,2,0.541,4.5,2023,7,,4.0,0.0,6.0,27.0,1.0,19.0,19.0,1.0,20.0
2024-07-09,4,삼성,85,44,39,2,0.53,5.5,2023,7,,2.0,1.0,7.0,22.0,0.0,20.0,22.0,2.0,19.0
2024-07-09,5,SSG,85,42,42,1,0.5,8.0,2023,7,,4.0,0.0,6.0,20.0,1.0,21.0,22.0,0.0,21.0
2024-07-09,6,NC,83,40,41,2,0.494,8.5,2023,7,,5.0,0.0,5.0,21.0,0.0,19.0,19.0,2.0,22.0
2024-07-09,7,KT,85,38,45,2,0.458,11.5,2023,7,,7.0,1.0,2.0,19.0,1.0,20.0,19.0,1.0,25.0
2024-07-09,8,롯데,81,35,43,3,0.449,12.0,2023,7,,5.0,1.0,4.0,23.0,2.0,16.0,12.0,1.0,27.0
2024-07-09,9,한화,83,36,45,2,0.444,12.5,2023,7,,4.0,0.0,6.0,20.0,2.0,22.0,16.0,0.0,23.0
2024-07-09,10,키움,82,36,46,0,0.439,13.0,2023,7,,7.0,0.0,3.0,21.0,0.0,25.0,15.0,0.0,21.0
2024-07-10,1,KIA,85,50,33,2,0.602,0.0,2023,7,,6.0,1.0,3.0,21.0,1.0,17.0,29.0,1.0,16.0
2024-07-10,2,삼성,86,45,39,2,0.536,5.5,2023,7,,2.0,1.0,7.0,23.0,0.0,20.0,22.0,2.0,19.0
2024-07-10,3,LG,88,46,40,2,0.535,5.5,2023,7,,4.0,0.0,6.0,23.0,1.0,17.0,23.0,1.0,23.0
2024-07-10,3,두산,88,46,40,2,0.535,5.5,2023,7,,4.0,0.0,6.0,27.0,1.0,19.0,19.0,1.0,21.0
2024-07-10,5,SSG,86,42,43,1,0.494,9.0,2023,7,,4.0,0.0,6.0,20.0,1.0,22.0,22.0,0.0,21.0
2024-07-10,6,NC,84,40,42,2,0.488,9.5,2023,7,,4.0,0.0,6.0,21.0,0.0,19.0,19.0,2.0,23.0
2024-07-10,7,KT,86,39,45,2,0.464,11.5,2023,7,,7.0,1.0,2.0,20.0,1.0,20.0,19.0,1.0,25.0
2024-07-10,8,롯데,82,36,43,3,0.456,12.0,2023,7,,6.0,1.0,3.0,23.0,2.0,16.0,13.0,1.0,27.0
2024-07-10,9,한화,84,37,45,2,0.451,12.5,2023,7,,4.0,0.0,6.0,20.0,2.0,22.0,17.0,0.0,23.0
2024-07-10,10,키움,83,36,47,0,0.434,14.0,2023,7,,7.0,0.0,3.0,21.0,0.0,26.0,15.0,0.0,21.0
2024-07-11,1,KIA,86,51,33,2,0.607,0.0,2023,7,,6.0,1.0,3.0,21.0,1.0,17.0,30.0,1.0,16.0
2024-07-11,2,삼성,87,46,39,2,0.541,5.5,2023,7,,3.0,1.0,6.0,24.0,0.0,20.0,22.0,2.0,19.0
2024-07-11,3,두산,89,47,40,2,0.54,5.5,2023,7,,5.0,0.0,5.0,27.0,1.0,19.0,20.0,1.0,21.0
2024-07-11,4,LG,89,46,41,2,0.529,6.5,2023,7,,3.0,0.0,7.0,23.0,1.0,18.0,23.0,1.0,23.0
2024-07-11,5,SSG,87,43,43,1,0.5,9.0,2023,7,,5.0,0.0,5.0,21.0,1.0,22.0,22.0,0.0,21.0
2024-07-11,6,NC,85,40,43,2,0.482,10.5,2023,7,,4.0,0.0,6.0,21.0,0.0,19.0,19.0,2.0,24.0
2024-07-11,7,KT,87,39,46,2,0.459,12.5,2023,7,,6.0,1.0,3.0,20.0,1.0,21.0,19.0,1.0,25.0
2024-07-11,8,롯데,83,36,44,3,0.45,13.0,2023,7,,5.0,1.0,4.0,23.0,2.0,16.0,13.0,1.0,28.0
2024-07-11,9,한화,85,37,46,2,0.446,13.5,2023,7,,4.0,0.0,6.0,20.0,2.0,22.0,17.0,0.0,24.0
2024-07-11,10,키움,84,37,47,0,0.44,14.0,2023,7,,8.0,0.0,2.0,22.0,0.0,26.0,15.0,0.0,21.0
2024-07-12,1,KIA,87,51,34,2,0.6,0.0,2023,7,,6.0,0.0,4.0,21.0,1.0,18.0,30.0,1.0,16.0
2024-07-12,2,삼성,88,47,39,2,0.547,4.5,2023,7,,4.0,1.0,5.0,24.0,0.0,20.0,23.0,2.0,19.0
2024-07-12,3,두산,90,47,41,2,0.534,5.5,2023,7,,5.0,0.0,5.0,27.0,1.0,20.0,20.0,1.0,21.0
2024-07-12,4,LG,90,46,42,2,0.523,6.5,2023,7,,2.0,0.0,8.0,23.0,1.0,18.0,23.0,1.0,24.0
2024-07-12,5,SSG,88,44,43,1,0.506,8.0,2023,7,,5.0,0.0,5.0,21.0,1.0,22.0,23.0,0.0,21.0
2024-07-12,6,NC,86,41,43,2,0.488,9.5,2023,7,,4.0,0.0,6.0,22.0,0.0,19.0,19.0,2.0,24.0
2024-07-12,7,KT,88,40,46,2,0.465,11.5,2023,7,,7.0,1.0,2.0,20.0,1.0,21.0,20.0,1.0,25.0
2024-07-12,8,한화,86,38,46,2,0.452,12.5,2023,7,,4.0,0.0,6.0,21.0,2.0,22.0,17.0,0.0,24.0
2024-07-12,9,롯데,84,36,45,3,0.444,13.0,2023,7,,4.0,1.0,5.0,23.0,2.0,17.0,13.0,1.0,28.0
2024-07-12,10,키움,85,37,48,0,0.435,14.0,2023,7,,7.0,0.0,3.0,22.0,0.0,26.0,15.0,0.0,22.0
2024-07-13,1,KIA,88,51,35,2,0.593,0.0,2023,7,,6.0,0.0,4.0,21.0,1.0,19.0,30.0,1.0,16.0
2024-07-13,2,삼성,89,47,40,2,0.54,4.5,2023,7,,3.0,1.0,6.0,24.0,0.0,20.0,23.0,2.0,20.0
2024-07-13,3,두산,91,48,41,2,0.539,4.5,2023,7,,5.0,0.0,5.0,28.0,1.0,20.0,20.0,1.0,21.0
2024-07-13,4,LG,91,47,42,2,0.528,5.5,2023,7,,3.0,0.0,7.0,23.0,1.0,18.0,24.0,1.0,24.0
2024-07-13,5,SSG,89,45,43,1,0.511,7.0,2023,7,,6.0,0.0,4.0,21.0,1.0,22.0,24.0,0.0,21.0
2024-07-13,6,NC,87,42,43,2,0.494,8.5,2023,7,,5.0,0.0,5.0,23.0,0.0,19.0,19.0,2.0,24.0
2024-07-13,7,KT,89,41,46,2,0.471,10.5,2023,7,,7.0,1.0,2.0,20.0,1.0,21.0,21.0,1.0,25.0
2024-07-13,8,한화,87,38,47,2,0.447,12.5,2023,7,,4.0,0.0,6.0,21.0,2.0,23.0,17.0,0.0,24.0
2024-07-13,9,롯데,85,36,46,3,0.439,13.0,2023,7,,4.0,0.0,6.0,23.0,2.0,18.0,13.0,1.0,28.0
2024-07-13,10,키움,86,37,49,0,0.43,14.0,2023,7,,6.0,0.0,4.0,22.0,0.0,26.0,15.0,0.0,23.0
2024-07-14,1,KIA,89,52,35,2,0.598,0.0,2023,7,,7.0,0.0,3.0,22.0,1.0,19.0,30.0,1.0,16.0
2024-07-14,2,삼성,90,48,40,2,0.545,4.5,2023,7,,4.0,1.0,5.0,24.0,0.0,20.0,24.0,2.0,20.0
2024-07-14,3,LG,92,48,42,2,0.533,5.5,2023,7,,4.0,0.0,6.0,23.0,1.0,18.0,25.0,1.0,24.0
2024-07-14,3,두산,92,48,42,2,0.533,5.5,2023,7,,5.0,0.0,5.0,28.0,1.0,21.0,20.0,1.0,21.0
2024-07-14,5,SSG,90,45,44,1,0.506,8.0,2023,7,,6.0,0.0,4.0,21.0,1.0,22.0,24.0,0.0,22.0
2024-07-14,6,NC,87,42,43,2,0.494,9.0,2023,7,,5.0,0.0,5.0,23.0,0.0,19.0,19.0,2.0,24.0
2024-07-14,7,KT,89,41,46,2,0.471,11.0,2023,7,,7.0,1.0,2.0,20.0,1.0,21.0,21.0,1.0,25.0
2024-07-14,8,한화,88,38,48,2,0.442,13.5,2023,7,,3.0,0.0,7.0,21.0,2.0,24.0,17.0,0.0,24.0
2024-07-14,9,롯데,85,36,46,3,0.439,13.5,2023,7,,4.0,0.0,6.0,23.0,2.0,18.0,13.0,1.0,28.0
2024-07-14,10,키움,86,37,49,0,0.43,14.5,2023,7,,6.0,0.0,4.0,22.0,0.0,26.0,15.0,0.0,23.0
2024-07-16,1,KIA,89,52,35,2,0.598,0.0,2023,7,,7.0,0.0,3.0,22.0,1.0,19.0,30.0,1.0,16.0
2024-07-16,2,삼성,90,48,40,2,0.545,4.5,2023,7,,4.0,1.0,5.0,24.0,0.0,20.0,24.0,2.0,20.0
2024-07-16,3,LG,92,48,42,2,0.533,5.5,2023,7,,4.0,0.0,6.0,23.0,1.0,18.0,25.0,1.0,24.0
2024-07-16,4,두산,93,48,43,2,0.527,6.0,2023,7,,4.0,0.0,6.0,28.0,1.0,21.0,20.0,1.0,22.0
2024-07-16,5,SSG,90,45,44,1,0.506,8.0,2023,7,,6.0,0.0,4.0,21.0,1.0,22.0,24.0,0.0,22.0
2024-07-16,6,NC,87,42,43,2,0.494,9.0,2023,7,,5.0,0.0,5.0,23.0,0.0,19.0,19.0,2.0,24.0
2024-07-16,7,KT,90,42,46,2,0.477,10.5,2023,7,,7.0,1.0,2.0,20.0,1.0,21.0,22.0,1.0,25.0
2024-07-16,8,롯데,86,37,46,3,0.446,13.0,2023,7,,4.0,0.0,6.0,24.0,2.0,18.0,13.0,1.0,28.0
2024-07-16,9,한화,88,38,48,2,0.442,13.5,2023,7,,3.0,0.0,7.0,21.0,2.0,24.0,17.0,0.0,24.0
2024-07-16,10,키움,87,37,50,0,0.425,15.0,2023,7,,5.0,0.0,5.0,22.0,0.0,27.0,15.0,0.0,23.0
2024-07-17,1,KIA,90,53,35,2,0.602,0.0,2023,7,,8.0,0.0,2.0,23.0,1.0,19.0,30.0,1.0,16.0
2024-07-17,2,삼성,91,48,41,2,0.539,5.5,2023,7,,4.0,0.0,6.0,24.0,0.0,20.0,24.0,2.0,21.0
2024-07-17,3,LG,93,49,42,2,0.538,5.5,2023,7,,4.0,0.0,6.0,24.0,1.0,18.0,25.0,1.0,24.0
2024-07-17,4,두산,94,48,44,2,0.522,7.0,2023,7,,4.0,0.0,6.0,28.0,1.0,21.0,20.0,1.0,23.0
2024-07-17,5,SSG,91,45,45,1,0.5,9.0,2023,7,,5.0,0.0,5.0,21.0,1.0,22.0,24.0,0.0,23.0
2024-07-17,5,NC,88,43,43,2,0.5,9.0,2023,7,,6.0,0.0,4.0,24.0,0.0,19.0,19.0,2.0,24.0
2024-07-17,7,KT,91,43,46,2,0.483,10.5,2023,7,,8.0,0.0,2.0,20.0,1.0,21.0,23.0,1.0,25.0
2024-07-17,8,롯데,87,38,46,3,0.452,13.0,2023,7,,4.0,0.0,6.0,25.0,2.0,18.0,13.0,1.0,28.0
2024-07-17,9,한화,89,38,49,2,0.437,14.5,2023,7,,3.0,0.0,7.0,21.0,2.0,24.0,17.0,0.0,25.0
2024-07-17,10,키움,88,37,51,0,0.42,16.0,2023,7,,4.0,0.0,6.0,22.0,0.0,28.0,15.0,0.0,23.0
2024-07-18,1,KIA,91,54,35,2,0.607,0.0,2023,7,,8.0,0.0,2.0,24.0,1.0,19.0,30.0,1.0,16.0
2024-07-18,2,LG,93,49,42,2,0.538,6.0,2023,7,,4.0,0.0,6.0,24.0,1.0,18.0,25.0,1.0,24.0
2024-07-18,3,삼성,92,48,42,2,0.533,6.5,2023,7,,4.0,0.0,6.0,24.0,0.0,20.0,24.0,2.0,22.0
2024-07-18,4,두산,95,49,44,2,0.527,7.0,2023,7,,5.0,0.0,5.0,28.0,1.0,21.0,21.0,1.0,23.0
2024-07-18,5,NC,89,44,43,2,0.506,9.0,2023,7,,7.0,0.0,3.0,25.0,0.0,19.0,19.0,2.0,24.0
2024-07-18,6,SSG,91,45,45,1,0.5,9.5,2023,7,,5.0,0.0,5.0,21.0,1.0,22.0,24.0,0.0,23.0
2024-07-18,7,KT,92,44,46,2,0.489,10.5,2023,7,,8.0,0.0,2.0,20.0,1.0,21.0,24.0,1.0,25.0
2024-07-18,8,롯데,88,38,47,3,0.447,14.0,2023,7,,3.0,0.0,7.0,25.0,2.0,19.0,13.0,1.0,28.0
2024-07-18,9,한화,90,38,50,2,0.432,15.5,2023,7,,3.0,0.0,7.0,21.0,2.0,24.0,17.0,0.0,26.0
2024-07-18,10,키움,89,37,52,0,0.416,17.0,2023,7,,3.0,0.0,7.0,22.0,0.0,29.0,15.0,0.0,23.0
2024-07-19,1,KIA,92,55,35,2,0.611,0.0,2023,7,,8.0,0.0,2.0,24.0,1.0,19.0,31.0,1.0,16.0
2024-07-19,2,LG,94,50,42,2,0.543,6.0,2023,7,,5.0,0.0,5.0,25.0,1.0,18.0,25.0,1.0,24.0
2024-07-19,3,삼성,93,48,43,2,0.527,7.5,2023,7,,4.0,0.0,6.0,24.0,0.0,21.0,24.0,2.0,22.0
2024-07-19,4,두산,96,49,45,2,0.521,8.0,2023,7,,4.0,0.0,6.0,28.0,1.0,21.0,21.0,1.0,24.0
2024-07-19,5,SSG,92,46,45,1,0.505,9.5,2023,7,,5.0,0.0,5.0,22.0,1.0,22.0,24.0,0.0,23.0
2024-07-19,6,NC,90,44,44,2,0.5,10.0,2023,7,,6.0,0.0,4.0,25.0,0.0,19.0,19.0,2.0,25.0
2024-07-19,7,KT,93,45,46,2,0.495,10.5,2023,7,,8.0,0.0,2.0,21.0,1.0,21.0,24.0,1.0,25.0
2024-07-19,8,롯데,89,39,47,3,0.453,14.0,2023,7,,4.0,0.0,6.0,25.0,2.0,19.0,14.0,1.0,28.0
2024-07-19,9,한화,91,38,51,2,0.427,16.5,2023,7,,3.0,0.0,7.0,21.0,2.0,25.0,17.0,0.0,26.0
2024-07-19,10,키움,90,37,53,0,0.411,18.0,2023,7,,2.0,0.0,8.0,22.0,0.0,29.0,15.0,0.0,24.0
2024-07-20,1,KIA,93,56,35,2,0.615,0.0,2023,7,,8.0,0.0,2.0,24.0,1.0,19.0,32.0,1.0,16.0
2024-07-20,2,LG,94,50,42,2,0.543,6.5,2023,7,,5.0,0.0,5.0,25.0,1.0,18.0,25.0,1.0,24.0
2024-07-20,3,삼성,94,49,43,2,0.533,7.5,2023,7,,5.0,0.0,5.0,25.0,0.0,21.0,24.0,2.0,22.0
2024-07-20,4,두산,96,49,45,2,0.521,8.5,2023,7,,4.0,0.0,6.0,28.0,1.0,21.0,21.0,1.0,24.0
2024-07-20,5,SSG,92,46,45,1,0.505,10.0,2023,7,,5.0,0.0,5.0,22.0,1.0,22.0,24.0,0.0,23.0
2024-07-20,6,NC,90,44,44,2,0.5,10.5,2023,7,,6.0,0.0,4.0,25.0,0.0,19.0,19.0,2.0,25.0
2024-07-20,7,KT,93,45,46,2,0.495,11.0,2023,7,,8.0,0.0,2.0,21.0,1.0,21.0,24.0,1.0,25.0
2024-07-20,8,롯데,90,39,48,3,0.448,15.0,2023,7,,4.0,0.0,6.0,25.0,2.0,19.0,14.0,1.0,29.0
2024-07-20,9,한화,92,38,52,2,0.422,17.5,2023,7,,2.0,0.0,8.0,21.0,2.0,26.0,17.0,0.0,26.0
2024-07-20,10,키움,90,37,53,0,0.411,18.5,2023,7,,2.0,0.0,8.0,22.0,0.0,29.0,15.0,0.0,24.0
2024-07-21,1,KIA,94,57,35,2,0.62,0.0,2023,7,,8.0,0.0,2.0,24.0,1.0,19.0,33.0,1.0,16.0
2024-07-21,2,LG,95,51,42,2,0.548,6.5,2023,7,,6.0,0.0,4.0,26.0,1.0,18.0,25.0,1.0,24.0
2024-07-21,3,삼성,95,50,43,2,0.538,7.5,2023,7,,6.0,0.0,4.0,26.0,0.0,21.0,24.0,2.0,22.0
2024-07-21,4,두산,97,49,46,2,0.516,9.5,2023,7,,3.0,0.0,7.0,28.0,1.0,21.0,21.0,1.0,25.0
2024-07-21,5,NC,91,45,44,2,0.506,10.5,2023,7,,7.0,0.0,3.0,25.0,0.0,19.0,20.0,2.0,25.0
2024-07-21,6,SSG,93,46,46,1,0.5,11.0,2023,7,,5.0,0.0,5.0,22.0,1.0,23.0,24.0,0.0,23.0
2024-07-21,7,KT,94,45,47,2,0.489,12.0,2023,7,,7.0,0.0,3.0,21.0,1.0,22.0,24.0,1.0,25.0
2024-07-21,8,롯데,91,39,49,3,0.443,16.0,2023,7,,4.0,0.0,6.0,25.0,2.0,19.0,14.0,1.0,30.0
2024-07-21,9,한화,93,38,53,2,0.418,18.5,2023,7,,2.0,0.0,8.0,21.0,2.0,27.0,17.0,0.0,26.0
2024-07-21,9,키움,91,38,53,0,0.418,18.5,2023,7,,3.0,0.0,7.0,22.0,0.0,29.0,16.0,0.0,24.0
2024-07-23,1,KIA,95,58,35,2,0.624,0.0,2023,7,,8.0,0.0,2.0,25.0,1.0,19.0,33.0,1.0,16.0
2024-07-23,2,LG,96,52,42,2,0.553,6.5,2023,7,,6.0,0.0,4.0,26.0,1.0,18.0,26.0,1.0,24.0
2024-07-23,3,삼성,96,50,44,2,0.532,8.5,2023,7,,5.0,0.0,5.0,26.0,0.0,21.0,24.0,2.0,23.0
2024-07-23,4,두산,98,50,46,2,0.521,9.5,2023,7,,4.0,0.0,6.0,29.0,1.0,21.0,21.0,1.0,25.0
2024-07-23,5,SSG,93,46,46,1,0.5,11.5,2023,7,,5.0,0.0,5.0,22.0,1.0,23.0,24.0,0.0,23.0
2024-07-23,5,NC,92,45,45,2,0.5,11.5,2023,7,,6.0,0.0,4.0,25.0,0.0,19.0,20.0,2.0,26.0
2024-07-23,7,KT,94,45,47,2,0.489,12.5,2023,7,,7.0,0.0,3.0,21.0,1.0,22.0,24.0,1.0,25.0
2024-07-23,8,롯데,92,39,50,3,0.438,17.0,2023,7,,3.0,0.0,7.0,25.0,2.0,20.0,14.0,1.0,30.0
2024-07-23,9,한화,94,39,53,2,0.424,18.5,2023,7,,2.0,0.0,8.0,22.0,2.0,27.0,17.0,0.0,26.0
2024-07-23,10,키움,92,38,54,0,0.413,19.5,2023,7,,2.0,0.0,8.0,22.0,0.0,29.0,16.0,0.0,25.0
2024-07-24,1,KIA,96,59,35,2,0.628,0.0,2023,7,,8.0,0.0,2.0,26.0,1.0,19.0,33.0,1.0,16.0
2024-07-24,2,LG,96,52,42,2,0.553,7.0,2023,7,,6.0,0.0,4.0,26.0,1.0,18.0,26.0,1.0,24.0
2024-07-24,3,삼성,97,50,45,2,0.526,9.5,2023,7,,4.0,0.0,6.0,26.0,0.0,21.0,24.0,2.0,24.0
2024-07-24,4,두산,99,51,46,2,0.526,9.5,2023,7,,4.0,0.0,6.0,30.0,1.0,21.0,21.0,1.0,25.0
2024-07-24,5,KT,95,46,47,2,0.495,12.5,2023,7,,8.0,0.0,2.0,22.0,1.0,22.0,24.0,1.0,25.0
2024-07-24,5,SSG,94,46,47,1,0.495,12.5,2023,7,,5.0,0.0,5.0,22.0,1.0,23.0,24.0,0.0,24.0
2024-07-24,7,NC,93,45,46,2,0.495,12.5,2023,7,,5.0,0.0,5.0,25.0,0.0,19.0,20.0,2.0,27.0
2024-07-24,8,롯데,92,39,50,3,0.438,17.5,2023,7,,3.0,0.0,7.0,25.0,2.0,20.0,14.0,1.0,30.0
2024-07-24,9,한화,95,40,53,2,0.43,18.5,2023,7,,3.0,0.0,7.0,23.0,2.0,27.0,17.0,0.0,26.0
2024-07-24,10,키움,93,38,55,0,0.409,20.5,2023,7,,2.0,0.0,8.0,22.0,0.0,29.0,16.0,0.0,26.0
2024-07-25,1,KIA,97,59,36,2,0.621,0.0,2023,7,,8.0,0.0,2.0,26.0,1.0,20.0,33.0,1.0,16.0
2024-07-25,2,LG,97,53,42,2,0.558,6.0,2023,7,,7.0,0.0,3.0,26.0,1.0,18.0,27.0,1.0,24.0
2024-07-25,3,삼성,97,50,45,2,0.526,9.0,2023,7,,4.0,0.0,6.0,26.0,0.0,21.0,24.0,2.0,24.0
2024-07-25,4,두산,100,51,47,2,0.52,9.5,2023,7,,4.0,0.0,6.0,30.0,1.0,22.0,21.0,1.0,25.0
2024-07-25,5,KT,96,47,47,2,0.5,11.5,2023,7,,8.0,0.0,2.0,23.0,1.0,22.0,24.0,1.0,25.0
2024-07-25,5,NC,94,46,46,2,0.5,11.5,2023,7,,6.0,0.0,4.0,25.0,0.0,19.0,21.0,2.0,27.0
2024-07-25,7,SSG,95,46,48,1,0.489,12.5,2023,7,,4.0,0.0,6.0,22.0,1.0,23.0,24.0,0.0,25.0
2024-07-25,8,롯데,93,39,51,3,0.433,17.5,2023,7,,3.0,0.0,7.0,25.0,2.0,21.0,14.0,1.0,30.0
2024-07-25,9,한화,95,40,53,2,0.43,18.0,2023,7,,3.0,0.0,7.0,23.0,2.0,27.0,17.0,0.0,26.0
2024-07-25,10,키움,94,39,55,0,0.415,19.5,2023,7,,2.0,0.0,8.0,22.0,0.0,29.0,17.0,0.0,26.0
2024-07-26,1,KIA,98,59,37,2,0.615,0.0,2023,7,,8.0,0.0,2.0,26.0,1.0,20.0,33.0,1.0,17.0
2024-07-26,2,LG,97,53,42,2,0.558,5.5,2023,7,,7.0,0.0,3.0,26.0,1.0,18.0,27.0,1.0,24.0
2024-07-26,3,삼성,98,50,46,2,0.521,9.0,2023,7,,3.0,0.0,7.0,26.0,0.0,22.0,24.0,2.0,24.0
2024-07-26,4,두산,101,51,48,2,0.515,9.5,2023,7,,3.0,0.0,7.0,30.0,1.0,22.0,21.0,1.0,26.0
2024-07-26,5,NC,95,47,46,2,0.505,10.5,2023,7,,7.0,0.0,3.0,26.0,0.0,19.0,21.0,2.0,27.0
2024-07-26,6,KT,97,48,47,2,0.505,10.5,2023,7,,9.0,0.0,1.0,23.0,1.0,22.0,25.0,1.0,25.0
2024-07-26,7,SSG,96,47,48,1,0.495,11.5,2023,7,,5.0,0.0,5.0,23.0,1.0,23.0,24.0,0.0,25.0
2024-07-26,8,한화,95,40,53,2,0.43,17.5,2023,7,,3.0,0.0,7.0,23.0,2.0,27.0,17.0,0.0,26.0
2024-07-26,9,롯데,94,39,52,3,0.429,17.5,2023,7,,3.0,0.0,7.0,25.0,2.0,21.0,14.0,1.0,31.0
2024-07-26,10,키움,95,40,55,0,0.421,18.5,2023,7,,3.0,0.0,7.0,23.0,0.0,29.0,17.0,0.0,26.0
2024-07-27,1,KIA,99,59,38,2,0.608,0.0,2023,7,,7.0,0.0,3.0,26.0,1.0,20.0,33.0,1.0,18.0
2024-07-27,2,LG,97,53,42,2,0.558,5.0,2023,7,,7.0,0.0,3.0,26.0,1.0,18.0,27.0,1.0,24.0
2024-07-27,3,삼성,99,51,46,2,0.526,8.0,2023,7,,4.0,0.0,6.0,27.0,0.0,22.0,24.0,2.0,24.0
2024-07-27,4,두산,102,51,49,2,0.51,9.5,2023,7,,3.0,0.0,7.0,30.0,1.0,22.0,21.0,1.0,27.0
2024-07-27,5,KT,98,48,48,2,0.5,10.5,2023,7,,8.0,0.0,2.0,23.0,1.0,22.0,25.0,1.0,26.0
2024-07-27,5,SSG,97,48,48,1,0.5,10.5,2023,7,,5.0,0.0,5.0,24.0,1.0,23.0,24.0,0.0,25.0
2024-07-27,5,NC,96,47,47,2,0.5,10.5,2023,7,,6.0,0.0,4.0,26.0,0.0,20.0,21.0,2.0,27.0
2024-07-27,8,롯데,95,40,52,3,0.435,16.5,2023,7,,4.0,0.0,6.0,25.0,2.0,21.0,15.0,1.0,31.0
2024-07-27,9,한화,95,40,53,2,0.43,17.0,2023,7,,3.0,0.0,7.0,23.0,2.0,27.0,17.0,0.0,26.0
2024-07-27,10,키움,96,41,55,0,0.427,17.5,2023,7,,4.0,0.0,6.0,24.0,0.0,29.0,17.0,0.0,26.0
2024-07-28,1,KIA,100,60,38,2,0.612,0.0,2023,7,,7.0,0.0,3.0,26.0,1.0,20.0,34.0,1.0,18.0
2024-07-28,2,LG,98,53,43,2,0.552,6.0,2023,7,,7.0,0.0,3.0,26.0,1.0,19.0,27.0,1.0,24.0
2024-07-28,3,삼성,100,51,47,2,0.52,9.0,2023,7,,3.0,0.0,7.0,27.0,0.0,23.0,24.0,2.0,24.0
2024-07-28,4,KT,99,49,48,2,0.505,10.5,2023,7,,8.0,0.0,2.0,23.0,1.0,22.0,26.0,1.0,26.0
2024-07-28,4,SSG,98,49,48,1,0.505,10.5,2023,7,,5.0,0.0,5.0,25.0,1.0,23.0,24.0,0.0,25.0
2024-07-28,6,두산,103,51,50,2,0.505,10.5,2023,7,,3.0,0.0,7.0,30.0,1.0,22.0,21.0,1.0,28.0
2024-07-28,7,NC,97,47,48,2,0.495,11.5,2023,7,,5.0,0.0,5.0,26.0,0.0,21.0,21.0,2.0,27.0
2024-07-28,8,롯데,96,41,52,3,0.441,16.5,2023,7,,4.0,0.0,6.0,25.0,2.0,21.0,16.0,1.0,31.0
2024-07-28,9,한화,96,41,53,2,0.436,17.0,2023,7,,3.0,0.0,7.0,23.0,2.0,27.0,18.0,0.0,26.0
2024-07-28,10,키움,97,41,56,0,0.423,18.5,2023,7,,4.0,0.0,6.0,24.0,0.0,30.0,17.0,0.0,26.0
2024-07-30,1,KIA,101,60,39,2,0.606,0.0,2023,7,,6.0,0.0,4.0,26.0,1.0,21.0,34.0,1.0,18.0
2024-07-30,2,LG,99,53,44,2,0.546,6.0,2023,7,,7.0,0.0,3.0,26.0,1.0,20.0,27.0,1.0,24.0
2024-07-30,3,삼성,101,52,47,2,0.525,8.0,2023,7,,4.0,0.0,6.0,27.0,0.0,23.0,25.0,2.0,24.0
2024-07-30,4,SSG,99,50,48,1,0.51,9.5,2023,7,,5.0,0.0,5.0,26.0,1.0,23.0,24.0,0.0,25.0
2024-07-30,5,두산,104,52,50,2,0.51,9.5,2023,7,,4.0,0.0,6.0,30.0,1.0,22.0,22.0,1.0,28.0
2024-07-30,6,KT,100,49,49,2,0.5,10.5,2023,7,,7.0,0.0,3.0,23.0,1.0,23.0,26.0,1.0,26.0
2024-07-30,7,NC,98,47,49,2,0.49,11.5,2023,7,,4.0,0.0,6.0,26.0,0.0,21.0,21.0,2.0,28.0
2024-07-30,8,한화,97,42,53,2,0.442,16.0,2023,7,,4.0,0.0,6.0,23.0,2.0,27.0,19.0,0.0,26.0
2024-07-30,9,롯데,97,41,53,3,0.436,16.5,2023,7,,3.0,0.0,7.0,25.0,2.0,21.0,16.0,1.0,32.0
2024-07-30,10,키움,98,42,56,0,0.429,17.5,2023,7,,5.0,0.0,5.0,25.0,0.0,30.0,17.0,0.0,26.0
2024-07-31,1,KIA,102,60,40,2,0.6,0.0,2023,7,,5.0,0.0,5.0,26.0,1.0,22.0,34.0,1.0,18.0
2024-07-31,2,LG,100,54,44,2,0.551,5.0,2023,7,,8.0,0.0,2.0,27.0,1.0,20.0,27.0,1.0,24.0
2024-07-31,3,삼성,102,52,48,2,0.52,8.0,2023,7,,4.0,0.0,6.0,27.0,0.0,23.0,25.0,2.0,25.0
2024-07-31,4,SSG,100,51,48,1,0.515,8.5,2023,7,,6.0,0.0,4.0,27.0,1.0,23.0,24.0,0.0,25.0
2024-07-31,5,두산,105,53,50,2,0.515,8.5,2023,7,,4.0,0.0,6.0,30.0,1.0,22.0,23.0,1.0,28.0
2024-07-31,6,KT,101,49,50,2,0.495,10.5,2023,7,,6.0,0.0,4.0,23.0,1.0,24.0,26.0,1.0,26.0
2024-07-31,7,NC,99,48,49,2,0.495,10.5,2023,7,,4.0,0.0,6.0,26.0,0.0,21.0,22.0,2.0,28.0
2024-07-31,8,한화,98,43,53,2,0.448,15.0,2023,7,,5.0,0.0,5.0,23.0,2.0,27.0,20.0,0.0,26.0
2024-07-31,9,롯데,98,41,54,3,0.432,16.5,2023,7,,3.0,0.0,7.0,25.0,2.0,21.0,16.0,1.0,33.0
2024-07-31,10,키움,99,42,57,0,0.424,17.5,2023,7,,5.0,0.0,5.0,25.0,0.0,31.0,17.0,0.0,26.0
2024-08-01,1,KIA,103,60,41,2,0.594,0.0,2023,8,,4.0,0.0,6.0,26.0,1.0,23.0,34.0,1.0,18.0
2024-08-01,2,LG,101,54,45,2,0.545,5.0,2023,8,,7.0,0.0,3.0,27.0,1.0,21.0,27.0,1.0,24.0
2024-08-01,3,삼성,103,53,48,2,0.525,7.0,2023,8,,5.0,0.0,5.0,27.0,0.0,23.0,26.0,2.0,25.0
2024-08-01,4,두산,106,54,50,2,0.519,7.5,2023,8,,5.0,0.0,5.0,30.0,1.0,22.0,24.0,1.0,28.0
2024-08-01,5,SSG,101,51,49,1,0.51,8.5,2023,8,,6.0,0.0,4.0,27.0,1.0,24.0,24.0,0.0,25.0
2024-08-01,6,KT,102,49,51,2,0.49,10.5,2023,8,,5.0,0.0,5.0,23.0,1.0,25.0,26.0,1.0,26.0
2024-08-01,7,NC,100,48,50,2,0.49,10.5,2023,8,,4.0,0.0,6.0,26.0,0.0,21.0,22.0,2.0,29.0
2024-08-01,8,한화,99,44,53,2,0.454,14.0,2023,8,,6.0,0.0,4.0,23.0,2.0,27.0,21.0,0.0,26.0
2024-08-01,9,롯데,99,42,54,3,0.438,15.5,2023,8,,3.0,0.0,7.0,25.0,2.0,21.0,17.0,1.0,33.0
2024-08-01,10,키움,100,43,57,0,0.43,16.5,2023,8,,6.0,0.0,4.0,26.0,0.0,31.0,17.0,0.0,26.0
2024-08-02,1,KIA,104,60,42,2,0.588,0.0,2023,8,,3.0,0.0,7.0,26.0,1.0,23.0,34.0,1.0,19.0
2024-08-02,2,LG,101,54,45,2,0.545,4.5,2023,8,,7.0,0.0,3.0,27.0,1.0,21.0,27.0,1.0,24.0
2024-08-02,3,삼성,104,54,48,2,0.529,6.0,2023,8,,5.0,0.0,5.0,28.0,0.0,23.0,26.0,2.0,25.0
2024-08-02,4,두산,107,54,51,2,0.514,7.5,2023,8,,5.0,0.0,5.0,30.0,1.0,23.0,24.0,1.0,28.0
2024-08-02,5,SSG,102,51,50,1,0.505,8.5,2023,8,,5.0,0.0,5.0,27.0,1.0,24.0,24.0,0.0,26.0
2024-08-02,6,KT,103,50,51,2,0.495,9.5,2023,8,,5.0,0.0,5.0,23.0,1.0,25.0,27.0,1.0,26.0
2024-08-02,7,NC,101,48,51,2,0.485,10.5,2023,8,,3.0,0.0,7.0,26.0,0.0,22.0,22.0,2.0,29.0
2024-08-02,8,한화,100,45,53,2,0.459,13.0,2023,8,,7.0,0.0,3.0,24.0,2.0,27.0,21.0,0.0,26.0
2024-08-02,9,롯데,99,42,54,3,0.438,15.0,2023,8,,3.0,0.0,7.0,25.0,2.0,21.0,17.0,1.0,33.0
2024-08-02,10,키움,101,44,57,0,0.436,15.5,2023,8,,6.0,0.0,4.0,26.0,0.0,31.0,18.0,0.0,26.0
2024-08-03,1,KIA,105,61,42,2,0.592,0.0,2023,8,,3.0,0.0,7.0,26.0,1.0,23.0,35.0,1.0,19.0
2024-08-03,2,LG,102,54,46,2,0.54,5.5,2023,8,,6.0,0.0,4.0,27.0,1.0,21.0,27.0,1.0,25.0
2024-08-03,3,삼성,105,55,48,2,0.534,6.0,2023,8,,5.0,0.0,5.0,29.0,0.0,23.0,26.0,2.0,25.0
2024-08-03,4,두산,108,54,52,2,0.509,8.5,2023,8,,4.0,0.0,6.0,30.0,1.0,24.0,24.0,1.0,28.0
2024-08-03,5,SSG,103,51,51,1,0.5,9.5,2023,8,,5.0,0.0,5.0,27.0,1.0,24.0,24.0,0.0,27.0
2024-08-03,6,KT,103,50,51,2,0.495,10.0,2023,8,,5.0,0.0,5.0,23.0,1.0,25.0,27.0,1.0,26.0
2024-08-03,7,NC,101,48,51,2,0.485,11.0,2023,8,,3.0,0.0,7.0,26.0,0.0,22.0,22.0,2.0,29.0
2024-08-03,8,한화,101,45,54,2,0.455,14.0,2023,8,,7.0,0.0,3.0,24.0,2.0,28.0,21.0,0.0,26.0
2024-08-03,9,롯데,100,43,54,3,0.443,15.0,2023,8,,4.0,0.0,6.0,26.0,2.0,21.0,17.0,1.0,33.0
2024-08-03,10,키움,102,45,57,0,0.441,15.5,2023,8,,7.0,0.0,3.0,26.0,0.0,31.0,19.0,0.0,26.0
2024-08-04,1,KIA,105,61,42,2,0.592,0.0,2023,8,,3.0,0.0,7.0,26.0,1.0,23.0,35.0,1.0,19.0
2024-08-04,2,LG,102,54,46,2,0.54,5.5,2023,8,,6.0,0.0,4.0,27.0,1.0,21.0,27.0,1.0,25.0
2024-08-04,3,삼성,106,56,48,2,0.538,5.5,2023,8,,6.0,0.0,4.0,30.0,0.0,23.0,26.0,2.0,25.0
2024-08-04,4,두산,108,54,52,2,0.509,8.5,2023,8,,4.0,0.0,6.0,30.0,1.0,24.0,24.0,1.0,28.0
2024-08-04,5,SSG,104,51,52,1,0.495,10.0,2023,8,,5.0,0.0,5.0,27.0,1.0,24.0,24.0,0.0,28.0
2024-08-04,6,KT,104,50,52,2,0.49,10.5,2023,8,,5.0,0.0,5.0,23.0,1.0,25.0,27.0,1.0,27.0
2024-08-04,7,NC,102,49,51,2,0.49,10.5,2023,8,,4.0,0.0,6.0,27.0,0.0,22.0,22.0,2.0,29.0
2024-08-04,8,한화,101,45,54,2,0.455,14.0,2023,8,,7.0,0.0,3.0,24.0,2.0,28.0,21.0,0.0,26.0
2024-08-04,9,롯데,100,43,54,3,0.443,15.0,2023,8,,4.0,0.0,6.0,26.0,2.0,21.0,17.0,1.0,33.0
2024-08-04,10,키움,102,45,57,0,0.441,15.5,2023,8,,7.0,0.0,3.0,26.0,0.0,31.0,19.0,0.0,26.0
2024-08-06,1,KIA,106,62,42,2,0.596,0.0,2023,8,,3.0,0.0,7.0,27.0,1.0,23.0,35.0,1.0,19.0
2024-08-06,2,LG,103,54,47,2,0.535,6.5,2023,8,,5.0,0.0,5.0,27.0,1.0,21.0,27.0,1.0,26.0
2024-08-06,3,삼성,107,56,49,2,0.533,6.5,2023,8,,6.0,0.0,4.0,30.0,0.0,24.0,26.0,2.0,25.0
2024-08-06,4,두산,109,55,52,2,0.514,8.5,2023,8,,4.0,0.0,6.0,31.0,1.0,24.0,24.0,1.0,28.0
2024-08-06,5,SSG,105,52,52,1,0.5,10.0,2023,8,,6.0,0.0,4.0,27.0,1.0,24.0,25.0,0.0,28.0
2024-08-06,6,KT,105,50,53,2,0.485,11.5,2023,8,,4.0,0.0,6.0,23.0,1.0,25.0,27.0,1.0,28.0
2024-08-06,7,NC,103,49,52,2,0.485,11.5,2023,8,,4.0,0.0,6.0,27.0,0.0,22.0,22.0,2.0,30.0
2024-08-06,8,한화,102,46,54,2,0.46,14.0,2023,8,,8.0,0.0,2.0,24.0,2.0,28.0,22.0,0.0,26.0
2024-08-06,9,롯데,101,44,54,3,0.449,15.0,2023,8,,5.0,0.0,5.0,27.0,2.0,21.0,17.0,1.0,33.0
2024-08-06,10,키움,103,45,58,0,0.437,16.5,2023,8,,7.0,0.0,3.0,26.0,0.0,32.0,19.0,0.0,26.0
2024-08-07,1,KIA,107,62,43,2,0.59,0.0,2023,8,,3.0,0.0,7.0,27.0,1.0,24.0,35.0,1.0,19.0
2024-08-07,2,삼성,108,57,49,2,0.538,5.5,2023,8,,7.0,0.0,3.0,31.0,0.0,24.0,26.0,2.0,25.0
2024-08-07,3,LG,104,54,48,2,0.529,6.5,2023,8,,4.0,0.0,6.0,27.0,1.0,21.0,27.0,1.0,27.0
2024-08-07,4,두산,110,56,52,2,0.519,7.5,2023,8,,5.0,0.0,5.0,32.0,1.0,24.0,24.0,1.0,28.0
2024-08-07,5,SSG,106,53,52,1,0.505,9.0,2023,8,,6.0,0.0,4.0,27.0,1.0,24.0,26.0,0.0,28.0
2024-08-07,6,KT,106,51,53,2,0.49,10.5,2023,8,,4.0,0.0,6.0,23.0,1.0,25.0,28.0,1.0,28.0
2024-08-07,7,NC,104,49,53,2,0.48,11.5,2023,8,,3.0,0.0,7.0,27.0,0.0,22.0,22.0,2.0,31.0
2024-08-07,8,한화,103,46,55,2,0.455,14.0,2023,8,,8.0,0.0,2.0,24.0,2.0,28.0,22.0,0.0,27.0
2024-08-07,9,롯데,102,45,54,3,0.455,14.0,2023,8,,6.0,0.0,4.0,28.0,2.0,21.0,17.0,1.0,33.0
2024-08-07,10,키움,104,45,59,0,0.433,16.5,2023,8,,6.0,0.0,4.0,26.0,0.0,33.0,19.0,0.0,26.0
2024-08-08,1,KIA,108,62,44,2,0.585,0.0,2023,8,,3.0,0.0,7.0,27.0,1.0,25.0,35.0,1.0,19.0
2024-08-08,2,LG,105,55,48,2,0.534,5.5,2023,8,,4.0,0.0,6.0,27.0,1.0,21.0,28.0,1.0,27.0
2024-08-08,3,삼성,109,57,50,2,0.533,5.5,2023,8,,6.0,0.0,4.0,31.0,0.0,25.0,26.0,2.0,25.0
2024-08-08,4,두산,111,56,53,2,0.514,7.5,2023,8,,5.0,0.0,5.0,32.0,1.0,25.0,24.0,1.0,28.0
2024-08-08,5,SSG,107,53,53,1,0.5,9.0,2023,8,,5.0,0.0,5.0,27.0,1.0,24.0,26.0,0.0,29.0
2024-08-08,6,KT,107,52,53,2,0.495,9.5,2023,8,,4.0,0.0,6.0,23.0,1.0,25.0,29.0,1.0,28.0
2024-08-08,7,NC,104,49,53,2,0.48,11.0,2023,8,,3.0,0.0,7.0,27.0,0.0,22.0,22.0,2.0,31.0
2024-08-08,8,한화,104,47,55,2,0.461,13.0,2023,8,,8.0,0.0,2.0,24.0,2.0,28.0,23.0,0.0,27.0
2024-08-08,9,롯데,102,45,54,3,0.455,13.5,2023,8,,6.0,0.0,4.0,28.0,2.0,21.0,17.0,1.0,33.0
2024-08-08,10,키움,105,46,59,0,0.438,15.5,2023,8,,6.0,0.0,4.0,27.0,0.0,33.0,19.0,0.0,26.0
2024-08-09,1,KIA,109,63,44,2,0.589,0.0,2023,8,,4.0,0.0,6.0,28.0,1.0,25.0,35.0,1.0,19.0
2024-08-09,2,LG,106,56,48,2,0.538,5.5,2023,8,,4.0,0.0,6.0,28.0,1.0,21.0,28.0,1.0,27.0
2024-08-09,3,삼성,110,57,51,2,0.528,6.5,2023,8,,6.0,0.0,4.0,31.0,0.0,25.0,26.0,2.0,26.0
2024-08-09,4,두산,112,57,53,2,0.518,7.5,2023,8,,6.0,0.0,4.0,32.0,1.0,25.0,25.0,1.0,28.0
2024-08-09,5,KT,108,53,53,2,0.5,9.5,2023,8,,5.0,0.0,5.0,24.0,1.0,25.0,29.0,1.0,28.0
2024-08-09,6,SSG,108,53,54,1,0.495,10.0,2023,8,,4.0,0.0,6.0,27.0,1.0,25.0,26.0,0.0,29.0
2024-08-09,7,NC,105,49,54,2,0.476,12.0,2023,8,,2.0,0.0,8.0,27.0,0.0,22.0,22.0,2.0,32.0
2024-08-09,8,한화,105,48,55,2,0.466,13.0,2023,8,,8.0,0.0,2.0,25.0,2.0,28.0,23.0,0.0,27.0
2024-08-09,9,롯데,103,45,55,3,0.45,14.5,2023,8,,6.0,0.0,4.0,28.0,2.0,21.0,17.0,1.0,34.0
2024-08-09,10,키움,106,46,60,0,0.434,16.5,2023,8,,5.0,0.0,5.0,27.0,0.0,33.0,19.0,0.0,27.0
2024-08-10,1,KIA,109,63,44,2,0.589,0.0,2023,8,,4.0,0.0,6.0,28.0,1.0,25.0,35.0,1.0,19.0
2024-08-10,2,LG,107,57,48,2,0.543,5.0,2023,8,,4.0,0.0,6.0,29.0,1.0,21.0,28.0,1.0,27.0
2024-08-10,3,삼성,110,57,51,2,0.528,6.5,2023,8,,6.0,0.0,4.0,31.0,0.0,25.0,26.0,2.0,26.0
2024-08-10,4,두산,113,58,53,2,0.523,7.0,2023,8,,7.0,0.0,3.0,32.0,1.0,25.0,26.0,1.0,28.0
2024-08-10,5,KT,109,53,54,2,0.495,10.0,2023,8,,4.0,0.0,6.0,24.0,1.0,26.0,29.0,1.0,28.0
2024-08-10,6,SSG,109,53,55,1,0.491,10.5,2023,8,,3.0,0.0,7.0,27.0,1.0,26.0,26.0,0.0,29.0
2024-08-10,7,NC,106,49,55,2,0.471,12.5,2023,8,,2.0,0.0,8.0,27.0,0.0,22.0,22.0,2.0,33.0
2024-08-10,8,한화,106,48,56,2,0.462,13.5,2023,8,,7.0,0.0,3.0,25.0,2.0,29.0,23.0,0.0,27.0
2024-08-10,9,롯데,104,46,55,3,0.455,14.0,2023,8,,7.0,0.0,3.0,28.0,2.0,21.0,18.0,1.0,34.0
2024-08-10,10,키움,107,47,60,0,0.439,16.0,2023,8,,6.0,0.0,4.0,27.0,0.0,33.0,20.0,0.0,27.0
2024-08-11,1,KIA,110,63,45,2,0.583,0.0,2023,8,,3.0,0.0,7.0,28.0,1.0,26.0,35.0,1.0,19.0
2024-08-11,2,LG,108,58,48,2,0.547,4.0,2023,8,,5.0,0.0,5.0,30.0,1.0,21.0,28.0,1.0,27.0
2024-08-11,3,삼성,111,58,51,2,0.532,5.5,2023,8,,6.0,0.0,4.0,31.0,0.0,25.0,27.0,2.0,26.0
2024-08-11,4,두산,114,58,54,2,0.518,7.0,2023,8,,6.0,0.0,4.0,32.0,1.0,25.0,26.0,1.0,29.0
2024-08-11,5,SSG,110,54,55,1,0.495,9.5,2023,8,,3.0,0.0,7.0,28.0,1.0,26.0,26.0,0.0,29.0
2024-08-11,6,KT,110,53,55,2,0.491,10.0,2023,8,,4.0,0.0,6.0,24.0,1.0,27.0,29.0,1.0,28.0
2024-08-11,7,NC,107,49,56,2,0.467,12.5,2023,8,,2.0,0.0,8.0,27.0,0.0,22.0,22.0,2.0,34.0
2024-08-11,8,롯데,105,47,55,3,0.461,13.0,2023,8,,7.0,0.0,3.0,28.0,2.0,21.0,19.0,1.0,34.0
2024-08-11,9,한화,107,48,57,2,0.457,13.5,2023,8,,6.0,0.0,4.0,25.0,2.0,30.0,23.0,0.0,27.0
2024-08-11,10,키움,108,48,60,0,0.444,15.0,2023,8,,6.0,0.0,4.0,27.0,0.0,33.0,21.0,0.0,27.0
2024-08-13,1,KIA,111,64,45,2,0.587,0.0,2023,8,,4.0,0.0,6.0,28.0,1.0,26.0,36.0,1.0,19.0
2024-08-13,2,LG,109,59,48,2,0.551,4.0,2023,8,,6.0,0.0,4.0,30.0,1.0,21.0,29.0,1.0,27.0
2024-08-13,3,삼성,112,59,51,2,0.536,5.5,2023,8,,7.0,0.0,3.0,32.0,0.0,25.0,27.0,2.0,26.0
2024-08-13,4,두산,114,58,54,2,0.518,7.5,2023,8,,6.0,0.0,4.0,32.0,1.0,25.0,26.0,1.0,29.0
2024-08-13,5,SSG,111,55,55,1,0.5,9.5,2023,8,,4.0,0.0,6.0,28.0,1.0,26.0,27.0,0.0,29.0
2024-08-13,6,KT,111,53,56,2,0.486,11.0,2023,8,,4.0,0.0,6.0,24.0,1.0,27.0,29.0,1.0,29.0
2024-08-13,7,NC,108,49,57,2,0.462,13.5,2023,8,,2.0,0.0,8.0,27.0,0.0,23.0,22.0,2.0,34.0
2024-08-13,8,롯데,105,47,55,3,0.461,13.5,2023,8,,7.0,0.0,3.0,28.0,2.0,21.0,19.0,1.0,34.0
2024-08-13,9,한화,108,48,58,2,0.453,14.5,2023,8,,5.0,0.0,5.0,25.0,2.0,31.0,23.0,0.0,27.0
2024-08-13,10,키움,109,48,61,0,0.44,16.0,2023,8,,6.0,0.0,4.0,27.0,0.0,34.0,21.0,0.0,27.0
2024-08-14,1,KIA,112,64,46,2,0.582,0.0,2023,8,,4.0,0.0,6.0,28.0,1.0,26.0,36.0,1.0,20.0
2024-08-14,2,LG,110,59,49,2,0.546,4.0,2023,8,,5.0,0.0,5.0,30.0,1.0,21.0,29.0,1.0,28.0
2024-08-14,3,삼성,113,60,51,2,0.541,4.5,2023,8,,7.0,0.0,3.0,33.0,0.0,25.0,27.0,2.0,26.0
2024-08-14,4,두산,115,58,55,2,0.513,7.5,2023,8,,5.0,0.0,5.0,32.0,1.0,26.0,26.0,1.0,29.0
2024-08-14,5,SSG,111,55,55,1,0.5,9.0,2023,8,,4.0,0.0,6.0,28.0,1.0,26.0,27.0,0.0,29.0
2024-08-14,6,KT,112,53,57,2,0.482,11.0,2023,8,,4.0,0.0,6.0,24.0,1.0,27.0,29.0,1.0,30.0
2024-08-14,7,롯데,106,48,55,3,0.466,12.5,2023,8,,7.0,0.0,3.0,28.0,2.0,21.0,20.0,1.0,34.0
2024-08-14,8,NC,108,49,57,2,0.462,13.0,2023,8,,2.0,0.0,8.0,27.0,0.0,23.0,22.0,2.0,34.0
2024-08-14,9,한화,109,49,58,2,0.458,13.5,2023,8,,5.0,0.0,5.0,26.0,2.0,31.0,23.0,0.0,27.0
2024-08-14,10,키움,110,49,61,0,0.445,15.0,2023,8,,6.0,0.0,4.0,28.0,0.0,34.0,21.0,0.0,27.0
2024-08-15,1,KIA,113,65,46,2,0.586,0.0,2023,8,,5.0,0.0,5.0,28.0,1.0,26.0,37.0,1.0,20.0
2024-08-15,2,LG,111,60,49,2,0.55,4.0,2023,8,,6.0,0.0,4.0,30.0,1.0,21.0,30.0,1.0,28.0
2024-08-15,3,삼성,114,60,52,2,0.536,5.5,2023,8,,6.0,0.0,4.0,33.0,0.0,26.0,27.0,2.0,26.0
2024-08-15,4,두산,116,59,55,2,0.518,7.5,2023,8,,5.0,0.0,5.0,33.0,1.0,26.0,26.0,1.0,29.0
2024-08-15,5,SSG,112,56,55,1,0.505,9.0,2023,8,,5.0,0.0,5.0,28.0,1.0,26.0,28.0,0.0,29.0
2024-08-15,6,KT,113,54,57,2,0.486,11.0,2023,8,,4.0,0.0,6.0,24.0,1.0,27.0,30.0,1.0,30.0
2024-08-15,7,롯데,107,48,56,3,0.462,13.5,2023,8,,7.0,0.0,3.0,28.0,2.0,21.0,20.0,1.0,35.0
2024-08-15,8,NC,109,49,58,2,0.458,14.0,2023,8,,1.0,0.0,9.0,27.0,0.0,24.0,22.0,2.0,34.0
2024-08-15,9,한화,110,49,59,2,0.454,14.5,2023,8,,4.0,0.0,6.0,26.0,2.0,32.0,23.0,0.0,27.0
2024-08-15,10,키움,111,49,62,0,0.441,16.0,2023,8,,5.0,0.0,5.0,28.0,0.0,35.0,21.0,0.0,27.0
2024-08-16,1,KIA,114,66,46,2,0.589,0.0,2023,8,,6.0,0.0,4.0,28.0,1.0,26.0,38.0,1.0,20.0
2024-08-16,2,LG,112,60,50,2,0.545,5.0,2023,8,,6.0,0.0,4.0,30.0,1.0,22.0,30.0,1.0,28.0
2024-08-16,3,삼성,115,61,52,2,0.54,5.5,2023,8,,6.0,0.0,4.0,33.0,0.0,26.0,28.0,2.0,26.0
2024-08-16,4,두산,117,60,55,2,0.522,7.5,2023,8,,6.0,0.0,4.0,33.0,1.0,26.0,27.0,1.0,29.0
2024-08-16,5,SSG,113,56,56,1,0.5,10.0,2023,8,,5.0,0.0,5.0,28.0,1.0,27.0,28.0,0.0,29.0
2024-08-16,6,KT,114,54,58,2,0.482,12.0,2023,8,,4.0,0.0,6.0,24.0,1.0,28.0,30.0,1.0,30.0
2024-08-16,7,롯데,108,49,56,3,0.467,13.5,2023,8,,8.0,0.0,2.0,29.0,2.0,21.0,20.0,1.0,35.0
2024-08-16,8,한화,111,50,59,2,0.459,14.5,2023,8,,5.0,0.0,5.0,26.0,2.0,32.0,24.0,0.0,27.0
2024-08-16,9,NC,110,49,59,2,0.454,15.0,2023,8,,1.0,0.0,9.0,27.0,0.0,25.0,22.0,2.0,34.0
2024-08-16,10,키움,112,49,63,0,0.438,17.0,2023,8,,4.0,0.0,6.0,28.0,0.0,35.0,21.0,0.0,28.0
2024-08-17,1,KIA,115,67,46,2,0.593,0.0,2023,8,,6.0,0.0,4.0,28.0,1.0,26.0,39.0,1.0,20.0
2024-08-17,2,삼성,116,62,52,2,0.544,5.5,2023,8,,6.0,0.0,4.0,33.0,0.0,26.0,29.0,2.0,26.0
2024-08-17,3,LG,113,60,51,2,0.541,6.0,2023,8,,6.0,0.0,4.0,30.0,1.0,23.0,30.0,1.0,28.0
2024-08-17,4,두산,118,61,55,2,0.526,7.5,2023,8,,7.0,0.0,3.0,33.0,1.0,26.0,28.0,1.0,29.0
2024-08-17,5,SSG,114,56,57,1,0.496,11.0,2023,8,,5.0,0.0,5.0,28.0,1.0,28.0,28.0,0.0,29.0
2024-08-17,6,KT,115,54,59,2,0.478,13.0,2023,8,,4.0,0.0,6.0,24.0,1.0,29.0,30.0,1.0,30.0
2024-08-17,7,한화,112,51,59,2,0.464,14.5,2023,8,,5.0,0.0,5.0,26.0,2.0,32.0,25.0,0.0,27.0
2024-08-17,8,롯데,109,49,57,3,0.462,14.5,2023,8,,7.0,0.0,3.0,29.0,2.0,22.0,20.0,1.0,35.0
2024-08-17,9,NC,111,49,60,2,0.45,16.0,2023,8,,1.0,0.0,9.0,27.0,0.0,26.0,22.0,2.0,34.0
2024-08-17,10,키움,113,50,63,0,0.442,17.0,2023,8,,5.0,0.0,5.0,28.0,0.0,35.0,22.0,0.0,28.0
2024-08-18,1,KIA,116,68,46,2,0.596,0.0,2023,8,,6.0,0.0,4.0,28.0,1.0,26.0,40.0,1.0,20.0
2024-08-18,2,삼성,117,63,52,2,0.548,5.5,2023,8,,7.0,0.0,3.0,33.0,0.0,26.0,30.0,2.0,26.0
2024-08-18,3,LG,114,60,52,2,0.536,7.0,2023,8,,6.0,0.0,4.0,30.0,1.0,24.0,30.0,1.0,28.0
2024-08-18,4,두산,119,61,56,2,0.521,8.5,2023,8,,6.0,0.0,4.0,33.0,1.0,26.0,28.0,1.0,30.0
2024-08-18,5,SSG,115,56,58,1,0.491,12.0,2023,8,,4.0,0.0,6.0,28.0,1.0,29.0,28.0,0.0,29.0
2024-08-18,6,KT,116,55,59,2,0.482,13.0,2023,8,,4.0,0.0,6.0,25.0,1.0,29.0,30.0,1.0,30.0
2024-08-18,7,한화,113,52,59,2,0.468,14.5,2023,8,,6.0,0.0,4.0,26.0,2.0,32.0,26.0,0.0,27.0
2024-08-18,8,롯데,110,50,57,3,0.467,14.5,2023,8,,7.0,0.0,3.0,30.0,2.0,22.0,20.0,1.0,35.0
2024-08-18,9,NC,112,49,61,2,0.445,17.0,2023,8,,0.0,0.0,10.0,27.0,0.0,27.0,22.0,2.0,34.0
2024-08-18,10,키움,114,50,64,0,0.439,18.0,2023,8,,5.0,0.0,5.0,28.0,0.0,35.0,22.0,0.0,29.0
2024-08-20,1,KIA,116,68,46,2,0.596,0.0,2023,8,,6.0,0.0,4.0,28.0,1.0,26.0,40.0,1.0,20.0
2024-08-20,2,삼성,118,64,52,2,0.552,5.0,2023,8,,7.0,0.0,3.0,34.0,0.0,26.0,30.0,2.0,26.0
2024-08-20,3,LG,115,61,52,2,0.54,6.5,2023,8,,6.0,0.0,4.0,31.0,1.0,24.0,30.0,1.0,28.0
2024-08-20,4,두산,120,61,57,2,0.517,9.0,2023,8,,5.0,0.0,5.0,33.0,1.0,26.0,28.0,1.0,31.0
2024-08-20,5,SSG,116,56,59,1,0.487,12.5,2023,8,,3.0,0.0,7.0,28.0,1.0,29.0,28.0,0.0,30.0
2024-08-20,6,KT,117,55,60,2,0.478,13.5,2023,8,,3.0,0.0,7.0,25.0,1.0,30.0,30.0,1.0,30.0
2024-08-20,7,한화,114,53,59,2,0.473,14.0,2023,8,,6.0,0.0,4.0,27.0,2.0,32.0,26.0,0.0,27.0
2024-08-20,8,롯데,110,50,57,3,0.467,14.5,2023,8,,7.0,0.0,3.0,30.0,2.0,22.0,20.0,1.0,35.0
2024-08-20,9,키움,115,51,64,0,0.443,17.5,2023,8,,5.0,0.0,5.0,28.0,0.0,35.0,23.0,0.0,29.0
2024-08-20,10,NC,113,49,62,2,0.441,17.5,2023,8,,0.0,0.0,10.0,27.0,0.0,27.0,22.0,2.0,35.0
2024-08-21,1,KIA,117,69,46,2,0.6,0.0,2023,8,,7.0,0.0,3.0,29.0,1.0,26.0,40.0,1.0,20.0
2024-08-21,2,삼성,119,64,53,2,0.547,6.0,2023,8,,7.0,0.0,3.0,34.0,0.0,27.0,30.0,2.0,26.0
2024-08-21,3,LG,116,61,53,2,0.535,7.5,2023,8,,5.0,0.0,5.0,31.0,1.0,25.0,30.0,1.0,28.0
2024-08-21,4,두산,121,62,57,2,0.521,9.0,2023,8,,6.0,0.0,4.0,33.0,1.0,26.0,29.0,1.0,31.0
2024-08-21,5,SSG,117,57,59,1,0.491,12.5,2023,8,,4.0,0.0,6.0,28.0,1.0,29.0,29.0,0.0,30.0
2024-08-21,6,KT,118,56,60,2,0.483,13.5,2023,8,,3.0,0.0,7.0,26.0,1.0,30.0,30.0,1.0,30.0
2024-08-21,7,한화,115,53,60,2,0.469,15.0,2023,8,,5.0,0.0,5.0,27.0,2.0,33.0,26.0,0.0,27.0
2024-08-21,8,롯데,111,50,58,3,0.463,15.5,2023,8,,6.0,0.0,4.0,30.0,2.0,22.0,20.0,1.0,36.0
2024-08-21,9,NC,114,50,62,2,0.446,17.5,2023,8,,1.0,0.0,9.0,27.0,0.0,27.0,23.0,2.0,35.0
2024-08-21,10,키움,116,51,65,0,0.44,18.5,2023,8,,5.0,0.0,5.0,28.0,0.0,35.0,23.0,0.0,30.0
2024-08-22,1,KIA,118,70,46,2,0.603,0.0,2023,8,,8.0,0.0,2.0,30.0,1.0,26.0,40.0,1.0,20.0
2024-08-22,2,삼성,119,64,53,2,0.547,6.5,2023,8,,7.0,0.0,3.0,34.0,0.0,27.0,30.0,2.0,26.0
2024-08-22,3,LG,117,62,53,2,0.539,7.5,2023,8,,5.0,0.0,5.0,32.0,1.0,25.0,30.0,1.0,28.0
2024-08-22,4,두산,121,62,57,2,0.521,9.5,2023,8,,6.0,0.0,4.0,33.0,1.0,26.0,29.0,1.0,31.0
2024-08-22,5,KT,119,57,60,2,0.487,13.5,2023,8,,4.0,0.0,6.0,27.0,1.0,30.0,30.0,1.0,30.0
2024-08-22,5,SSG,118,57,60,1,0.487,13.5,2023,8,,4.0,0.0,6.0,28.0,1.0,29.0,29.0,0.0,31.0
2024-08-22,7,한화,115,53,60,2,0.469,15.5,2023,8,,5.0,0.0,5.0,27.0,2.0,33.0,26.0,0.0,27.0
2024-08-22,8,롯데,112,50,59,3,0.459,16.5,2023,8,,5.0,0.0,5.0,30.0,2.0,22.0,20.0,1.0,37.0
2024-08-22,9,NC,114,50,62,2,0.446,18.0,2023,8,,1.0,0.0,9.0,27.0,0.0,27.0,23.0,2.0,35.0
2024-08-22,10,키움,117,51,66,0,0.436,19.5,2023,8,,4.0,0.0,6.0,28.0,0.0,35.0,23.0,0.0,31.0
2024-08-23,1,KIA,119,70,47,2,0.598,0.0,2023,8,,7.0,0.0,3.0,30.0,1.0,26.0,40.0,1.0,21.0
2024-08-23,2,삼성,120,65,53,2,0.551,5.5,2023,8,,8.0,0.0,2.0,35.0,0.0,27.0,30.0,2.0,26.0
2024-08-23,3,LG,118,62,54,2,0.534,7.5,2023,8,,4.0,0.0,6.0,32.0,1.0,25.0,30.0,1.0,29.0
2024-08-23,4,두산,122,62,58,2,0.517,9.5,2023,8,,5.0,0.0,5.0,33.0,1.0,27.0,29.0,1.0,31.0
2024-08-23,5,KT,120,58,60,2,0.492,12.5,2023,8,,5.0,0.0,5.0,27.0,1.0,30.0,31.0,1.0,30.0
2024-08-23,6,SSG,119,57,61,1,0.483,13.5,2023,8,,4.0,0.0,6.0,28.0,1.0,30.0,29.0,0.0,31.0
2024-08-23,7,한화,116,54,60,2,0.474,14.5,2023,8,,6.0,0.0,4.0,27.0,2.0,33.0,27.0,0.0,27.0
2024-08-23,8,롯데,113,50,60,3,0.455,16.5,2023,8,,5.0,0.0,5.0,30.0,2.0,22.0,20.0,1.0,38.0
2024-08-23,9,NC,115,51,62,2,0.451,17.0,2023,8,,2.0,0.0,8.0,28.0,0.0,27.0,23.0,2.0,35.0
2024-08-23,10,키움,118,52,66,0,0.441,18.5,2023,8,,4.0,0.0,6.0,29.0,0.0,35.0,23.0,0.0,31.0
2024-08-24,1,KIA,120,71,47,2,0.602,0.0,2023,8,,8.0,0.0,2.0,30.0,1.0,26.0,41.0,1.0,21.0
2024-08-24,2,삼성,121,65,54,2,0.546,6.5,2023,8,,7.0,0.0,3.0,35.0,0.0,28.0,30.0,2.0,26.0
2024-08-24,3,LG,119,63,54,2,0.538,7.5,2023,8,,4.0,0.0,6.0,32.0,1.0,25.0,31.0,1.0,29.0
2024-08-24,4,두산,123,62,59,2,0.512,10.5,2023,8,,4.0,0.0,6.0,33.0,1.0,28.0,29.0,1.0,31.0
2024-08-24,5,KT,121,59,60,2,0.496,12.5,2023,8,,6.0,0.0,4.0,27.0,1.0,30.0,32.0,1.0,30.0
2024-08-24,6,SSG,120,57,62,1,0.479,14.5,2023,8,,3.0,0.0,7.0,28.0,1.0,31.0,29.0,0.0,31.0
2024-08-24,7,한화,117,55,60,2,0.478,14.5,2023,8,,7.0,0.0,3.0,27.0,2.0,33.0,28.0,0.0,27.0
2024-08-24,8,롯데,114,51,60,3,0.459,16.5,2023,8,,5.0,0.0,5.0,30.0,2.0,22.0,21.0,1.0,38.0
2024-08-24,9,NC,116,51,63,2,0.447,18.0,2023,8,,2.0,0.0,8.0,28.0,0.0,28.0,23.0,2.0,35.0
2024-08-24,10,키움,119,52,67,0,0.437,19.5,2023,8,,4.0,0.0,6.0,29.0,0.0,36.0,23.0,0.0,31.0
2024-08-25,1,KIA,121,71,48,2,0.597,0.0,2023,8,,7.0,0.0,3.0,30.0,1.0,26.0,41.0,1.0,22.0
2024-08-25,2,삼성,122,66,54,2,0.55,5.5,2023,8,,7.0,0.0,3.0,36.0,0.0,28.0,30.0,2.0,26.0
2024-08-25,3,LG,120,63,55,2,0.534,7.5,2023,8,,4.0,0.0,6.0,32.0,1.0,25.0,31.0,1.0,30.0
2024-08-25,4,두산,124,62,60,2,0.508,10.5,2023,8,,4.0,0.0,6.0,33.0,1.0,29.0,29.0,1.0,31.0
2024-08-25,5,KT,122,59,61,2,0.492,12.5,2023,8,,6.0,0.0,4.0,27.0,1.0,30.0,32.0,1.0,31.0
2024-08-25,6,SSG,121,58,62,1,0.483,13.5,2023,8,,3.0,0.0,7.0,29.0,1.0,31.0,29.0,0.0,31.0
2024-08-25,7,한화,118,56,60,2,0.483,13.5,2023,8,,8.0,0.0,2.0,27.0,2.0,33.0,29.0,0.0,27.0
2024-08-25,8,롯데,115,51,61,3,0.455,16.5,2023,8,,4.0,0.0,6.0,30.0,2.0,22.0,21.0,1.0,39.0
2024-08-25,9,NC,117,52,63,2,0.452,17.0,2023,8,,3.0,0.0,7.0,29.0,0.0,28.0,23.0,2.0,35.0
2024-08-25,10,키움,120,53,67,0,0.442,18.5,2023,8,,4.0,0.0,6.0,30.0,0.0,36.0,23.0,0.0,31.0
2024-08-27,1,KIA,122,72,48,2,0.6,0.0,2023,8,,8.0,0.0,2.0,31.0,1.0,26.0,41.0,1.0,22.0
2024-08-27,2,삼성,123,67,54,2,0.554,5.5,2023,8,,7.0,0.0,3.0,36.0,0.0,28.0,31.0,2.0,26.0
2024-08-27,3,LG,121,64,55,2,0.538,7.5,2023,8,,4.0,0.0,6.0,33.0,1.0,25.0,31.0,1.0,30.0
2024-08-27,4,두산,125,63,60,2,0.512,10.5,2023,8,,5.0,0.0,5.0,33.0,1.0,29.0,30.0,1.0,31.0
2024-08-27,5,KT,123,59,62,2,0.488,13.5,2023,8,,5.0,0.0,5.0,27.0,1.0,30.0,32.0,1.0,32.0
2024-08-27,6,SSG,122,58,63,1,0.479,14.5,2023,8,,2.0,0.0,8.0,29.0,1.0,31.0,29.0,0.0,32.0
2024-08-27,7,한화,119,56,61,2,0.479,14.5,2023,8,,7.0,0.0,3.0,27.0,2.0,33.0,29.0,0.0,28.0
2024-08-27,8,롯데,116,52,61,3,0.46,16.5,2023,8,,4.0,0.0,6.0,31.0,2.0,22.0,21.0,1.0,39.0
2024-08-27,9,NC,118,52,64,2,0.448,18.0,2023,8,,3.0,0.0,7.0,29.0,0.0,29.0,23.0,2.0,35.0
2024-08-27,10,키움,121,53,68,0,0.438,19.5,2023,8,,4.0,0.0,6.0,30.0,0.0,37.0,23.0,0.0,31.0
2024-08-28,1,KIA,123,73,48,2,0.603,0.0,2023,8,,8.0,0.0,2.0,32.0,1.0,26.0,41.0,1.0,22.0
2024-08-28,2,삼성,124,68,54,2,0.557,5.5,2023,8,,8.0,0.0,2.0,36.0,0.0,28.0,32.0,2.0,26.0
2024-08-28,3,LG,122,64,56,2,0.533,8.5,2023,8,,4.0,0.0,6.0,33.0,1.0,26.0,31.0,1.0,30.0
2024-08-28,4,두산,126,64,60,2,0.516,10.5,2023,8,,5.0,0.0,5.0,33.0,1.0,29.0,31.0,1.0,31.0
2024-08-28,5,KT,124,60,62,2,0.492,13.5,2023,8,,6.0,0.0,4.0,27.0,1.0,30.0,33.0,1.0,32.0
2024-08-28,6,한화,120,57,61,2,0.483,14.5,2023,8,,8.0,0.0,2.0,27.0,2.0,33.0,30.0,0.0,28.0
2024-08-28,7,SSG,123,58,64,1,0.475,15.5,2023,8,,2.0,0.0,8.0,29.0,1.0,31.0,29.0,0.0,33.0
2024-08-28,8,롯데,117,52,62,3,0.456,17.5,2023,8,,4.0,0.0,6.0,31.0,2.0,23.0,21.0,1.0,39.0
2024-08-28,9,NC,119,52,65,2,0.444,19.0,2023,8,,3.0,0.0,7.0,29.0,0.0,30.0,23.0,2.0,35.0
2024-08-28,10,키움,122,53,69,0,0.434,20.5,2023,8,,4.0,0.0,6.0,30.0,0.0,38.0,23.0,0.0,31.0
2024-08-29,1,KIA,124,73,49,2,0.598,0.0,2023,8,,7.0,0.0,3.0,32.0,1.0,27.0,41.0,1.0,22.0
2024-08-29,2,삼성,125,69,54,2,0.561,4.5,2023,8,,8.0,0.0,2.0,36.0,0.0,28.0,33.0,2.0,26.0
2024-08-29,3,LG,123,64,57,2,0.529,8.5,2023,8,,4.0,0.0,6.0,33.0,1.0,27.0,31.0,1.0,30.0
2024-08-29,4,두산,127,64,61,2,0.512,10.5,2023,8,,4.0,0.0,6.0,33.0,1.0,29.0,31.0,1.0,32.0
2024-08-29,5,KT,125,61,62,2,0.496,12.5,2023,8,,7.0,0.0,3.0,27.0,1.0,30.0,34.0,1.0,32.0
2024-08-29,6,SSG,124,59,64,1,0.48,14.5,2023,8,,3.0,0.0,7.0,29.0,1.0,31.0,30.0,0.0,33.0
2024-08-29,7,한화,121,57,62,2,0.479,14.5,2023,8,,7.0,0.0,3.0,27.0,2.0,33.0,30.0,0.0,29.0
2024-08-29,8,롯데,118,53,62,3,0.461,16.5,2023,8,,4.0,0.0,6.0,32.0,2.0,23.0,21.0,1.0,39.0
2024-08-29,9,NC,120,53,65,2,0.449,18.0,2023,8,,4.0,0.0,6.0,30.0,0.0,30.0,23.0,2.0,35.0
2024-08-29,10,키움,123,53,70,0,0.431,20.5,2023,8,,3.0,0.0,7.0,30.0,0.0,39.0,23.0,0.0,31.0
2024-08-30,1,KIA,124,73,49,2,0.598,0.0,2023,8,,7.0,0.0,3.0,32.0,1.0,27.0,41.0,1.0,22.0
2024-08-30,2,삼성,125,69,54,2,0.561,4.5,2023,8,,8.0,0.0,2.0,36.0,0.0,28.0,33.0,2.0,26.0
2024-08-30,3,LG,124,65,57,2,0.533,8.0,2023,8,,5.0,0.0,5.0,33.0,1.0,27.0,32.0,1.0,30.0
2024-08-30,4,두산,127,64,61,2,0.512,10.5,2023,8,,4.0,0.0,6.0,33.0,1.0,29.0,31.0,1.0,32.0
2024-08-30,5,KT,126,61,63,2,0.492,13.0,2023,8,,6.0,0.0,4.0,27.0,1.0,31.0,34.0,1.0,32.0
2024-08-30,6,SSG,124,59,64,1,0.48,14.5,2023,8,,3.0,0.0,7.0,29.0,1.0,31.0,30.0,0.0,33.0
2024-08-30,7,한화,121,57,62,2,0.479,14.5,2023,8,,7.0,0.0,3.0,27.0,2.0,33.0,30.0,0.0,29.0
2024-08-30,8,롯데,119,54,62,3,0.466,16.0,2023,8,,5.0,0.0,5.0,32.0,2.0,23.0,22.0,1.0,39.0
2024-08-30,9,NC,120,53,65,2,0.449,18.0,2023,8,,4.0,0.0,6.0,30.0,0.0,30.0,23.0,2.0,35.0
2024-08-30,10,키움,124,53,71,0,0.427,21.0,2023,8,,3.0,0.0,7.0,30.0,0.0,40.0,23.0,0.0,31.0
2024-08-31,1,KIA,125,74,49,2,0.602,0.0,2023,8,,7.0,0.0,3.0,32.0,1.0,27.0,42.0,1.0,22.0
2024-08-31,2,삼성,126,69,55,2,0.556,5.5,2023,8,,7.0,0.0,3.0,36.0,0.0,29.0,33.0,2.0,26.0
2024-08-31,3,LG,124,65,57,2,0.533,8.5,2023,8,,5.0,0.0,5.0,33.0,1.0,27.0,32.0,1.0,30.0
2024-08-31,4,두산,128,64,62,2,0.508,11.5,2023,8,,3.0,0.0,7.0,33.0,1.0,30.0,31.0,1.0,32.0
2024-08-31,5,KT,127,62,63,2,0.496,13.0,2023,8,,7.0,0.0,3.0,27.0,1.0,31.0,35.0,1.0,32.0
2024-08-31,6,SSG,125,59,65,1,0.476,15.5,2023,8,,3.0,0.0,7.0,29.0,1.0,32.0,30.0,0.0,33.0
2024-08-31,7,한화,122,57,63,2,0.475,15.5,2023,8,,6.0,0.0,4.0,27.0,2.0,34.0,30.0,0.0,29.0
2024-08-31,8,롯데,120,55,62,3,0.47,16.0,2023,8,,5.0,0.0,5.0,32.0,2.0,23.0,23.0,1.0,39.0
2024-08-31,9,NC,121,54,65,2,0.454,18.0,2023,8,,5.0,0.0,5.0,30.0,0.0,30.0,24.0,2.0,35.0
2024-08-31,10,키움,124,53,71,0,0.427,21.5,2023,8,,3.0,0.0,7.0,30.0,0.0,40.0,23.0,0.0,31.0
2024-09-01,1,KIA,126,75,49,2,0.605,0.0,2023,9,,7.0,0.0,3.0,32.0,1.0,27.0,43.0,1.0,22.0
2024-09-01,2,삼성,127,69,56,2,0.552,6.5,2023,9,,6.0,0.0,4.0,36.0,0.0,30.0,33.0,2.0,26.0
2024-09-01,3,LG,124,65,57,2,0.533,9.0,2023,9,,5.0,0.0,5.0,33.0,1.0,27.0,32.0,1.0,30.0
2024-09-01,4,두산,129,64,63,2,0.504,12.5,2023,9,,3.0,0.0,7.0,33.0,1.0,31.0,31.0,1.0,32.0
2024-09-01,5,KT,127,62,63,2,0.496,13.5,2023,9,,7.0,0.0,3.0,27.0,1.0,31.0,35.0,1.0,32.0
2024-09-01,6,한화,122,57,63,2,0.475,16.0,2023,9,,6.0,0.0,4.0,27.0,2.0,34.0,30.0,0.0,29.0
2024-09-01,7,롯데,121,56,62,3,0.475,16.0,2023,9,,6.0,0.0,4.0,32.0,2.0,23.0,24.0,1.0,39.0
2024-09-01,8,SSG,126,59,66,1,0.472,16.5,2023,9,,3.0,0.0,7.0,29.0,1.0,33.0,30.0,0.0,33.0
2024-09-01,9,NC,122,55,65,2,0.458,18.0,2023,9,,6.0,0.0,4.0,30.0,0.0,30.0,25.0,2.0,35.0
2024-09-01,10,키움,124,53,71,0,0.427,22.0,2023,9,,3.0,0.0,7.0,30.0,0.0,40.0,23.0,0.0,31.0
2024-09-03,1,KIA,127,76,49,2,0.608,0.0,2023,9,,7.0,0.0,3.0,33.0,1.0,27.0,43.0,1.0,22.0
2024-09-03,2,삼성,128,70,56,2,0.556,6.5,2023,9,,6.0,0.0,4.0,37.0,0.0,30.0,33.0,2.0,26.0
2024-09-03,3,LG,125,65,58,2,0.528,10.0,2023,9,,4.0,0.0,6.0,33.0,1.0,27.0,32.0,1.0,31.0
2024-09-03,4,두산,130,64,64,2,0.5,13.5,2023,9,,3.0,0.0,7.0,33.0,1.0,31.0,31.0,1.0,33.0
2024-09-03,5,KT,127,62,63,2,0.496,14.0,2023,9,,7.0,0.0,3.0,27.0,1.0,31.0,35.0,1.0,32.0
2024-09-03,6,한화,123,58,63,2,0.479,16.0,2023,9,,6.0,0.0,4.0,28.0,2.0,34.0,30.0,0.0,29.0
2024-09-03,7,SSG,126,59,66,1,0.472,17.0,2023,9,,3.0,0.0,7.0,29.0,1.0,33.0,30.0,0.0,33.0
2024-09-03,8,롯데,122,56,63,3,0.471,17.0,2023,9,,6.0,0.0,4.0,32.0,2.0,23.0,24.0,1.0,40.0
2024-09-03,9,NC,123,56,65,2,0.463,18.0,2023,9,,7.0,0.0,3.0,31.0,0.0,30.0,25.0,2.0,35.0
2024-09-03,10,키움,125,53,72,0,0.424,23.0,2023,9,,2.0,0.0,8.0,30.0,0.0,40.0,23.0,0.0,32.0
2024-09-04,1,KIA,128,76,50,2,0.603,0.0,2023,9,,6.0,0.0,4.0,33.0,1.0,28.0,43.0,1.0,22.0
2024-09-04,2,삼성,129,71,56,2,0.559,5.5,2023,9,,7.0,0.0,3.0,38.0,0.0,30.0,33.0,2.0,26.0
2024-09-04,3,LG,126,66,58,2,0.532,9.0,2023,9,,5.0,0.0,5.0,34.0,1.0,27.0,32.0,1.0,31.0
2024-09-04,4,두산,131,64,65,2,0.496,13.5,2023,9,,2.0,0.0,8.0,33.0,1.0,31.0,31.0,1.0,34.0
2024-09-04,5,KT,128,62,64,2,0.492,14.0,2023,9,,6.0,0.0,4.0,27.0,1.0,31.0,35.0,1.0,33.0
2024-09-04,6,한화,124,59,63,2,0.484,15.0,2023,9,,6.0,0.0,4.0,28.0,2.0,34.0,31.0,0.0,29.0
2024-09-04,7,롯데,123,57,63,3,0.475,16.0,2023,9,,7.0,0.0,3.0,33.0,2.0,23.0,24.0,1.0,40.0
2024-09-04,8,SSG,127,59,67,1,0.468,17.0,2023,9,,2.0,0.0,8.0,29.0,1.0,33.0,30.0,0.0,34.0
2024-09-04,9,NC,124,57,65,2,0.467,17.0,2023,9,,7.0,0.0,3.0,32.0,0.0,30.0,25.0,2.0,35.0
2024-09-04,10,키움,126,53,73,0,0.421,23.0,2023,9,,2.0,0.0,8.0,30.0,0.0,40.0,23.0,0.0,33.0
2024-09-05,1,KIA,129,77,50,2,0.606,0.0,2023,9,,7.0,0.0,3.0,34.0,1.0,28.0,43.0,1.0,22.0
2024-09-05,2,삼성,129,71,56,2,0.559,6.0,2023,9,,7.0,0.0,3.0,38.0,0.0,30.0,33.0,2.0,26.0
2024-09-05,3,LG,127,66,59,2,0.528,10.0,2023,9,,4.0,0.0,6.0,34.0,1.0,28.0,32.0,1.0,31.0
2024-09-05,4,두산,131,64,65,2,0.496,14.0,2023,9,,2.0,0.0,8.0,33.0,1.0,31.0,31.0,1.0,34.0
2024-09-05,5,KT,129,63,64,2,0.496,14.0,2023,9,,6.0,0.0,4.0,27.0,1.0,31.0,36.0,1.0,33.0
2024-09-05,6,한화,125,59,64,2,0.48,16.0,2023,9,,6.0,0.0,4.0,28.0,2.0,34.0,31.0,0.0,30.0
2024-09-05,7,SSG,128,60,67,1,0.472,17.0,2023,9,,3.0,0.0,7.0,29.0,1.0,33.0,31.0,0.0,34.0
2024-09-05,8,롯데,124,57,64,3,0.471,17.0,2023,9,,6.0,0.0,4.0,33.0,2.0,24.0,24.0,1.0,40.0
2024-09-05,9,NC,125,57,66,2,0.463,18.0,2023,9,,6.0,0.0,4.0,32.0,0.0,31.0,25.0,2.0,35.0
2024-09-05,10,키움,127,54,73,0,0.425,23.0,2023,9,,3.0,0.0,7.0,30.0,0.0,40.0,24.0,0.0,33.0
2024-09-06,1,KIA,130,78,50,2,0.609,0.0,2023,9,,7.0,0.0,3.0,35.0,1.0,28.0,43.0,1.0,22.0
2024-09-06,2,삼성,130,72,56,2,0.563,6.0,2023,9,,7.0,0.0,3.0,38.0,0.0,30.0,34.0,2.0,26.0
2024-09-06,3,LG,128,66,60,2,0.524,11.0,2023,9,,4.0,0.0,6.0,34.0,1.0,29.0,32.0,1.0,31.0
2024-09-06,4,KT,130,64,64,2,0.5,14.0,2023,9,,6.0,0.0,4.0,27.0,1.0,31.0,37.0,1.0,33.0
2024-09-06,5,두산,131,64,65,2,0.496,14.5,2023,9,,2.0,0.0,8.0,33.0,1.0,31.0,31.0,1.0,34.0
2024-09-06,6,한화,126,60,64,2,0.484,16.0,2023,9,,6.0,0.0,4.0,28.0,2.0,34.0,32.0,0.0,30.0
2024-09-06,7,SSG,128,60,67,1,0.472,17.5,2023,9,,3.0,0.0,7.0,29.0,1.0,33.0,31.0,0.0,34.0
2024-09-06,8,롯데,125,57,65,3,0.467,18.0,2023,9,,6.0,0.0,4.0,33.0,2.0,25.0,24.0,1.0,40.0
2024-09-06,9,NC,126,57,67,2,0.46,19.0,2023,9,,6.0,0.0,4.0,32.0,0.0,32.0,25.0,2.0,35.0
2024-09-06,10,키움,128,54,74,0,0.422,24.0,2023,9,,2.0,0.0,8.0,30.0,0.0,40.0,24.0,0.0,34.0
2024-09-07,1,KIA,131,79,50,2,0.612,0.0,2023,9,,8.0,0.0,2.0,36.0,1.0,28.0,43.0,1.0,22.0
2024-09-07,2,삼성,131,72,57,2,0.558,7.0,2023,9,,7.0,0.0,3.0,38.0,0.0,31.0,34.0,2.0,26.0
2024-09-07,3,LG,129,67,60,2,0.528,11.0,2023,9,,4.0,0.0,6.0,35.0,1.0,29.0,32.0,1.0,31.0
2024-09-07,4,두산,132,65,65,2,0.5,14.5,2023,9,,3.0,0.0,7.0,33.0,1.0,31.0,32.0,1.0,34.0
2024-09-07,5,KT,131,64,65,2,0.496,15.0,2023,9,,5.0,0.0,5.0,27.0,1.0,32.0,37.0,1.0,33.0
2024-09-07,6,한화,127,60,65,2,0.48,17.0,2023,9,,5.0,0.0,5.0,28.0,2.0,34.0,32.0,0.0,31.0
2024-09-07,7,SSG,129,60,67,2,0.472,18.0,2023,9,,3.0,1.0,6.0,29.0,1.0,33.0,31.0,1.0,34.0
2024-09-07,8,롯데,126,57,65,4,0.467,18.5,2023,9,,5.0,1.0,4.0,33.0,3.0,25.0,24.0,1.0,40.0
2024-09-07,9,NC,127,58,67,2,0.464,19.0,2023,9,,6.0,0.0,4.0,32.0,0.0,32.0,26.0,2.0,35.0
2024-09-07,10,키움,129,54,75,0,0.419,25.0,2023,9,,2.0,0.0,8.0,30.0,0.0,40.0,24.0,0.0,35.0
2024-09-08,1,KIA,132,80,50,2,0.615,0.0,2023,9,,8.0,0.0,2.0,37.0,1.0,28.0,43.0,1.0,22.0
2024-09-08,2,삼성,132,73,57,2,0.562,7.0,2023,9,,7.0,0.0,3.0,39.0,0.0,31.0,34.0,2.0,26.0
2024-09-08,3,LG,130,68,60,2,0.531,11.0,2023,9,,5.0,0.0,5.0,36.0,1.0,29.0,32.0,1.0,31.0
2024-09-08,4,두산,132,65,65,2,0.5,15.0,2023,9,,3.0,0.0,7.0,33.0,1.0,31.0,32.0,1.0,34.0
2024-09-08,5,KT,131,64,65,2,0.496,15.5,2023,9,,5.0,0.0,5.0,27.0,1.0,32.0,37.0,1.0,33.0
2024-09-08,6,SSG,130,61,67,2,0.477,18.0,2023,9,,4.0,1.0,5.0,29.0,1.0,33.0,32.0,1.0,34.0
2024-09-08,7,한화,128,60,66,2,0.476,18.0,2023,9,,4.0,0.0,6.0,28.0,2.0,34.0,32.0,0.0,32.0
2024-09-08,8,롯데,127,57,66,4,0.463,19.5,2023,9,,5.0,1.0,4.0,33.0,3.0,26.0,24.0,1.0,40.0
2024-09-08,9,NC,128,58,68,2,0.46,20.0,2023,9,,6.0,0.0,4.0,32.0,0.0,32.0,26.0,2.0,36.0
2024-09-08,10,키움,130,54,76,0,0.415,26.0,2023,9,,1.0,0.0,9.0,30.0,0.0,40.0,24.0,0.0,36.0
2024-09-10,1,KIA,132,80,50,2,0.615,0.0,2023,9,,8.0,0.0,2.0,37.0,1.0,28.0,43.0,1.0,22.0
2024-09-10,2,삼성,132,73,57,2,0.562,7.0,2023,9,,7.0,0.0,3.0,39.0,0.0,31.0,34.0,2.0,26.0
2024-09-10,3,LG,131,68,61,2,0.527,11.5,2023,9,,4.0,0.0,6.0,36.0,1.0,30.0,32.0,1.0,31.0
2024-09-10,4,KT,132,65,65,2,0.5,15.0,2023,9,,6.0,0.0,4.0,28.0,1.0,32.0,37.0,1.0,33.0
2024-09-10,5,두산,133,65,66,2,0.496,15.5,2023,9,,3.0,0.0,7.0,33.0,1.0,31.0,32.0,1.0,35.0
2024-09-10,6,SSG,131,62,67,2,0.481,17.5,2023,9,,4.0,1.0,5.0,30.0,1.0,33.0,32.0,1.0,34.0
2024-09-10,7,한화,129,60,67,2,0.472,18.5,2023,9,,4.0,0.0,6.0,28.0,2.0,34.0,32.0,0.0,33.0
2024-09-10,8,롯데,128,58,66,4,0.468,19.0,2023,9,,5.0,1.0,4.0,33.0,3.0,26.0,25.0,1.0,40.0
2024-09-10,9,NC,129,58,69,2,0.457,20.5,2023,9,,6.0,0.0,4.0,32.0,0.0,32.0,26.0,2.0,37.0
2024-09-10,10,키움,131,55,76,0,0.42,25.5,2023,9,,2.0,0.0,8.0,31.0,0.0,40.0,24.0,0.0,36.0
2024-09-11,1,KIA,132,80,50,2,0.615,0.0,2023,9,,8.0,0.0,2.0,37.0,1.0,28.0,43.0,1.0,22.0
2024-09-11,2,삼성,133,74,57,2,0.565,6.5,2023,9,,7.0,0.0,3.0,39.0,0.0,31.0,35.0,2.0,26.0
2024-09-11,3,LG,132,68,62,2,0.523,12.0,2023,9,,4.0,0.0,6.0,36.0,1.0,31.0,32.0,1.0,31.0
2024-09-11,4,KT,133,66,65,2,0.504,14.5,2023,9,,7.0,0.0,3.0,29.0,1.0,32.0,37.0,1.0,33.0
2024-09-11,5,두산,133,65,66,2,0.496,15.5,2023,9,,3.0,0.0,7.0,33.0,1.0,31.0,32.0,1.0,35.0
2024-09-11,6,SSG,132,62,68,2,0.477,18.0,2023,9,,4.0,1.0,5.0,30.0,1.0,34.0,32.0,1.0,34.0
2024-09-11,7,롯데,129,59,66,4,0.472,18.5,2023,9,,5.0,1.0,4.0,33.0,3.0,26.0,26.0,1.0,40.0
2024-09-11,8,한화,130,60,68,2,0.469,19.0,2023,9,,3.0,0.0,7.0,28.0,2.0,35.0,32.0,0.0,33.0
2024-09-11,9,NC,130,58,70,2,0.453,21.0,2023,9,,5.0,0.0,5.0,32.0,0.0,32.0,26.0,2.0,38.0
2024-09-11,10,키움,132,56,76,0,0.424,25.0,2023,9,,3.0,0.0,7.0,31.0,0.0,40.0,25.0,0.0,36.0
2024-09-12,1,KIA,133,81,50,2,0.618,0.0,2023,9,,8.0,0.0,2.0,38.0,1.0,28.0,43.0,1.0,22.0
2024-09-12,2,삼성,134,75,57,2,0.568,6.5,2023,9,,7.0,0.0,3.0,39.0,0.0,31.0,36.0,2.0,26.0
2024-09-12,3,LG,132,68,62,2,0.523,12.5,2023,9,,4.0,0.0,6.0,36.0,1.0,31.0,32.0,1.0,31.0
2024-09-12,4,KT,134,67,65,2,0.508,14.5,2023,9,,7.0,0.0,3.0,30.0,1.0,32.0,37.0,1.0,33.0
2024-09-12,5,두산,133,65,66,2,0.496,16.0,2023,9,,3.0,0.0,7.0,33.0,1.0,31.0,32.0,1.0,35.0
2024-09-12,6,SSG,132,62,68,2,0.477,18.5,2023,9,,4.0,1.0,5.0,30.0,1.0,34.0,32.0,1.0,34.0
2024-09-12,7,롯데,130,59,67,4,0.468,19.5,2023,9,,4.0,1.0,5.0,33.0,3.0,26.0,26.0,1.0,41.0
2024-09-12,8,한화,131,60,69,2,0.465,20.0,2023,9,,3.0,0.0,7.0,28.0,2.0,36.0,32.0,0.0,33.0
2024-09-12,9,NC,131,58,71,2,0.45,22.0,2023,9,,4.0,0.0,6.0,32.0,0.0,32.0,26.0,2.0,39.0
2024-09-12,10,키움,132,56,76,0,0.424,25.5,2023,9,,3.0,0.0,7.0,31.0,0.0,40.0,25.0,0.0,36.0
2024-09-13,1,KIA,133,81,50,2,0.618,0.0,2023,9,,8.0,0.0,2.0,38.0,1.0,28.0,43.0,1.0,22.0
2024-09-13,2,삼성,134,75,57,2,0.568,6.5,2023,9,,7.0,0.0,3.0,39.0,0.0,31.0,36.0,2.0,26.0
2024-09-13,3,LG,132,68,62,2,0.523,12.5,2023,9,,4.0,0.0,6.0,36.0,1.0,31.0,32.0,1.0,31.0
2024-09-13,4,KT,134,67,65,2,0.508,14.5,2023,9,,7.0,0.0,3.0,30.0,1.0,32.0,37.0,1.0,33.0
2024-09-13,5,두산,133,65,66,2,0.496,16.0,2023,9,,3.0,0.0,7.0,33.0,1.0,31.0,32.0,1.0,35.0
2024-09-13,6,SSG,132,62,68,2,0.477,18.5,2023,9,,4.0,1.0,5.0,30.0,1.0,34.0,32.0,1.0,34.0
2024-09-13,7,한화,132,61,69,2,0.469,19.5,2023,9,,4.0,0.0,6.0,28.0,2.0,36.0,33.0,0.0,33.0
2024-09-13,8,롯데,131,59,68,4,0.465,20.0,2023,9,,3.0,1.0,6.0,33.0,3.0,27.0,26.0,1.0,41.0
2024-09-13,9,NC,131,58,71,2,0.45,22.0,2023,9,,4.0,0.0,6.0,32.0,0.0,32.0,26.0,2.0,39.0
2024-09-13,10,키움,132,56,76,0,0.424,25.5,2023,9,,3.0,0.0,7.0,31.0,0.0,40.0,25.0,0.0,36.0
2024-09-14,1,KIA,134,82,50,2,0.621,0.0,2023,9,,9.0,0.0,1.0,39.0,1.0,28.0,43.0,1.0,22.0
2024-09-14,2,삼성,135,75,58,2,0.564,7.5,2023,9,,6.0,0.0,4.0,39.0,0.0,31.0,36.0,2.0,27.0
2024-09-14,3,LG,133,69,62,2,0.527,12.5,2023,9,,5.0,0.0,5.0,36.0,1.0,31.0,33.0,1.0,31.0
2024-09-14,4,KT,135,67,66,2,0.504,15.5,2023,9,,6.0,0.0,4.0,30.0,1.0,32.0,37.0,1.0,34.0
2024-09-14,5,두산,134,66,66,2,0.5,16.0,2023,9,,4.0,0.0,6.0,34.0,1.0,31.0,32.0,1.0,35.0
2024-09-14,6,SSG,133,63,68,2,0.481,18.5,2023,9,,5.0,1.0,4.0,31.0,1.0,34.0,32.0,1.0,34.0
2024-09-14,7,롯데,132,60,68,4,0.469,20.0,2023,9,,4.0,1.0,5.0,34.0,3.0,27.0,26.0,1.0,41.0
2024-09-14,8,한화,133,61,70,2,0.466,20.5,2023,9,,3.0,0.0,7.0,28.0,2.0,36.0,33.0,0.0,34.0
2024-09-14,9,NC,132,58,72,2,0.446,23.0,2023,9,,3.0,0.0,7.0,32.0,0.0,33.0,26.0,2.0,39.0
2024-09-14,10,키움,133,56,77,0,0.421,26.5,2023,9,,3.0,0.0,7.0,31.0,0.0,40.0,25.0,0.0,37.0
2024-09-15,1,KIA,135,82,51,2,0.617,0.0,2023,9,,8.0,0.0,2.0,39.0,1.0,29.0,43.0,1.0,22.0
2024-09-15,2,삼성,136,75,59,2,0.56,7.5,2023,9,,6.0,0.0,4.0,39.0,0.0,31.0,36.0,2.0,28.0
2024-09-15,3,LG,134,69,63,2,0.523,12.5,2023,9,,4.0,0.0,6.0,36.0,1.0,31.0,33.0,1.0,32.0
2024-09-15,4,KT,135,67,66,2,0.504,15.0,2023,9,,6.0,0.0,4.0,30.0,1.0,32.0,37.0,1.0,34.0
2024-09-15,5,두산,134,66,66,2,0.5,15.5,2023,9,,4.0,0.0,6.0,34.0,1.0,31.0,32.0,1.0,35.0
2024-09-15,6,SSG,134,64,68,2,0.485,17.5,2023,9,,5.0,1.0,4.0,32.0,1.0,34.0,32.0,1.0,34.0
2024-09-15,7,롯데,133,61,68,4,0.473,19.0,2023,9,,4.0,1.0,5.0,35.0,3.0,27.0,26.0,1.0,41.0
2024-09-15,8,한화,134,61,71,2,0.462,20.5,2023,9,,2.0,0.0,8.0,28.0,2.0,36.0,33.0,0.0,35.0
2024-09-15,9,NC,133,59,72,2,0.45,22.0,2023,9,,3.0,0.0,7.0,33.0,0.0,33.0,26.0,2.0,39.0
2024-09-15,10,키움,134,57,77,0,0.425,25.5,2023,9,,4.0,0.0,6.0,31.0,0.0,40.0,26.0,0.0,37.0
2024-09-16,1,KIA,136,83,51,2,0.619,0.0,2023,9,,8.0,0.0,2.0,39.0,1.0,29.0,44.0,1.0,22.0
2024-09-16,2,삼성,136,75,59,2,0.56,8.0,2023,9,,6.0,0.0,4.0,39.0,0.0,31.0,36.0,2.0,28.0
2024-09-16,3,LG,134,69,63,2,0.523,13.0,2023,9,,4.0,0.0,6.0,36.0,1.0,31.0,33.0,1.0,32.0
2024-09-16,4,두산,135,67,66,2,0.504,15.5,2023,9,,4.0,0.0,6.0,35.0,1.0,31.0,32.0,1.0,35.0
2024-09-16,5,KT,136,67,67,2,0.5,16.0,2023,9,,6.0,0.0,4.0,30.0,1.0,33.0,37.0,1.0,34.0
2024-09-16,6,SSG,134,64,68,2,0.485,18.0,2023,9,,5.0,1.0,4.0,32.0,1.0,34.0,32.0,1.0,34.0
2024-09-16,7,롯데,133,61,68,4,0.473,19.5,2023,9,,4.0,1.0,5.0,35.0,3.0,27.0,26.0,1.0,41.0
2024-09-16,8,한화,134,61,71,2,0.462,21.0,2023,9,,2.0,0.0,8.0,28.0,2.0,36.0,33.0,0.0,35.0
2024-09-16,9,NC,133,59,72,2,0.45,22.5,2023,9,,3.0,0.0,7.0,33.0,0.0,33.0,26.0,2.0,39.0
2024-09-16,10,키움,135,57,78,0,0.422,26.5,2023,9,,4.0,0.0,6.0,31.0,0.0,40.0,26.0,0.0,38.0
2024-09-17,1,KIA,137,83,52,2,0.615,0.0,2023,9,,7.0,0.0,3.0,39.0,1.0,29.0,44.0,1.0,23.0
2024-09-17,2,삼성,137,75,60,2,0.556,8.0,2023,9,,6.0,0.0,4.0,39.0,0.0,31.0,36.0,2.0,29.0
2024-09-17,3,LG,135,69,64,2,0.519,13.0,2023,9,,4.0,0.0,6.0,36.0,1.0,31.0,33.0,1.0,33.0
2024-09-17,4,두산,136,68,66,2,0.507,14.5,2023,9,,4.0,0.0,6.0,36.0,1.0,31.0,32.0,1.0,35.0
2024-09-17,5,KT,137,68,67,2,0.504,15.0,2023,9,,6.0,0.0,4.0,30.0,1.0,33.0,38.0,1.0,34.0
2024-09-17,6,SSG,135,65,68,2,0.489,17.0,2023,9,,6.0,1.0,3.0,33.0,1.0,34.0,32.0,1.0,34.0
2024-09-17,7,롯데,134,62,68,4,0.477,18.5,2023,9,,5.0,1.0,4.0,36.0,3.0,27.0,26.0,1.0,41.0
2024-09-17,8,한화,135,62,71,2,0.466,20.0,2023,9,,3.0,0.0,7.0,28.0,2.0,36.0,34.0,0.0,35.0
2024-09-17,9,NC,134,59,73,2,0.447,22.5,2023,9,,2.0,0.0,8.0,33.0,0.0,34.0,26.0,2.0,39.0
2024-09-17,10,키움,136,57,79,0,0.419,26.5,2023,9,,4.0,0.0,6.0,31.0,0.0,41.0,26.0,0.0,38.0
2024-09-18,1,KIA,137,83,52,2,0.615,0.0,2023,9,,7.0,0.0,3.0,39.0,1.0,29.0,44.0,1.0,23.0
2024-09-18,2,삼성,138,76,60,2,0.559,7.5,2023,9,,6.0,0.0,4.0,39.0,0.0,31.0,37.0,2.0,29.0
2024-09-18,3,LG,136,70,64,2,0.522,12.5,2023,9,,4.0,0.0,6.0,36.0,1.0,31.0,34.0,1.0,33.0
2024-09-18,4,두산,136,68,66,2,0.507,14.5,2023,9,,4.0,0.0,6.0,36.0,1.0,31.0,32.0,1.0,35.0
2024-09-18,5,KT,138,68,68,2,0.5,15.5,2023,9,,6.0,0.0,4.0,30.0,1.0,34.0,38.0,1.0,34.0
2024-09-18,6,SSG,135,65,68,2,0.489,17.0,2023,9,,6.0,1.0,3.0,33.0,1.0,34.0,32.0,1.0,34.0
2024-09-18,7,롯데,135,62,69,4,0.473,19.0,2023,9,,5.0,1.0,4.0,36.0,3.0,28.0,26.0,1.0,41.0
2024-09-18,8,한화,136,62,72,2,0.463,20.5,2023,9,,2.0,0.0,8.0,28.0,2.0,36.0,34.0,0.0,36.0
2024-09-18,9,NC,135,60,73,2,0.451,22.0,2023,9,,3.0,0.0,7.0,34.0,0.0,34.0,26.0,2.0,39.0
2024-09-18,10,키움,136,57,79,0,0.419,26.5,2023,9,,4.0,0.0,6.0,31.0,0.0,41.0,26.0,0.0,38.0
2024-09-19,1,KIA,138,83,53,2,0.61,0.0,2023,9,,7.0,0.0,3.0,39.0,1.0,29.0,44.0,1.0,24.0
2024-09-19,2,삼성,139,76,61,2,0.555,7.5,2023,9,,5.0,0.0,5.0,39.0,0.0,31.0,37.0,2.0,30.0
2024-09-19,3,LG,137,71,64,2,0.526,11.5,2023,9,,5.0,0.0,5.0,36.0,1.0,31.0,35.0,1.0,33.0
2024-09-19,4,두산,137,69,66,2,0.511,13.5,2023,9,,5.0,0.0,5.0,37.0,1.0,31.0,32.0,1.0,35.0
2024-09-19,5,KT,139,69,68,2,0.504,14.5,2023,9,,6.0,0.0,4.0,31.0,1.0,34.0,38.0,1.0,34.0
2024-09-19,6,SSG,136,66,68,2,0.493,16.0,2023,9,,7.0,1.0,2.0,34.0,1.0,34.0,32.0,1.0,34.0
2024-09-19,7,롯데,136,62,70,4,0.47,19.0,2023,9,,5.0,0.0,5.0,36.0,3.0,29.0,26.0,1.0,41.0
2024-09-19,8,한화,137,63,72,2,0.467,19.5,2023,9,,3.0,0.0,7.0,28.0,2.0,36.0,35.0,0.0,36.0
2024-09-19,9,NC,136,60,74,2,0.448,22.0,2023,9,,3.0,0.0,7.0,34.0,0.0,35.0,26.0,2.0,39.0
2024-09-19,10,키움,137,57,80,0,0.416,26.5,2023,9,,3.0,0.0,7.0,31.0,0.0,41.0,26.0,0.0,39.0
2024-09-21,1,KIA,138,83,53,2,0.61,0.0,2023,9,,7.0,0.0,3.0,39.0,1.0,29.0,44.0,1.0,24.0
2024-09-21,2,삼성,139,76,61,2,0.555,7.5,2023,9,,5.0,0.0,5.0,39.0,0.0,31.0,37.0,2.0,30.0
2024-09-21,3,LG,139,72,65,2,0.526,11.5,2023,9,,5.0,0.0,5.0,37.0,1.0,32.0,35.0,1.0,33.0
2024-09-21,4,두산,139,70,67,2,0.511,13.5,2023,9,,6.0,0.0,4.0,37.0,1.0,31.0,33.0,1.0,36.0
2024-09-21,5,KT,140,69,69,2,0.5,15.0,2023,9,,5.0,0.0,5.0,31.0,1.0,35.0,38.0,1.0,34.0
2024-09-21,6,SSG,137,67,68,2,0.496,15.5,2023,9,,8.0,1.0,1.0,34.0,1.0,34.0,33.0,1.0,34.0
2024-09-21,7,롯데,136,62,70,4,0.47,19.0,2023,9,,5.0,0.0,5.0,36.0,3.0,29.0,26.0,1.0,41.0
2024-09-21,8,한화,137,63,72,2,0.467,19.5,2023,9,,3.0,0.0,7.0,28.0,2.0,36.0,35.0,0.0,36.0
2024-09-21,9,NC,136,60,74,2,0.448,22.0,2023,9,,3.0,0.0,7.0,34.0,0.0,35.0,26.0,2.0,39.0
2024-09-21,10,키움,137,57,80,0,0.416,26.5,2023,9,,3.0,0.0,7.0,31.0,0.0,41.0,26.0,0.0,39.0
2024-09-22,1,KIA,138,83,53,2,0.61,0.0,2023,9,,7.0,0.0,3.0,39.0,1.0,29.0,44.0,1.0,24.0
2024-09-22,2,삼성,140,77,61,2,0.558,7.0,2023,9,,5.0,0.0,5.0,40.0,0.0,31.0,37.0,2.0,30.0
2024-09-22,3,LG,140,73,65,2,0.529,11.0,2023,9,,5.0,0.0,5.0,38.0,1.0,32.0,35.0,1.0,33.0
2024-09-22,4,두산,140,70,68,2,0.507,14.0,2023,9,,6.0,0.0,4.0,37.0,1.0,31.0,33.0,1.0,37.0
2024-09-22,5,SSG,138,68,68,2,0.5,15.0,2023,9,,8.0,1.0,1.0,34.0,1.0,34.0,34.0,1.0,34.0
2024-09-22,6,KT,141,69,70,2,0.496,15.5,2023,9,,5.0,0.0,5.0,31.0,1.0,36.0,38.0,1.0,34.0
2024-09-22,7,한화,138,64,72,2,0.471,19.0,2023,9,,4.0,0.0,6.0,29.0,2.0,36.0,35.0,0.0,36.0
2024-09-22,8,롯데,137,62,71,4,0.466,19.5,2023,9,,5.0,0.0,5.0,36.0,3.0,29.0,26.0,1.0,42.0
2024-09-22,9,NC,136,60,74,2,0.448,22.0,2023,9,,3.0,0.0,7.0,34.0,0.0,35.0,26.0,2.0,39.0
2024-09-22,10,키움,138,57,81,0,0.413,27.0,2023,9,,3.0,0.0,7.0,31.0,0.0,41.0,26.0,0.0,40.0
2024-09-23,1,KIA,139,84,53,2,0.613,0.0,2023,9,,7.0,0.0,3.0,40.0,1.0,29.0,44.0,1.0,24.0
2024-09-23,2,삼성,141,77,62,2,0.554,8.0,2023,9,,5.0,0.0,5.0,40.0,0.0,31.0,37.0,2.0,31.0
2024-09-23,3,LG,140,73,65,2,0.529,11.5,2023,9,,5.0,0.0,5.0,38.0,1.0,32.0,35.0,1.0,33.0
2024-09-23,4,두산,141,71,68,2,0.511,14.0,2023,9,,7.0,0.0,3.0,38.0,1.0,31.0,33.0,1.0,37.0
2024-09-23,5,KT,141,69,70,2,0.496,16.0,2023,9,,5.0,0.0,5.0,31.0,1.0,36.0,38.0,1.0,34.0
2024-09-23,6,SSG,139,68,69,2,0.496,16.0,2023,9,,8.0,0.0,2.0,34.0,1.0,34.0,34.0,1.0,35.0
2024-09-23,7,롯데,138,63,71,4,0.47,19.5,2023,9,,5.0,0.0,5.0,36.0,3.0,29.0,27.0,1.0,42.0
2024-09-23,8,한화,139,64,73,2,0.467,20.0,2023,9,,4.0,0.0,6.0,29.0,2.0,37.0,35.0,0.0,36.0
2024-09-23,9,NC,136,60,74,2,0.448,22.5,2023,9,,3.0,0.0,7.0,34.0,0.0,35.0,26.0,2.0,39.0
2024-09-23,10,키움,138,57,81,0,0.413,27.5,2023,9,,3.0,0.0,7.0,31.0,0.0,41.0,26.0,0.0,40.0
2024-09-24,1,KIA,140,85,53,2,0.616,0.0,2023,9,,7.0,0.0,3.0,41.0,1.0,29.0,44.0,1.0,24.0
2024-09-24,2,삼성,142,77,63,2,0.55,9.0,2023,9,,4.0,0.0,6.0,40.0,0.0,31.0,37.0,2.0,32.0
2024-09-24,3,LG,141,74,65,2,0.532,11.5,2023,9,,6.0,0.0,4.0,38.0,1.0,32.0,36.0,1.0,33.0
2024-09-24,4,두산,142,72,68,2,0.514,14.0,2023,9,,7.0,0.0,3.0,39.0,1.0,31.0,33.0,1.0,37.0
2024-09-24,5,KT,142,70,70,2,0.5,16.0,2023,9,,5.0,0.0,5.0,32.0,1.0,36.0,38.0,1.0,34.0
2024-09-24,6,SSG,140,68,70,2,0.493,17.0,2023,9,,7.0,0.0,3.0,34.0,1.0,35.0,34.0,1.0,35.0
2024-09-24,7,롯데,139,63,72,4,0.467,20.5,2023,9,,4.0,0.0,6.0,36.0,3.0,29.0,27.0,1.0,43.0
2024-09-24,8,한화,140,64,74,2,0.464,21.0,2023,9,,4.0,0.0,6.0,29.0,2.0,37.0,35.0,0.0,37.0
2024-09-24,9,NC,137,60,75,2,0.444,23.5,2023,9,,2.0,0.0,8.0,34.0,0.0,35.0,26.0,2.0,40.0
2024-09-24,10,키움,139,58,81,0,0.417,27.5,2023,9,,4.0,0.0,6.0,32.0,0.0,41.0,26.0,0.0,40.0
2024-09-25,1,KIA,141,85,54,2,0.612,0.0,2023,9,,6.0,0.0,4.0,41.0,1.0,30.0,44.0,1.0,24.0
2024-09-25,2,삼성,143,78,63,2,0.553,8.0,2023,9,,4.0,0.0,6.0,41.0,0.0,31.0,37.0,2.0,32.0
2024-09-25,3,LG,142,74,66,2,0.529,11.5,2023,9,,6.0,0.0,4.0,38.0,1.0,33.0,36.0,1.0,33.0
2024-09-25,4,두산,142,72,68,2,0.514,13.5,2023,9,,7.0,0.0,3.0,39.0,1.0,31.0,33.0,1.0,37.0
2024-09-25,5,KT,142,70,70,2,0.5,15.5,2023,9,,5.0,0.0,5.0,32.0,1.0,36.0,38.0,1.0,34.0
2024-09-25,6,SSG,141,69,70,2,0.496,16.0,2023,9,,7.0,0.0,3.0,34.0,1.0,35.0,35.0,1.0,35.0
2024-09-25,7,롯데,140,64,72,4,0.471,19.5,2023,9,,5.0,0.0,5.0,36.0,3.0,29.0,28.0,1.0,43.0
2024-09-25,8,한화,141,65,74,2,0.468,20.0,2023,9,,5.0,0.0,5.0,29.0,2.0,37.0,36.0,0.0,37.0
2024-09-25,9,NC,138,60,76,2,0.441,23.5,2023,9,,2.0,0.0,8.0,34.0,0.0,36.0,26.0,2.0,40.0
2024-09-25,10,키움,140,58,82,0,0.414,27.5,2023,9,,4.0,0.0,6.0,32.0,0.0,41.0,26.0,0.0,41.0
2024-09-26,1,KIA,141,85,54,2,0.612,0.0,2023,9,,6.0,0.0,4.0,41.0,1.0,30.0,44.0,1.0,24.0
2024-09-26,2,삼성,143,78,63,2,0.553,8.0,2023,9,,4.0,0.0,6.0,41.0,0.0,31.0,37.0,2.0,32.0
2024-09-26,3,LG,143,75,66,2,0.532,11.0,2023,9,,6.0,0.0,4.0,39.0,1.0,33.0,36.0,1.0,33.0
2024-09-26,4,두산,143,73,68,2,0.518,13.0,2023,9,,8.0,0.0,2.0,39.0,1.0,31.0,34.0,1.0,37.0
2024-09-26,5,KT,142,70,70,2,0.5,15.5,2023,9,,5.0,0.0,5.0,32.0,1.0,36.0,38.0,1.0,34.0
2024-09-26,5,SSG,142,70,70,2,0.5,15.5,2023,9,,8.0,0.0,2.0,34.0,1.0,35.0,36.0,1.0,35.0
2024-09-26,7,한화,141,65,74,2,0.468,20.0,2023,9,,5.0,0.0,5.0,29.0,2.0,37.0,36.0,0.0,37.0
2024-09-26,8,롯데,141,64,73,4,0.467,20.0,2023,9,,5.0,0.0,5.0,36.0,3.0,30.0,28.0,1.0,43.0
2024-09-26,9,NC,139,60,77,2,0.438,24.0,2023,9,,2.0,0.0,8.0,34.0,0.0,37.0,26.0,2.0,40.0
2024-09-26,10,키움,141,58,83,0,0.411,28.0,2023,9,,3.0,0.0,7.0,32.0,0.0,41.0,26.0,0.0,42.0
2024-09-27,1,KIA,142,85,55,2,0.607,0.0,2023,9,,5.0,0.0,5.0,41.0,1.0,30.0,44.0,1.0,25.0
2024-09-27,2,삼성,143,78,63,2,0.553,7.5,2023,9,,4.0,0.0,6.0,41.0,0.0,31.0,37.0,2.0,32.0
2024-09-27,3,LG,143,75,66,2,0.532,10.5,2023,9,,6.0,0.0,4.0,39.0,1.0,33.0,36.0,1.0,33.0
2024-09-27,4,두산,143,73,68,2,0.518,12.5,2023,9,,8.0,0.0,2.0,39.0,1.0,31.0,34.0,1.0,37.0
2024-09-27,5,KT,143,71,70,2,0.504,14.5,2023,9,,5.0,0.0,5.0,33.0,1.0,36.0,38.0,1.0,34.0
2024-09-27,6,SSG,142,70,70,2,0.5,15.0,2023,9,,8.0,0.0,2.0,34.0,1.0,35.0,36.0,1.0,35.0
2024-09-27,7,한화,142,66,74,2,0.471,19.0,2023,9,,5.0,0.0,5.0,30.0,2.0,37.0,36.0,0.0,37.0
2024-09-27,8,롯데,142,65,73,4,0.471,19.0,2023,9,,5.0,0.0,5.0,37.0,3.0,30.0,28.0,1.0,43.0
2024-09-27,9,NC,140,60,78,2,0.435,24.0,2023,9,,2.0,0.0,8.0,34.0,0.0,37.0,26.0,2.0,41.0
2024-09-27,10,키움,142,58,84,0,0.408,28.0,2023,9,,2.0,0.0,8.0,32.0,0.0,41.0,26.0,0.0,43.0
2024-09-28,1,KIA,143,86,55,2,0.61,0.0,2023,9,,5.0,0.0,5.0,41.0,1.0,30.0,45.0,1.0,25.0
2024-09-28,2,삼성,144,78,64,2,0.549,8.5,2023,9,,3.0,0.0,7.0,41.0,0.0,32.0,37.0,2.0,32.0
2024-09-28,3,LG,144,76,66,2,0.535,10.5,2023,9,,7.0,0.0,3.0,39.0,1.0,33.0,37.0,1.0,33.0
2024-09-28,4,두산,144,74,68,2,0.521,12.5,2023,9,,8.0,0.0,2.0,39.0,1.0,31.0,35.0,1.0,37.0
2024-09-28,5,KT,144,72,70,2,0.507,14.5,2023,9,,5.0,0.0,5.0,34.0,1.0,36.0,38.0,1.0,34.0
2024-09-28,6,SSG,143,71,70,2,0.504,15.0,2023,9,,8.0,0.0,2.0,34.0,1.0,35.0,37.0,1.0,35.0
2024-09-28,7,한화,143,66,75,2,0.468,20.0,2023,9,,5.0,0.0,5.0,30.0,2.0,38.0,36.0,0.0,37.0
2024-09-28,8,롯데,143,65,74,4,0.468,20.0,2023,9,,4.0,0.0,6.0,37.0,3.0,31.0,28.0,1.0,43.0
2024-09-28,9,NC,141,60,79,2,0.432,25.0,2023,9,,2.0,0.0,8.0,34.0,0.0,38.0,26.0,2.0,41.0
2024-09-28,10,키움,143,58,85,0,0.406,29.0,2023,9,,2.0,0.0,8.0,32.0,0.0,41.0,26.0,0.0,44.0
2024-09-29,1,KIA,143,86,55,2,0.61,0.0,2023,9,,5.0,0.0,5.0,41.0,1.0,30.0,45.0,1.0,25.0
2024-09-29,2,삼성,144,78,64,2,0.549,8.5,2023,9,,3.0,0.0,7.0,41.0,0.0,32.0,37.0,2.0,32.0
2024-09-29,3,LG,144,76,66,2,0.535,10.5,2023,9,,7.0,0.0,3.0,39.0,1.0,33.0,37.0,1.0,33.0
2024-09-29,4,두산,144,74,68,2,0.521,12.5,2023,9,,8.0,0.0,2.0,39.0,1.0,31.0,35.0,1.0,37.0
2024-09-29,5,KT,144,72,70,2,0.507,14.5,2023,9,,5.0,0.0,5.0,34.0,1.0,36.0,38.0,1.0,34.0
2024-09-29,6,SSG,143,71,70,2,0.504,15.0,2023,9,,8.0,0.0,2.0,34.0,1.0,35.0,37.0,1.0,35.0
2024-09-29,7,롯데,143,65,74,4,0.468,20.0,2023,9,,4.0,0.0,6.0,37.0,3.0,31.0,28.0,1.0,43.0
2024-09-29,8,한화,144,66,76,2,0.465,20.5,2023,9,,5.0,0.0,5.0,30.0,2.0,39.0,36.0,0.0,37.0
2024-09-29,9,NC,142,61,79,2,0.436,24.5,2023,9,,3.0,0.0,7.0,34.0,0.0,38.0,27.0,2.0,41.0
2024-09-29,10,키움,143,58,85,0,0.406,29.0,2023,9,,2.0,0.0,8.0,32.0,0.0,41.0,26.0,0.0,44.0
2024-09-30,1,KIA,144,87,55,2,0.613,0.0,2023,9,,5.0,0.0,5.0,42.0,1.0,30.0,45.0,1.0,25.0
2024-09-30,2,삼성,144,78,64,2,0.549,9.0,2023,9,,3.0,0.0,7.0,41.0,0.0,32.0,37.0,2.0,32.0
2024-09-30,3,LG,144,76,66,2,0.535,11.0,2023,9,,7.0,0.0,3.0,39.0,1.0,33.0,37.0,1.0,33.0
2024-09-30,4,두산,144,74,68,2,0.521,13.0,2023,9,,8.0,0.0,2.0,39.0,1.0,31.0,35.0,1.0,37.0
2024-09-30,5,KT,144,72,70,2,0.507,15.0,2023,9,,5.0,0.0,5.0,34.0,1.0,36.0,38.0,1.0,34.0
2024-09-30,5,SSG,144,72,70,2,0.507,15.0,2023,9,,8.0,0.0,2.0,35.0,1.0,35.0,37.0,1.0,35.0
2024-09-30,7,롯데,143,65,74,4,0.468,20.5,2023,9,,4.0,0.0,6.0,37.0,3.0,31.0,28.0,1.0,43.0
2024-09-30,8,한화,144,66,76,2,0.465,21.0,2023,9,,5.0,0.0,5.0,30.0,2.0,39.0,36.0,0.0,37.0
2024-09-30,9,NC,143,61,80,2,0.433,25.5,2023,9,,2.0,0.0,8.0,34.0,0.0,38.0,27.0,2.0,42.0
2024-09-30,10,키움,144,58,86,0,0.403,30.0,2023,9,,1.0,0.0,9.0,32.0,0.0,41.0,26.0,0.0,45.0
2024-10-01,1,KIA,144,87,55,2,0.613,0.0,2023,10,,5.0,0.0,5.0,42.0,1.0,30.0,45.0,1.0,25.0
2024-10-01,2,삼성,144,78,64,2,0.549,9.0,2023,10,,3.0,0.0,7.0,41.0,0.0,32.0,37.0,2.0,32.0
2024-10-01,3,LG,144,76,66,2,0.535,11.0,2023,10,,7.0,0.0,3.0,39.0,1.0,33.0,37.0,1.0,33.0
2024-10-01,4,두산,144,74,68,2,0.521,13.0,2023,10,,8.0,0.0,2.0,39.0,1.0,31.0,35.0,1.0,37.0
2024-10-01,5,KT,144,72,70,2,0.507,15.0,2023,10,,5.0,0.0,5.0,34.0,1.0,36.0,38.0,1.0,34.0
2024-10-01,6,SSG,144,72,70,2,0.507,15.0,2023,10,,8.0,0.0,2.0,35.0,1.0,35.0,37.0,1.0,35.0
2024-10-01,7,롯데,144,66,74,4,0.471,20.0,2023,10,,4.0,0.0,6.0,37.0,3.0,31.0,29.0,1.0,43.0
2024-10-01,8,한화,144,66,76,2,0.465,21.0,2023,10,,5.0,0.0,5.0,30.0,2.0,39.0,36.0,0.0,37.0
2024-10-01,9,NC,144,61,81,2,0.43,26.0,2023,10,,2.0,0.0,8.0,34.0,0.0,39.0,27.0,2.0,42.0
2024-10-01,10,키움,144,58,86,0,0.403,30.0,2023,10,,1.0,0.0,9.0,32.0,0.0,41.0,26.0,0.0,45.0
2024-03-23,1,LG,1,1,0,0,1.0,0.0,2024,3,,1.0,0.0,0.0,1.0,0.0,0.0,0.0,0.0,0.0
2024-03-23,1,SSG,1,1,0,0,1.0,0.0,2024,3,,1.0,0.0,0.0,1.0,0.0,0.0,0.0,0.0,0.0
2024-03-23,1,NC,1,1,0,0,1.0,0.0,2024,3,,1.0,0.0,0.0,1.0,0.0,0.0,0.0,0.0,0.0
2024-03-23,1,KIA,1,1,0,0,1.0,0.0,2024,3,,1.0,0.0,0.0,1.0,0.0,0.0,0.0,0.0,0.0
2024-03-23,1,삼성,1,1,0,0,1.0,0.0,2024,3,,1.0,0.0,0.0,0.0,0.0,0.0,1.0,0.0,0.0
2024-03-23,6,KT,1,0,1,0,0.0,1.0,2024,3,,0.0,0.0,1.0,0.0,0.0,1.0,0.0,0.0,0.0
2024-03-23,6,두산,1,0,1,0,0.0,1.0,2024,3,,0.0,0.0,1.0,0.0,0.0,0.0,0.0,0.0,1.0
2024-03-23,6,롯데,1,0,1,0,0.0,1.0,2024,3,,0.0,0.0,1.0,0.0,0.0,0.0,0.0,0.0,1.0
2024-03-23,6,한화,1,0,1,0,0.0,1.0,2024,3,,0.0,0.0,1.0,0.0,0.0,0.0,0.0,0.0,1.0
2024-03-23,6,키움,1,0,1,0,0.0,1.0,2024,3,,0.0,0.0,1.0,0.0,0.0,0.0,0.0,0.0,1.0
2024-03-24,1,SSG,2,2,0,0,1.0,0.0,2024,3,,2.0,0.0,0.0,2.0,0.0,0.0,0.0,0.0,0.0
2024-03-24,1,KIA,1,1,0,0,1.0,0.5,2024,3,,1.0,0.0,0.0,1.0,0.0,0.0,0.0,0.0,0.0
2024-03-24,1,삼성,2,2,0,0,1.0,0.0,2024,3,,2.0,0.0,0.0,0.0,0.0,0.0,2.0,0.0,0.0
2024-03-24,4,LG,2,1,1,0,0.5,1.0,2024,3,,1.0,0.0,1.0,1.0,0.0,1.0,0.0,0.0,0.0
2024-03-24,4,NC,2,1,1,0,0.5,1.0,2024,3,,1.0,0.0,1.0,1.0,0.0,1.0,0.0,0.0,0.0
2024-03-24,4,두산,2,1,1,0,0.5,1.0,2024,3,,1.0,0.0,1.0,0.0,0.0,0.0,1.0,0.0,1.0
2024-03-24,4,한화,2,1,1,0,0.5,1.0,2024,3,,1.0,0.0,1.0,0.0,0.0,0.0,1.0,0.0,1.0
2024-03-24,8,KT,2,0,2,0,0.0,2.0,2024,3,,0.0,0.0,2.0,0.0,0.0,2.0,0.0,0.0,0.0
2024-03-24,8,롯데,2,0,2,0,0.0,2.0,2024,3,,0.0,0.0,2.0,0.0,0.0,0.0,0.0,0.0,2.0
2024-03-24,8,키움,1,0,1,0,0.0,1.5,2024,3,,0.0,0.0,1.0,0.0,0.0,0.0,0.0,0.0,1.0
2024-03-26,1,KIA,2,2,0,0,1.0,0.0,2024,3,,2.0,0.0,0.0,2.0,0.0,0.0,0.0,0.0,0.0
2024-03-26,2,LG,3,2,1,0,0.667,0.5,2024,3,,2.0,0.0,1.0,2.0,0.0,1.0,0.0,0.0,0.0
2024-03-26,2,SSG,3,2,1,0,0.667,0.5,2024,3,,2.0,0.0,1.0,2.0,0.0,1.0,0.0,0.0,0.0
2024-03-26,2,NC,3,2,1,0,0.667,0.5,2024,3,,2.0,0.0,1.0,2.0,0.0,1.0,0.0,0.0,0.0
2024-03-26,2,두산,3,2,1,0,0.667,0.5,2024,3,,2.0,0.0,1.0,0.0,0.0,0.0,2.0,0.0,1.0
2024-03-26,2,삼성,3,2,1,0,0.667,0.5,2024,3,,2.0,0.0,1.0,0.0,0.0,0.0,2.0,0.0,1.0
2024-03-26,2,한화,3,2,1,0,0.667,0.5,2024,3,,2.0,0.0,1.0,0.0,0.0,0.0,2.0,0.0,1.0
2024-03-26,8,KT,3,0,3,0,0.0,2.5,2024,3,,0.0,0.0,3.0,0.0,0.0,3.0,0.0,0.0,0.0
2024-03-26,8,롯데,3,0,3,0,0.0,2.5,2024,3,,0.0,0.0,3.0,0.0,0.0,0.0,0.0,0.0,3.0
2024-03-26,8,키움,2,0,2,0,0.0,2.0,2024,3,,0.0,0.0,2.0,0.0,0.0,0.0,0.0,0.0,2.0
2024-03-27,1,KIA,3,3,0,0,1.0,0.0,2024,3,,3.0,0.0,0.0,3.0,0.0,0.0,0.0,0.0,0.0
2024-03-27,2,NC,4,3,1,0,0.75,0.5,2024,3,,3.0,0.0,1.0,3.0,0.0,1.0,0.0,0.0,0.0
2024-03-27,2,두산,4,3,1,0,0.75,0.5,2024,3,,3.0,0.0,1.0,0.0,0.0,0.0,3.0,0.0,1.0
2024-03-27,2,한화,4,3,1,0,0.75,0.5,2024,3,,3.0,0.0,1.0,0.0,0.0,0.0,3.0,0.0,1.0
2024-03-27,5,LG,4,2,1,1,0.667,1.0,2024,3,,2.0,1.0,1.0,2.0,1.0,1.0,0.0,0.0,0.0
2024-03-27,5,삼성,4,2,1,1,0.667,1.0,2024,3,,2.0,1.0,1.0,0.0,0.0,0.0,2.0,1.0,1.0
2024-03-27,7,SSG,4,2,2,0,0.5,1.5,2024,3,,2.0,0.0,2.0,2.0,0.0,2.0,0.0,0.0,0.0
2024-03-27,8,KT,4,0,4,0,0.0,3.5,2024,3,,0.0,0.0,4.0,0.0,0.0,4.0,0.0,0.0,0.0
2024-03-27,8,롯데,4,0,4,0,0.0,3.5,2024,3,,0.0,0.0,4.0,0.0,0.0,0.0,0.0,0.0,4.0
2024-03-27,8,키움,3,0,3,0,0.0,3.0,2024,3,,0.0,0.0,3.0,0.0,0.0,0.0,0.0,0.0,3.0
2024-03-28,1,KIA,3,3,0,0,1.0,0.0,2024,3,,3.0,0.0,0.0,3.0,0.0,0.0,0.0,0.0,0.0
2024-03-28,2,한화,5,4,1,0,0.8,0.0,2024,3,,4.0,0.0,1.0,0.0,0.0,0.0,4.0,0.0,1.0
2024-03-28,3,LG,5,3,1,1,0.75,0.5,2024,3,,3.0,1.0,1.0,3.0,1.0,1.0,0.0,0.0,0.0
2024-03-28,3,NC,4,3,1,0,0.75,0.5,2024,3,,3.0,0.0,1.0,3.0,0.0,1.0,0.0,0.0,0.0
2024-03-28,5,두산,5,3,2,0,0.6,1.0,2024,3,,3.0,0.0,2.0,0.0,0.0,0.0,3.0,0.0,2.0
2024-03-28,6,삼성,5,2,2,1,0.5,1.5,2024,3,,2.0,1.0,2.0,0.0,0.0,0.0,2.0,1.0,2.0
2024-03-28,7,SSG,5,2,3,0,0.4,2.0,2024,3,,2.0,0.0,3.0,2.0,0.0,3.0,0.0,0.0,0.0
2024-03-28,8,KT,5,1,4,0,0.2,3.0,2024,3,,1.0,0.0,4.0,1.0,0.0,4.0,0.0,0.0,0.0
2024-03-28,9,롯데,4,0,4,0,0.0,3.5,2024,3,,0.0,0.0,4.0,0.0,0.0,0.0,0.0,0.0,4.0
2024-03-28,9,키움,3,0,3,0,0.0,3.0,2024,3,,0.0,0.0,3.0,0.0,0.0,0.0,0.0,0.0,3.0
2024-03-29,1,KIA,4,4,0,0,1.0,0.0,2024,3,,4.0,0.0,0.0,3.0,0.0,0.0,1.0,0.0,0.0
2024-03-29,2,한화,6,5,1,0,0.833,0.0,2024,3,,5.0,0.0,1.0,1.0,0.0,0.0,4.0,0.0,1.0
2024-03-29,3,LG,6,4,1,1,0.8,0.5,2024,3,,4.0,1.0,1.0,3.0,1.0,1.0,1.0,0.0,0.0
2024-03-29,4,NC,5,3,2,0,0.6,1.5,2024,3,,3.0,0.0,2.0,3.0,0.0,1.0,0.0,0.0,1.0
2024-03-29,5,SSG,6,3,3,0,0.5,2.0,2024,3,,3.0,0.0,3.0,2.0,0.0,3.0,1.0,0.0,0.0
2024-03-29,5,두산,6,3,3,0,0.5,2.0,2024,3,,3.0,0.0,3.0,0.0,0.0,1.0,3.0,0.0,2.0
2024-03-29,7,삼성,6,2,3,1,0.4,2.5,2024,3,,2.0,1.0,3.0,0.0,0.0,1.0,2.0,1.0,2.0
2024-03-29,8,롯데,5,1,4,0,0.2,3.5,2024,3,,1.0,0.0,4.0,1.0,0.0,0.0,0.0,0.0,4.0
2024-03-29,9,KT,6,1,5,0,0.167,4.0,2024,3,,1.0,0.0,5.0,1.0,0.0,4.0,0.0,0.0,1.0
2024-03-29,10,키움,4,0,4,0,0.0,4.0,2024,3,,0.0,0.0,4.0,0.0,0.0,1.0,0.0,0.0,3.0
2024-03-30,1,한화,7,6,1,0,0.857,0.0,2024,3,,6.0,0.0,1.0,2.0,0.0,0.0,4.0,0.0,1.0
2024-03-30,2,KIA,5,4,1,0,0.8,1.0,2024,3,,4.0,0.0,1.0,3.0,0.0,0.0,1.0,0.0,1.0
2024-03-30,3,LG,7,4,2,1,0.667,1.5,2024,3,,4.0,1.0,2.0,3.0,1.0,1.0,1.0,0.0,1.0
2024-03-30,3,NC,6,4,2,0,0.667,1.5,2024,3,,4.0,0.0,2.0,3.0,0.0,1.0,1.0,0.0,1.0
2024-03-30,5,SSG,7,4,3,0,0.571,2.0,2024,3,,4.0,0.0,3.0,2.0,0.0,3.0,2.0,0.0,0.0
2024-03-30,5,두산,7,4,3,0,0.571,2.0,2024,3,,4.0,0.0,3.0,1.0,0.0,1.0,3.0,0.0,2.0
2024-03-30,7,삼성,7,2,4,1,0.333,3.5,2024,3,,2.0,1.0,4.0,0.0,0.0,2.0,2.0,1.0,2.0
2024-03-30,8,키움,5,1,4,0,0.2,4.0,2024,3,,1.0,0.0,4.0,1.0,0.0,1.0,0.0,0.0,3.0
2024-03-30,9,롯데,6,1,5,0,0.167,4.5,2024,3,,1.0,0.0,5.0,1.0,0.0,1.0,0.0,0.0,4.0
2024-03-30,10,KT,7,1,6,0,0.143,5.0,2024,3,,1.0,0.0,6.0,1.0,0.0,4.0,0.0,0.0,2.0
2024-03-31,1,한화,8,7,1,0,0.875,0.0,2024,3,,7.0,0.0,1.0,3.0,0.0,0.0,4.0,0.0,1.0
2024-03-31,2,KIA,6,5,1,0,0.833,1.0,2024,3,,5.0,0.0,1.0,3.0,0.0,0.0,2.0,0.0,1.0
2024-03-31,3,NC,7,5,2,0,0.714,1.5,2024,3,,5.0,0.0,2.0,3.0,0.0,1.0,2.0,0.0,1.0
2024-03-31,4,SSG,8,5,3,0,0.625,2.0,2024,3,,5.0,0.0,3.0,2.0,0.0,3.0,3.0,0.0,0.0
2024-03-31,5,LG,8,4,3,1,0.571,2.5,2024,3,,4.0,1.0,3.0,3.0,1.0,1.0,1.0,0.0,2.0
2024-03-31,6,두산,8,4,4,0,0.5,3.0,2024,3,,4.0,0.0,4.0,1.0,0.0,2.0,3.0,0.0,2.0
2024-03-31,7,키움,6,2,4,0,0.333,4.0,2024,3,,2.0,0.0,4.0,2.0,0.0,1.0,0.0,0.0,3.0
2024-03-31,8,삼성,8,2,5,1,0.286,4.5,2024,3,,2.0,1.0,5.0,0.0,0.0,3.0,2.0,1.0,2.0
2024-03-31,9,롯데,7,1,6,0,0.143,5.5,2024,3,,1.0,0.0,6.0,1.0,0.0,2.0,0.0,0.0,4.0
2024-03-31,10,KT,8,1,7,0,0.125,6.0,2024,3,,1.0,0.0,7.0,1.0,0.0,4.0,0.0,0.0,3.0
2024-04-02,1,한화,9,7,2,0,0.778,0.0,2024,4,,7.0,0.0,2.0,3.0,0.0,1.0,4.0,0.0,1.0
2024-04-02,2,NC,8,6,2,0,0.75,0.5,2024,4,,6.0,0.0,2.0,3.0,0.0,1.0,3.0,0.0,1.0
2024-04-02,3,KIA,7,5,2,0,0.714,1.0,2024,4,,5.0,0.0,2.0,3.0,0.0,0.0,2.0,0.0,2.0
2024-04-02,4,SSG,9,6,3,0,0.667,1.0,2024,4,,6.0,0.0,3.0,3.0,0.0,3.0,3.0,0.0,0.0
2024-04-02,5,LG,9,4,4,1,0.5,2.5,2024,4,,4.0,1.0,4.0,3.0,1.0,2.0,1.0,0.0,2.0
2024-04-02,6,두산,9,4,5,0,0.444,3.0,2024,4,,4.0,0.0,5.0,1.0,0.0,2.0,3.0,0.0,3.0
2024-04-02,7,키움,7,3,4,0,0.429,3.0,2024,4,,3.0,0.0,4.0,2.0,0.0,1.0,1.0,0.0,3.0
2024-04-02,8,롯데,8,2,6,0,0.25,4.5,2024,4,,2.0,0.0,6.0,1.0,0.0,2.0,1.0,0.0,4.0
2024-04-02,8,삼성,9,2,6,1,0.25,4.5,2024,4,,2.0,1.0,6.0,0.0,0.0,4.0,2.0,1.0,2.0
2024-04-02,10,KT,9,2,7,0,0.222,5.0,2024,4,,2.0,0.0,7.0,2.0,0.0,4.0,0.0,0.0,3.0
2024-04-03,1,한화,9,7,2,0,0.778,0.0,2024,4,,7.0,0.0,2.0,3.0,0.0,1.0,4.0,0.0,1.0
2024-04-03,2,KIA,8,6,2,0,0.75,0.5,2024,4,,6.0,0.0,2.0,3.0,0.0,0.0,3.0,0.0,2.0
2024-04-03,3,SSG,10,7,3,0,0.7,0.5,2024,4,,7.0,0.0,3.0,4.0,0.0,3.0,3.0,0.0,0.0
2024-04-03,4,NC,9,6,3,0,0.667,1.0,2024,4,,6.0,0.0,3.0,3.0,0.0,1.0,3.0,0.0,2.0
2024-04-03,5,LG,10,5,4,1,0.556,2.0,2024,4,,5.0,1.0,4.0,4.0,1.0,2.0,1.0,0.0,2.0
2024-04-03,6,키움,7,3,4,0,0.429,3.0,2024,4,,3.0,0.0,4.0,2.0,0.0,1.0,1.0,0.0,3.0
2024-04-03,7,두산,10,4,6,0,0.4,3.5,2024,4,,4.0,0.0,6.0,1.0,0.0,2.0,3.0,0.0,4.0
2024-04-03,8,롯데,8,2,6,0,0.25,4.5,2024,4,,2.0,0.0,6.0,1.0,0.0,2.0,1.0,0.0,4.0
2024-04-03,8,삼성,9,2,6,1,0.25,4.5,2024,4,,2.0,1.0,6.0,0.0,0.0,4.0,2.0,1.0,2.0
2024-04-03,10,KT,10,2,8,0,0.2,5.5,2024,4,,2.0,0.0,8.0,2.0,0.0,5.0,0.0,0.0,3.0
2024-04-04,1,한화,10,8,2,0,0.8,0.0,2024,4,,8.0,0.0,2.0,4.0,0.0,1.0,4.0,0.0,1.0
2024-04-04,2,KIA,9,7,2,0,0.778,0.5,2024,4,,7.0,0.0,2.0,3.0,0.0,0.0,4.0,0.0,2.0
2024-04-04,3,SSG,11,8,3,0,0.727,0.5,2024,4,,7.0,0.0,3.0,5.0,0.0,3.0,3.0,0.0,0.0
2024-04-04,4,LG,11,6,4,1,0.6,2.0,2024,4,,5.0,1.0,4.0,5.0,1.0,2.0,1.0,0.0,2.0
2024-04-04,4,NC,10,6,4,0,0.6,2.0,2024,4,,6.0,0.0,4.0,3.0,0.0,1.0,3.0,0.0,3.0
2024-04-04,6,키움,8,4,4,0,0.5,3.0,2024,4,,4.0,0.0,4.0,2.0,0.0,1.0,2.0,0.0,3.0
2024-04-04,7,두산,11,4,7,0,0.364,4.5,2024,4,,4.0,0.0,6.0,1.0,0.0,2.0,3.0,0.0,5.0
2024-04-04,8,롯데,9,2,7,0,0.222,5.5,2024,4,,2.0,0.0,7.0,1.0,0.0,2.0,1.0,0.0,5.0
2024-04-04,8,삼성,10,2,7,1,0.222,5.5,2024,4,,2.0,1.0,7.0,0.0,0.0,5.0,2.0,1.0,2.0
2024-04-04,10,KT,11,2,9,0,0.182,6.5,2024,4,,2.0,0.0,8.0,2.0,0.0,6.0,0.0,0.0,3.0
2024-04-05,1,KIA,10,8,2,0,0.8,0.0,2024,4,,8.0,0.0,2.0,4.0,0.0,0.0,4.0,0.0,2.0
2024-04-05,2,한화,11,8,3,0,0.727,0.5,2024,4,,8.0,0.0,2.0,4.0,0.0,1.0,4.0,0.0,2.0
2024-04-05,3,SSG,12,8,4,0,0.667,1.0,2024,4,,6.0,0.0,4.0,5.0,0.0,3.0,3.0,0.0,1.0
2024-04-05,4,NC,11,7,4,0,0.636,1.5,2024,4,,6.0,0.0,4.0,4.0,0.0,1.0,3.0,0.0,3.0
2024-04-05,5,키움,9,5,4,0,0.556,2.5,2024,4,,5.0,0.0,4.0,3.0,0.0,1.0,2.0,0.0,3.0
2024-04-05,6,LG,12,6,5,1,0.545,2.5,2024,4,,5.0,1.0,4.0,5.0,1.0,3.0,1.0,0.0,2.0
2024-04-05,7,두산,12,5,7,0,0.417,4.0,2024,4,,4.0,0.0,6.0,1.0,0.0,2.0,4.0,0.0,5.0
2024-04-05,8,KT,12,3,9,0,0.25,6.0,2024,4,,3.0,0.0,7.0,2.0,0.0,6.0,1.0,0.0,3.0
2024-04-05,9,롯데,10,2,8,0,0.2,6.0,2024,4,,2.0,0.0,8.0,1.0,0.0,3.0,1.0,0.0,5.0
2024-04-05,9,삼성,11,2,8,1,0.2,6.0,2024,4,,1.0,1.0,8.0,0.0,0.0,5.0,2.0,1.0,3.0
2024-04-06,1,KIA,11,8,3,0,0.727,0.0,2024,4,,7.0,0.0,3.0,4.0,0.0,1.0,4.0,0.0,2.0
2024-04-06,2,NC,12,8,4,0,0.667,0.5,2024,4,,7.0,0.0,3.0,5.0,0.0,1.0,3.0,0.0,3.0
2024-04-06,2,한화,12,8,4,0,0.667,0.5,2024,4,,7.0,0.0,3.0,4.0,0.0,1.0,4.0,0.0,3.0
2024-04-06,4,SSG,13,8,5,0,0.615,1.0,2024,4,,6.0,0.0,4.0,5.0,0.0,3.0,3.0,0.0,2.0
2024-04-06,5,키움,10,6,4,0,0.6,1.5,2024,4,,6.0,0.0,4.0,4.0,0.0,1.0,2.0,0.0,3.0
2024-04-06,6,LG,13,7,5,1,0.583,1.5,2024,4,,5.0,1.0,4.0,6.0,1.0,3.0,1.0,0.0,2.0
2024-04-06,7,두산,13,5,8,0,0.385,4.0,2024,4,,3.0,0.0,7.0,1.0,0.0,2.0,4.0,0.0,6.0
2024-04-06,8,롯데,11,3,8,0,0.273,5.0,2024,4,,3.0,0.0,7.0,2.0,0.0,3.0,1.0,0.0,5.0
2024-04-06,8,삼성,12,3,8,1,0.273,5.0,2024,4,,1.0,1.0,8.0,0.0,0.0,5.0,3.0,1.0,3.0
2024-04-06,10,KT,13,3,10,0,0.231,6.0,2024,4,,3.0,0.0,7.0,2.0,0.0,6.0,1.0,0.0,4.0
2024-04-07,1,NC,13,9,4,0,0.692,0.0,2024,4,,7.0,0.0,3.0,6.0,0.0,1.0,3.0,0.0,3.0
2024-04-07,2,KIA,12,8,4,0,0.667,0.5,2024,4,,6.0,0.0,4.0,4.0,0.0,2.0,4.0,0.0,2.0
2024-04-07,3,키움,11,7,4,0,0.636,1.0,2024,4,,7.0,0.0,3.0,5.0,0.0,1.0,2.0,0.0,3.0
2024-04-07,4,LG,14,8,5,1,0.615,1.0,2024,4,,6.0,0.0,4.0,7.0,1.0,3.0,1.0,0.0,2.0
2024-04-07,4,한화,13,8,5,0,0.615,1.0,2024,4,,6.0,0.0,4.0,4.0,0.0,1.0,4.0,0.0,4.0
2024-04-07,6,SSG,14,8,6,0,0.571,1.5,2024,4,,6.0,0.0,4.0,5.0,0.0,3.0,3.0,0.0,3.0
2024-04-07,7,두산,14,5,9,0,0.357,4.5,2024,4,,2.0,0.0,8.0,1.0,0.0,2.0,4.0,0.0,7.0
2024-04-07,8,롯데,12,4,8,0,0.333,4.5,2024,4,,4.0,0.0,6.0,3.0,0.0,3.0,1.0,0.0,5.0
2024-04-07,8,삼성,13,4,8,1,0.333,4.5,2024,4,,2.0,1.0,7.0,0.0,0.0,5.0,4.0,1.0,3.0
2024-04-07,10,KT,14,3,11,0,0.214,6.5,2024,4,,3.0,0.0,7.0,2.0,0.0,6.0,1.0,0.0,5.0
2024-04-09,1,KIA,13,9,4,0,0.692,0.0,2024,4,,6.0,0.0,4.0,5.0,0.0,2.0,4.0,0.0,2.0
2024-04-09,2,NC,14,9,5,0,0.643,0.5,2024,4,,6.0,0.0,4.0,6.0,0.0,2.0,3.0,0.0,3.0
2024-04-09,3,SSG,15,9,6,0,0.6,1.0,2024,4,,7.0,0.0,3.0,6.0,0.0,3.0,3.0,0.0,3.0
2024-04-09,4,키움,12,7,5,0,0.583,1.5,2024,4,,7.0,0.0,3.0,5.0,0.0,1.0,2.0,0.0,4.0
2024-04-09,5,LG,15,8,6,1,0.571,1.5,2024,4,,5.0,0.0,5.0,7.0,1.0,3.0,1.0,0.0,3.0
2024-04-09,5,한화,14,8,6,0,0.571,1.5,2024,4,,5.0,0.0,5.0,4.0,0.0,1.0,4.0,0.0,5.0
2024-04-09,7,두산,15,6,9,0,0.4,4.0,2024,4,,3.0,0.0,7.0,2.0,0.0,2.0,4.0,0.0,7.0
2024-04-09,8,삼성,14,5,8,1,0.385,4.0,2024,4,,3.0,0.0,7.0,0.0,0.0,5.0,5.0,1.0,3.0
2024-04-09,9,롯데,13,4,9,0,0.308,5.0,2024,4,,4.0,0.0,6.0,3.0,0.0,4.0,1.0,0.0,5.0
2024-04-09,10,KT,15,4,11,0,0.267,6.0,2024,4,,3.0,0.0,7.0,2.0,0.0,6.0,2.0,0.0,5.0
2024-04-10,1,KIA,14,10,4,0,0.714,0.0,2024,4,,6.0,0.0,4.0,6.0,0.0,2.0,4.0,0.0,2.0
2024-04-10,2,NC,15,10,5,0,0.667,0.5,2024,4,,7.0,0.0,3.0,7.0,0.0,2.0,3.0,0.0,3.0
2024-04-10,3,SSG,16,10,6,0,0.625,1.0,2024,4,,7.0,0.0,3.0,7.0,0.0,3.0,3.0,0.0,3.0
2024-04-10,4,키움,13,7,6,0,0.538,2.5,2024,4,,7.0,0.0,3.0,5.0,0.0,1.0,2.0,0.0,5.0
2024-04-10,5,LG,16,8,7,1,0.533,2.5,2024,4,,4.0,0.0,6.0,7.0,1.0,3.0,1.0,0.0,4.0
2024-04-10,5,한화,15,8,7,0,0.533,2.5,2024,4,,4.0,0.0,6.0,4.0,0.0,1.0,4.0,0.0,6.0
2024-04-10,7,두산,16,7,9,0,0.438,4.0,2024,4,,4.0,0.0,6.0,3.0,0.0,2.0,4.0,0.0,7.0
2024-04-10,8,삼성,15,6,8,1,0.429,4.0,2024,4,,4.0,0.0,6.0,0.0,0.0,5.0,6.0,1.0,3.0
2024-04-10,9,롯데,14,4,10,0,0.286,6.0,2024,4,,4.0,0.0,6.0,3.0,0.0,5.0,1.0,0.0,5.0
2024-04-10,10,KT,16,4,12,0,0.25,7.0,2024,4,,3.0,0.0,7.0,2.0,0.0,6.0,2.0,0.0,6.0
2024-04-11,1,KIA,15,11,4,0,0.733,0.0,2024,4,,7.0,0.0,3.0,7.0,0.0,2.0,4.0,0.0,2.0
2024-04-11,2,NC,16,11,5,0,0.688,0.5,2024,4,,7.0,0.0,3.0,8.0,0.0,2.0,3.0,0.0,3.0
2024-04-11,3,SSG,17,10,7,0,0.588,2.0,2024,4,,6.0,0.0,4.0,7.0,0.0,4.0,3.0,0.0,3.0
2024-04-11,4,키움,14,8,6,0,0.571,2.5,2024,4,,8.0,0.0,2.0,5.0,0.0,1.0,3.0,0.0,5.0
2024-04-11,5,한화,16,9,7,0,0.563,2.5,2024,4,,4.0,0.0,6.0,4.0,0.0,1.0,5.0,0.0,6.0
2024-04-11,6,LG,17,8,8,1,0.5,3.5,2024,4,,4.0,0.0,6.0,7.0,1.0,3.0,1.0,0.0,5.0
2024-04-11,7,삼성,16,7,8,1,0.467,4.0,2024,4,,5.0,0.0,5.0,0.0,0.0,5.0,7.0,1.0,3.0
2024-04-11,8,두산,17,7,10,0,0.412,5.0,2024,4,,3.0,0.0,7.0,3.0,0.0,3.0,4.0,0.0,7.0
2024-04-11,9,롯데,15,4,11,0,0.267,7.0,2024,4,,3.0,0.0,7.0,3.0,0.0,6.0,1.0,0.0,5.0
2024-04-11,10,KT,17,4,13,0,0.235,8.0,2024,4,,3.0,0.0,7.0,2.0,0.0,6.0,2.0,0.0,7.0
2024-04-12,1,KIA,16,12,4,0,0.75,0.0,2024,4,,7.0,0.0,3.0,7.0,0.0,2.0,5.0,0.0,2.0
2024-04-12,2,NC,17,12,5,0,0.706,0.5,2024,4,,7.0,0.0,3.0,8.0,0.0,2.0,4.0,0.0,3.0
2024-04-12,3,키움,15,9,6,0,0.6,2.5,2024,4,,8.0,0.0,2.0,6.0,0.0,1.0,3.0,0.0,5.0
2024-04-12,4,SSG,18,10,8,0,0.556,3.0,2024,4,,5.0,0.0,5.0,7.0,0.0,4.0,3.0,0.0,4.0
2024-04-12,5,LG,18,9,8,1,0.529,3.5,2024,4,,5.0,0.0,5.0,7.0,1.0,3.0,2.0,0.0,5.0
2024-04-12,5,한화,17,9,8,0,0.529,3.5,2024,4,,3.0,0.0,7.0,4.0,0.0,2.0,5.0,0.0,6.0
2024-04-12,7,삼성,17,7,9,1,0.438,5.0,2024,4,,5.0,0.0,5.0,0.0,0.0,6.0,7.0,1.0,3.0
2024-04-12,8,두산,18,7,11,0,0.389,6.0,2024,4,,3.0,0.0,7.0,3.0,0.0,4.0,4.0,0.0,7.0
2024-04-12,9,KT,18,5,13,0,0.278,8.0,2024,4,,4.0,0.0,6.0,3.0,0.0,6.0,2.0,0.0,7.0
2024-04-12,10,롯데,16,4,12,0,0.25,8.0,2024,4,,3.0,0.0,7.0,3.0,0.0,6.0,1.0,0.0,6.0
2024-04-13,1,KIA,17,13,4,0,0.765,0.0,2024,4,,8.0,0.0,2.0,7.0,0.0,2.0,6.0,0.0,2.0
2024-04-13,2,NC,18,13,5,0,0.722,0.5,2024,4,,7.0,0.0,3.0,8.0,0.0,2.0,5.0,0.0,3.0
2024-04-13,3,키움,16,10,6,0,0.625,2.5,2024,4,,8.0,0.0,2.0,7.0,0.0,1.0,3.0,0.0,5.0
2024-04-13,4,SSG,19,11,8,0,0.579,3.0,2024,4,,5.0,0.0,5.0,7.0,0.0,4.0,4.0,0.0,4.0
2024-04-13,5,LG,19,9,9,1,0.5,4.5,2024,4,,5.0,0.0,5.0,7.0,1.0,3.0,2.0,0.0,6.0
2024-04-13,5,한화,18,9,9,0,0.5,4.5,2024,4,,2.0,0.0,8.0,4.0,0.0,3.0,5.0,0.0,6.0
2024-04-13,7,두산,19,8,11,0,0.421,6.0,2024,4,,4.0,0.0,6.0,4.0,0.0,4.0,4.0,0.0,7.0
2024-04-13,8,삼성,18,7,10,1,0.412,6.0,2024,4,,5.0,0.0,5.0,0.0,0.0,7.0,7.0,1.0,3.0
2024-04-13,9,KT,19,5,14,0,0.263,9.0,2024,4,,3.0,0.0,7.0,3.0,0.0,7.0,2.0,0.0,7.0
2024-04-13,10,롯데,17,4,13,0,0.235,9.0,2024,4,,3.0,0.0,7.0,3.0,0.0,6.0,1.0,0.0,7.0
2024-04-14,1,KIA,18,14,4,0,0.778,0.0,2024,4,,8.0,0.0,2.0,7.0,0.0,2.0,7.0,0.0,2.0
2024-04-14,2,NC,19,13,6,0,0.684,1.5,2024,4,,7.0,0.0,3.0,8.0,0.0,2.0,5.0,0.0,4.0
2024-04-14,3,키움,17,11,6,0,0.647,2.5,2024,4,,8.0,0.0,2.0,8.0,0.0,1.0,3.0,0.0,5.0
2024-04-14,4,SSG,20,12,8,0,0.6,3.0,2024,4,,5.0,0.0,5.0,7.0,0.0,4.0,5.0,0.0,4.0
2024-04-14,5,LG,20,9,10,1,0.474,5.5,2024,4,,4.0,0.0,6.0,7.0,1.0,3.0,2.0,0.0,7.0
2024-04-14,5,한화,19,9,10,0,0.474,5.5,2024,4,,2.0,0.0,8.0,4.0,0.0,4.0,5.0,0.0,6.0
2024-04-14,7,두산,20,9,11,0,0.45,6.0,2024,4,,5.0,0.0,5.0,5.0,0.0,4.0,4.0,0.0,7.0
2024-04-14,8,삼성,19,8,10,1,0.444,6.0,2024,4,,6.0,0.0,4.0,1.0,0.0,7.0,7.0,1.0,3.0
2024-04-14,9,KT,20,5,15,0,0.25,10.0,2024,4,,3.0,0.0,7.0,3.0,0.0,8.0,2.0,0.0,7.0
2024-04-14,10,롯데,18,4,14,0,0.222,10.0,2024,4,,2.0,0.0,8.0,3.0,0.0,6.0,1.0,0.0,8.0
2024-04-16,1,KIA,19,14,5,0,0.737,0.0,2024,4,,7.0,0.0,3.0,7.0,0.0,2.0,7.0,0.0,3.0
2024-04-16,2,키움,18,12,6,0,0.667,1.5,2024,4,,8.0,0.0,2.0,9.0,0.0,1.0,3.0,0.0,5.0
2024-04-16,3,NC,20,13,7,0,0.65,1.5,2024,4,,7.0,0.0,3.0,8.0,0.0,3.0,5.0,0.0,4.0
2024-04-16,4,SSG,21,13,8,0,0.619,2.0,2024,4,,5.0,0.0,5.0,8.0,0.0,4.0,5.0,0.0,4.0
2024-04-16,5,LG,21,10,10,1,0.5,4.5,2024,4,,4.0,0.0,6.0,8.0,1.0,3.0,2.0,0.0,7.0
2024-04-16,5,한화,20,10,10,0,0.5,4.5,2024,4,,2.0,0.0,8.0,4.0,0.0,4.0,6.0,0.0,6.0
2024-04-16,7,삼성,20,9,10,1,0.474,5.0,2024,4,,7.0,0.0,3.0,2.0,0.0,7.0,7.0,1.0,3.0
2024-04-16,8,두산,21,9,12,0,0.429,6.0,2024,4,,5.0,0.0,5.0,5.0,0.0,4.0,4.0,0.0,8.0
2024-04-16,9,KT,21,5,16,0,0.238,10.0,2024,4,,3.0,0.0,7.0,3.0,0.0,8.0,2.0,0.0,8.0
2024-04-16,10,롯데,19,4,15,0,0.211,10.0,2024,4,,2.0,0.0,8.0,3.0,0.0,6.0,1.0,0.0,9.0
2024-04-17,1,KIA,20,15,5,0,0.75,0.0,2024,4,,7.0,0.0,3.0,7.0,0.0,2.0,8.0,0.0,3.0
2024-04-17,2,NC,21,14,7,0,0.667,1.5,2024,4,,7.0,0.0,3.0,9.0,0.0,3.0,5.0,0.0,4.0
2024-04-17,3,키움,19,12,7,0,0.632,2.5,2024,4,,7.0,0.0,3.0,9.0,0.0,2.0,3.0,0.0,5.0
2024-04-17,4,SSG,22,13,9,0,0.591,3.0,2024,4,,5.0,0.0,5.0,8.0,0.0,5.0,5.0,0.0,4.0
2024-04-17,5,LG,22,11,10,1,0.524,4.5,2024,4,,5.0,0.0,5.0,9.0,1.0,3.0,2.0,0.0,7.0
2024-04-17,6,삼성,21,10,10,1,0.5,5.0,2024,4,,8.0,0.0,2.0,3.0,0.0,7.0,7.0,1.0,3.0
2024-04-17,7,한화,21,10,11,0,0.476,5.5,2024,4,,2.0,0.0,8.0,4.0,0.0,4.0,6.0,0.0,7.0
2024-04-17,8,두산,22,9,13,0,0.409,7.0,2024,4,,4.0,0.0,6.0,5.0,0.0,4.0,4.0,0.0,9.0
2024-04-17,9,KT,22,6,16,0,0.273,10.0,2024,4,,3.0,0.0,7.0,3.0,0.0,8.0,3.0,0.0,8.0
2024-04-17,10,롯데,20,4,16,0,0.2,11.0,2024,4,,2.0,0.0,8.0,3.0,0.0,6.0,1.0,0.0,10.0
2024-04-18,1,KIA,21,15,6,0,0.714,0.0,2024,4,,7.0,0.0,3.0,7.0,0.0,2.0,8.0,0.0,4.0
2024-04-18,2,NC,21,14,7,0,0.667,1.0,2024,4,,7.0,0.0,3.0,9.0,0.0,3.0,5.0,0.0,4.0
2024-04-18,3,SSG,23,14,9,0,0.609,2.0,2024,4,,6.0,0.0,4.0,9.0,0.0,5.0,5.0,0.0,4.0
2024-04-18,4,키움,20,12,8,0,0.6,2.5,2024,4,,6.0,0.0,4.0,9.0,0.0,3.0,3.0,0.0,5.0
2024-04-18,5,삼성,22,11,10,1,0.524,4.0,2024,4,,8.0,0.0,2.0,4.0,0.0,7.0,7.0,1.0,3.0
2024-04-18,6,LG,23,11,11,1,0.5,4.5,2024,4,,4.0,0.0,6.0,9.0,1.0,4.0,2.0,0.0,7.0
2024-04-18,7,한화,21,10,11,0,0.476,5.0,2024,4,,2.0,0.0,8.0,4.0,0.0,4.0,6.0,0.0,7.0
2024-04-18,8,두산,23,9,14,0,0.391,7.0,2024,4,,4.0,0.0,6.0,5.0,0.0,4.0,4.0,0.0,10.0
2024-04-18,9,KT,23,7,16,0,0.304,9.0,2024,4,,4.0,0.0,6.0,3.0,0.0,8.0,4.0,0.0,8.0
2024-04-18,10,롯데,21,5,16,0,0.238,10.0,2024,4,,2.0,0.0,8.0,3.0,0.0,6.0,2.0,0.0,10.0
2024-04-19,1,KIA,22,16,6,0,0.727,0.0,2024,4,,8.0,0.0,2.0,8.0,0.0,2.0,8.0,0.0,4.0
2024-04-19,2,NC,22,14,8,0,0.636,2.0,2024,4,,6.0,0.0,4.0,9.0,0.0,3.0,5.0,0.0,5.0
2024-04-19,3,SSG,24,14,10,0,0.583,3.0,2024,4,,6.0,0.0,4.0,9.0,0.0,6.0,5.0,0.0,4.0
2024-04-19,4,키움,21,12,9,0,0.571,3.5,2024,4,,5.0,0.0,5.0,9.0,0.0,3.0,3.0,0.0,6.0
2024-04-19,5,LG,24,12,11,1,0.522,4.5,2024,4,,4.0,0.0,6.0,9.0,1.0,4.0,3.0,0.0,7.0
2024-04-19,6,삼성,23,11,11,1,0.5,5.0,2024,4,,7.0,0.0,3.0,4.0,0.0,7.0,7.0,1.0,4.0
2024-04-19,6,한화,22,11,11,0,0.5,5.0,2024,4,,3.0,0.0,7.0,5.0,0.0,4.0,6.0,0.0,7.0
2024-04-19,8,두산,24,10,14,0,0.417,7.0,2024,4,,5.0,0.0,5.0,6.0,0.0,4.0,4.0,0.0,10.0
2024-04-19,9,KT,24,7,17,0,0.292,10.0,2024,4,,4.0,0.0,6.0,3.0,0.0,8.0,4.0,0.0,9.0
2024-04-19,10,롯데,22,6,16,0,0.273,10.0,2024,4,,2.0,0.0,8.0,4.0,0.0,6.0,2.0,0.0,10.0
2024-04-20,1,KIA,23,17,6,0,0.739,0.0,2024,4,,8.0,0.0,2.0,9.0,0.0,2.0,8.0,0.0,4.0
2024-04-20,2,NC,23,14,9,0,0.609,3.0,2024,4,,5.0,0.0,5.0,9.0,0.0,3.0,5.0,0.0,6.0
2024-04-20,3,SSG,24,14,10,0,0.583,3.5,2024,4,,6.0,0.0,4.0,9.0,0.0,6.0,5.0,0.0,4.0
2024-04-20,4,키움,21,12,9,0,0.571,4.0,2024,4,,5.0,0.0,5.0,9.0,0.0,3.0,3.0,0.0,6.0
2024-04-20,5,LG,24,12,11,1,0.522,5.0,2024,4,,4.0,0.0,6.0,9.0,1.0,4.0,3.0,0.0,7.0
2024-04-20,5,삼성,24,12,11,1,0.522,5.0,2024,4,,7.0,0.0,3.0,4.0,0.0,7.0,8.0,1.0,4.0
2024-04-20,7,한화,23,11,12,0,0.478,6.0,2024,4,,3.0,0.0,7.0,5.0,0.0,5.0,6.0,0.0,7.0
2024-04-20,8,두산,24,10,14,0,0.417,7.5,2024,4,,5.0,0.0,5.0,6.0,0.0,4.0,4.0,0.0,10.0
2024-04-20,9,KT,24,7,17,0,0.292,10.5,2024,4,,4.0,0.0,6.0,3.0,0.0,8.0,4.0,0.0,9.0
2024-04-20,10,롯데,22,6,16,0,0.273,10.5,2024,4,,2.0,0.0,8.0,4.0,0.0,6.0,2.0,0.0,10.0
2024-04-21,1,KIA,24,17,7,0,0.708,0.0,2024,4,,7.0,0.0,3.0,9.0,0.0,3.0,8.0,0.0,4.0
2024-04-21,2,NC,24,15,9,0,0.625,2.0,2024,4,,6.0,0.0,4.0,9.0,0.0,3.0,6.0,0.0,6.0
2024-04-21,3,키움,23,13,10,0,0.565,3.5,2024,4,,6.0,0.0,4.0,9.0,0.0,3.0,4.0,0.0,7.0
2024-04-21,4,SSG,26,14,11,1,0.56,3.5,2024,4,,4.0,1.0,5.0,9.0,1.0,7.0,5.0,0.0,4.0
2024-04-21,5,LG,26,13,11,2,0.542,4.0,2024,4,,5.0,1.0,4.0,9.0,1.0,4.0,4.0,1.0,7.0
2024-04-21,5,삼성,25,13,11,1,0.542,4.0,2024,4,,7.0,0.0,3.0,4.0,0.0,7.0,9.0,1.0,4.0
2024-04-21,7,한화,24,11,13,0,0.458,6.0,2024,4,,3.0,0.0,7.0,5.0,0.0,6.0,6.0,0.0,7.0
2024-04-21,8,두산,26,11,15,0,0.423,7.0,2024,4,,4.0,0.0,6.0,7.0,0.0,5.0,4.0,0.0,10.0
2024-04-21,9,롯데,24,7,16,1,0.304,9.5,2024,4,,3.0,1.0,6.0,5.0,1.0,6.0,2.0,0.0,10.0
2024-04-21,10,KT,26,7,18,1,0.28,10.5,2024,4,,3.0,1.0,6.0,3.0,0.0,8.0,4.0,1.0,10.0
2024-04-23,1,KIA,25,18,7,0,0.72,0.0,2024,4,,7.0,0.0,3.0,9.0,0.0,3.0,9.0,0.0,4.0
2024-04-23,2,NC,25,15,10,0,0.6,3.0,2024,4,,5.0,0.0,5.0,9.0,0.0,3.0,6.0,0.0,7.0
2024-04-23,3,SSG,26,14,11,1,0.56,4.0,2024,4,,4.0,1.0,5.0,9.0,1.0,7.0,5.0,0.0,4.0
2024-04-23,3,삼성,26,14,11,1,0.56,4.0,2024,4,,7.0,0.0,3.0,5.0,0.0,7.0,9.0,1.0,4.0
2024-04-23,5,키움,24,13,11,0,0.542,4.5,2024,4,,5.0,0.0,5.0,9.0,0.0,4.0,4.0,0.0,7.0
2024-04-23,6,LG,27,13,12,2,0.52,5.0,2024,4,,5.0,1.0,4.0,9.0,1.0,4.0,4.0,1.0,8.0
2024-04-23,7,두산,27,12,15,0,0.444,7.0,2024,4,,5.0,0.0,5.0,8.0,0.0,5.0,4.0,0.0,10.0
2024-04-23,8,한화,25,11,14,0,0.44,7.0,2024,4,,3.0,0.0,7.0,5.0,0.0,6.0,6.0,0.0,8.0
2024-04-23,9,KT,27,8,18,1,0.308,10.5,2024,4,,4.0,1.0,5.0,4.0,0.0,8.0,4.0,1.0,10.0
2024-04-23,10,롯데,24,7,16,1,0.304,10.0,2024,4,,3.0,1.0,6.0,5.0,1.0,6.0,2.0,0.0,10.0
2024-04-24,1,KIA,26,19,7,0,0.731,0.0,2024,4,,7.0,0.0,3.0,9.0,0.0,3.0,10.0,0.0,4.0
2024-04-24,2,NC,26,16,10,0,0.615,3.0,2024,4,,5.0,0.0,5.0,9.0,0.0,3.0,7.0,0.0,7.0
2024-04-24,3,SSG,27,15,11,1,0.577,4.0,2024,4,,5.0,1.0,4.0,9.0,1.0,7.0,6.0,0.0,4.0
2024-04-24,3,삼성,27,15,11,1,0.577,4.0,2024,4,,8.0,0.0,2.0,6.0,0.0,7.0,9.0,1.0,4.0
2024-04-24,5,키움,25,13,12,0,0.52,5.5,2024,4,,4.0,0.0,6.0,9.0,0.0,5.0,4.0,0.0,7.0
2024-04-24,6,LG,28,13,13,2,0.5,6.0,2024,4,,4.0,1.0,5.0,9.0,1.0,4.0,4.0,1.0,9.0
2024-04-24,7,두산,28,12,16,0,0.429,8.0,2024,4,,5.0,0.0,5.0,8.0,0.0,6.0,4.0,0.0,10.0
2024-04-24,8,한화,26,11,15,0,0.423,8.0,2024,4,,2.0,0.0,8.0,5.0,0.0,6.0,6.0,0.0,9.0
2024-04-24,9,KT,28,9,18,1,0.333,10.5,2024,4,,4.0,1.0,5.0,5.0,0.0,8.0,4.0,1.0,10.0
2024-04-24,10,롯데,25,7,17,1,0.292,11.0,2024,4,,3.0,1.0,6.0,5.0,1.0,7.0,2.0,0.0,10.0
2024-04-25,1,KIA,27,20,7,0,0.741,0.0,2024,4,,7.0,0.0,3.0,9.0,0.0,3.0,11.0,0.0,4.0
2024-04-25,2,NC,27,16,11,0,0.593,4.0,2024,4,,4.0,0.0,6.0,9.0,0.0,3.0,7.0,0.0,8.0
2024-04-25,3,SSG,28,15,12,1,0.556,5.0,2024,4,,5.0,1.0,4.0,9.0,1.0,7.0,6.0,0.0,5.0
2024-04-25,3,삼성,28,15,12,1,0.556,5.0,2024,4,,8.0,0.0,2.0,6.0,0.0,8.0,9.0,1.0,4.0
2024-04-25,5,LG,29,14,13,2,0.519,6.0,2024,4,,5.0,1.0,4.0,9.0,1.0,4.0,5.0,1.0,9.0
2024-04-25,6,키움,26,13,13,0,0.5,6.5,2024,4,,3.0,0.0,7.0,9.0,0.0,6.0,4.0,0.0,7.0
2024-04-25,7,두산,29,13,16,0,0.448,8.0,2024,4,,5.0,0.0,5.0,9.0,0.0,6.0,4.0,0.0,10.0
2024-04-25,8,한화,27,11,16,0,0.407,9.0,2024,4,,2.0,0.0,8.0,5.0,0.0,6.0,6.0,0.0,10.0
2024-04-25,9,KT,29,10,18,1,0.357,10.5,2024,4,,5.0,1.0,4.0,6.0,0.0,8.0,4.0,1.0,10.0
2024-04-25,10,롯데,26,8,17,1,0.32,11.0,2024,4,,4.0,1.0,5.0,6.0,1.0,7.0,2.0,0.0,10.0
2024-04-26,1,KIA,28,20,8,0,0.714,0.0,2024,4,,6.0,0.0,4.0,9.0,0.0,3.0,11.0,0.0,5.0
2024-04-26,2,NC,28,17,11,0,0.607,3.0,2024,4,,4.0,0.0,6.0,10.0,0.0,3.0,7.0,0.0,8.0
2024-04-26,3,SSG,29,16,12,1,0.571,4.0,2024,4,,5.0,1.0,4.0,10.0,1.0,7.0,6.0,0.0,5.0
2024-04-26,3,삼성,29,16,12,1,0.571,4.0,2024,4,,8.0,0.0,2.0,6.0,0.0,8.0,10.0,1.0,4.0
2024-04-26,5,LG,30,15,13,2,0.536,5.0,2024,4,,6.0,1.0,3.0,10.0,1.0,4.0,5.0,1.0,9.0
2024-04-26,6,키움,27,13,14,0,0.481,6.5,2024,4,,2.0,0.0,8.0,9.0,0.0,7.0,4.0,0.0,7.0
2024-04-26,7,두산,30,14,16,0,0.467,7.0,2024,4,,5.0,0.0,5.0,9.0,0.0,6.0,5.0,0.0,10.0
2024-04-26,8,한화,28,11,17,0,0.393,9.0,2024,4,,2.0,0.0,8.0,5.0,0.0,7.0,6.0,0.0,10.0
2024-04-26,9,KT,30,10,19,1,0.345,10.5,2024,4,,5.0,1.0,4.0,6.0,0.0,8.0,4.0,1.0,11.0
2024-04-26,10,롯데,27,8,18,1,0.308,11.0,2024,4,,4.0,1.0,5.0,6.0,1.0,7.0,2.0,0.0,11.0
2024-04-27,1,KIA,29,20,9,0,0.69,0.0,2024,4,,6.0,0.0,4.0,9.0,0.0,3.0,11.0,0.0,6.0
2024-04-27,2,NC,29,18,11,0,0.621,2.0,2024,4,,5.0,0.0,5.0,11.0,0.0,3.0,7.0,0.0,8.0
2024-04-27,3,삼성,30,17,12,1,0.586,3.0,2024,4,,8.0,0.0,2.0,6.0,0.0,8.0,11.0,1.0,4.0
2024-04-27,4,LG,31,16,13,2,0.552,4.0,2024,4,,6.0,1.0,3.0,11.0,1.0,4.0,5.0,1.0,9.0
2024-04-27,4,SSG,30,16,13,1,0.552,4.0,2024,4,,4.0,1.0,5.0,10.0,1.0,8.0,6.0,0.0,5.0
2024-04-27,6,키움,28,13,15,0,0.464,6.5,2024,4,,1.0,0.0,9.0,9.0,0.0,8.0,4.0,0.0,7.0
2024-04-27,7,두산,31,14,17,0,0.452,7.0,2024,4,,5.0,0.0,5.0,9.0,0.0,6.0,5.0,0.0,11.0
2024-04-27,8,한화,29,12,17,0,0.414,8.0,2024,4,,3.0,0.0,7.0,6.0,0.0,7.0,6.0,0.0,10.0
2024-04-27,9,KT,31,11,19,1,0.367,9.5,2024,4,,6.0,1.0,3.0,6.0,0.0,8.0,5.0,1.0,11.0
2024-04-27,10,롯데,28,8,19,1,0.296,11.0,2024,4,,4.0,1.0,5.0,6.0,1.0,7.0,2.0,0.0,12.0
2024-04-28,1,KIA,30,21,9,0,0.7,0.0,2024,4,,6.0,0.0,4.0,9.0,0.0,3.0,12.0,0.0,6.0
2024-04-28,2,NC,30,19,11,0,0.633,2.0,2024,4,,6.0,0.0,4.0,12.0,0.0,3.0,7.0,0.0,8.0
2024-04-28,3,삼성,31,18,12,1,0.6,3.0,2024,4,,8.0,0.0,2.0,6.0,0.0,8.0,12.0,1.0,4.0
2024-04-28,4,SSG,31,17,13,1,0.567,4.0,2024,4,,4.0,1.0,5.0,11.0,1.0,8.0,6.0,0.0,5.0
2024-04-28,5,LG,32,16,14,2,0.533,5.0,2024,4,,5.0,1.0,4.0,11.0,1.0,5.0,5.0,1.0,9.0
2024-04-28,6,두산,32,15,17,0,0.469,7.0,2024,4,,6.0,0.0,4.0,9.0,0.0,6.0,6.0,0.0,11.0
2024-04-28,7,키움,29,13,16,0,0.448,7.5,2024,4,,1.0,0.0,9.0,9.0,0.0,9.0,4.0,0.0,7.0
2024-04-28,8,한화,30,12,18,0,0.4,9.0,2024,4,,2.0,0.0,8.0,6.0,0.0,8.0,6.0,0.0,10.0
2024-04-28,9,KT,32,11,20,1,0.355,10.5,2024,4,,5.0,1.0,4.0,6.0,0.0,8.0,5.0,1.0,12.0
2024-04-28,10,롯데,29,8,20,1,0.286,12.0,2024,4,,4.0,1.0,5.0,6.0,1.0,7.0,2.0,0.0,13.0
2024-04-30,1,KIA,31,21,10,0,0.677,0.0,2024,4,,6.0,0.0,4.0,9.0,0.0,4.0,12.0,0.0,6.0
2024-04-30,2,NC,31,20,11,0,0.645,1.0,2024,4,,6.0,0.0,4.0,13.0,0.0,3.0,7.0,0.0,8.0
2024-04-30,3,삼성,32,18,13,1,0.581,3.0,2024,4,,7.0,0.0,3.0,6.0,0.0,8.0,12.0,1.0,5.0
2024-04-30,4,SSG,32,17,14,1,0.548,4.0,2024,4,,4.0,1.0,5.0,11.0,1.0,8.0,6.0,0.0,6.0
2024-04-30,5,LG,33,16,15,2,0.516,5.0,2024,4,,5.0,1.0,4.0,11.0,1.0,5.0,5.0,1.0,10.0
2024-04-30,6,두산,33,16,17,0,0.485,6.0,2024,4,,7.0,0.0,3.0,10.0,0.0,6.0,6.0,0.0,11.0
2024-04-30,7,키움,30,14,16,0,0.467,6.5,2024,4,,2.0,0.0,8.0,9.0,0.0,9.0,5.0,0.0,7.0
2024-04-30,8,한화,31,13,18,0,0.419,8.0,2024,4,,3.0,0.0,7.0,7.0,0.0,8.0,6.0,0.0,10.0
2024-04-30,9,KT,33,12,20,1,0.375,9.5,2024,4,,5.0,1.0,4.0,6.0,0.0,8.0,6.0,1.0,12.0
2024-04-30,10,롯데,30,8,21,1,0.276,12.0,2024,4,,4.0,1.0,5.0,6.0,1.0,8.0,2.0,0.0,13.0
2024-05-01,1,KIA,32,22,10,0,0.688,0.0,2024,5,,6.0,0.0,4.0,10.0,0.0,4.0,12.0,0.0,6.0
2024-05-01,2,NC,32,20,12,0,0.625,2.0,2024,5,,6.0,0.0,4.0,13.0,0.0,4.0,7.0,0.0,8.0
2024-05-01,3,삼성,33,19,13,1,0.594,3.0,2024,5,,8.0,0.0,2.0,6.0,0.0,8.0,13.0,1.0,5.0
2024-05-01,4,SSG,33,18,14,1,0.563,4.0,2024,5,,4.0,1.0,5.0,11.0,1.0,8.0,7.0,0.0,6.0
2024-05-01,5,LG,34,17,15,2,0.531,5.0,2024,5,,5.0,1.0,4.0,11.0,1.0,5.0,6.0,1.0,10.0
2024-05-01,6,키움,31,15,16,0,0.484,6.5,2024,5,,3.0,0.0,7.0,9.0,0.0,9.0,6.0,0.0,7.0
2024-05-01,7,두산,34,16,18,0,0.471,7.0,2024,5,,6.0,0.0,4.0,10.0,0.0,7.0,6.0,0.0,11.0
2024-05-01,8,한화,32,13,19,0,0.406,9.0,2024,5,,2.0,0.0,8.0,7.0,0.0,9.0,6.0,0.0,10.0
2024-05-01,9,KT,34,12,21,1,0.364,10.5,2024,5,,5.0,1.0,4.0,6.0,0.0,8.0,6.0,1.0,13.0
2024-05-01,10,롯데,31,8,22,1,0.267,13.0,2024,5,,3.0,1.0,6.0,6.0,1.0,9.0,2.0,0.0,13.0
2024-05-02,1,KIA,33,22,11,0,0.667,0.0,2024,5,,5.0,0.0,5.0,10.0,0.0,5.0,12.0,0.0,6.0
2024-05-02,2,NC,33,20,13,0,0.606,2.0,2024,5,,6.0,0.0,4.0,13.0,0.0,5.0,7.0,0.0,8.0
2024-05-02,2,삼성,34,20,13,1,0.606,2.0,2024,5,,8.0,0.0,2.0,6.0,0.0,8.0,14.0,1.0,5.0
2024-05-02,4,SSG,34,19,14,1,0.576,3.0,2024,5,,5.0,1.0,4.0,11.0,1.0,8.0,8.0,0.0,6.0
2024-05-02,5,LG,35,18,15,2,0.545,4.0,2024,5,,5.0,1.0,4.0,11.0,1.0,5.0,7.0,1.0,10.0
2024-05-02,6,키움,32,15,17,0,0.469,6.5,2024,5,,2.0,0.0,8.0,9.0,0.0,9.0,6.0,0.0,8.0
2024-05-02,7,두산,35,16,19,0,0.457,7.0,2024,5,,6.0,0.0,4.0,10.0,0.0,8.0,6.0,0.0,11.0
2024-05-02,8,한화,33,13,20,0,0.394,9.0,2024,5,,2.0,0.0,8.0,7.0,0.0,10.0,6.0,0.0,10.0
2024-05-02,9,KT,35,13,21,1,0.382,9.5,2024,5,,6.0,0.0,4.0,6.0,0.0,8.0,7.0,1.0,13.0
2024-05-02,10,롯데,32,9,22,1,0.29,12.0,2024,5,,3.0,1.0,6.0,7.0,1.0,9.0,2.0,0.0,13.0
2024-05-03,1,KIA,34,22,12,0,0.647,0.0,2024,5,,5.0,0.0,5.0,10.0,0.0,6.0,12.0,0.0,6.0
2024-05-03,2,NC,34,21,13,0,0.618,1.0,2024,5,,6.0,0.0,4.0,13.0,0.0,5.0,8.0,0.0,8.0
2024-05-03,3,삼성,35,20,14,1,0.588,2.0,2024,5,,7.0,0.0,3.0,6.0,0.0,9.0,14.0,1.0,5.0
2024-05-03,4,SSG,35,19,15,1,0.559,3.0,2024,5,,5.0,1.0,4.0,11.0,1.0,9.0,8.0,0.0,6.0
2024-05-03,5,LG,36,18,16,2,0.529,4.0,2024,5,,5.0,0.0,5.0,11.0,1.0,6.0,7.0,1.0,10.0
2024-05-03,6,두산,36,17,19,0,0.472,6.0,2024,5,,6.0,0.0,4.0,10.0,0.0,8.0,7.0,0.0,11.0
2024-05-03,7,키움,33,15,18,0,0.455,6.5,2024,5,,2.0,0.0,8.0,9.0,0.0,9.0,6.0,0.0,9.0
2024-05-03,8,한화,34,14,20,0,0.412,8.0,2024,5,,3.0,0.0,7.0,7.0,0.0,10.0,7.0,0.0,10.0
2024-05-03,9,KT,36,14,21,1,0.4,8.5,2024,5,,7.0,0.0,3.0,7.0,0.0,8.0,7.0,1.0,13.0
2024-05-03,10,롯데,33,10,22,1,0.313,11.0,2024,5,,4.0,0.0,6.0,7.0,1.0,9.0,3.0,0.0,13.0
2024-05-04,1,KIA,35,23,12,0,0.657,0.0,2024,5,,5.0,0.0,5.0,11.0,0.0,6.0,12.0,0.0,6.0
2024-05-04,2,NC,35,22,13,0,0.629,1.0,2024,5,,7.0,0.0,3.0,13.0,0.0,5.0,9.0,0.0,8.0
2024-05-04,3,삼성,36,20,15,1,0.571,3.0,2024,5,,6.0,0.0,4.0,6.0,0.0,10.0,14.0,1.0,5.0
2024-05-04,4,SSG,36,19,16,1,0.543,4.0,2024,5,,5.0,0.0,5.0,11.0,1.0,10.0,8.0,0.0,6.0
2024-05-04,5,LG,37,18,17,2,0.514,5.0,2024,5,,5.0,0.0,5.0,11.0,1.0,7.0,7.0,1.0,10.0
2024-05-04,6,두산,37,18,19,0,0.486,6.0,2024,5,,6.0,0.0,4.0,10.0,0.0,8.0,8.0,0.0,11.0
2024-05-04,7,키움,34,15,19,0,0.441,7.5,2024,5,,2.0,0.0,8.0,9.0,0.0,9.0,6.0,0.0,10.0
2024-05-04,8,KT,37,15,21,1,0.417,8.5,2024,5,,7.0,0.0,3.0,8.0,0.0,8.0,7.0,1.0,13.0
2024-05-04,9,한화,35,14,21,0,0.4,9.0,2024,5,,3.0,0.0,7.0,7.0,0.0,10.0,7.0,0.0,11.0
2024-05-04,10,롯데,34,11,22,1,0.333,11.0,2024,5,,4.0,0.0,6.0,7.0,1.0,9.0,4.0,0.0,13.0
2024-05-07,1,KIA,35,23,12,0,0.657,0.0,2024,5,,5.0,0.0,5.0,11.0,0.0,6.0,12.0,0.0,6.0
2024-05-07,2,NC,35,22,13,0,0.629,1.0,2024,5,,7.0,0.0,3.0,13.0,0.0,5.0,9.0,0.0,8.0
2024-05-07,3,삼성,36,20,15,1,0.571,3.0,2024,5,,6.0,0.0,4.0,6.0,0.0,10.0,14.0,1.0,5.0
2024-05-07,4,SSG,37,20,16,1,0.556,3.5,2024,5,,5.0,0.0,5.0,11.0,1.0,10.0,9.0,0.0,6.0
2024-05-07,5,LG,38,18,18,2,0.5,5.5,2024,5,,5.0,0.0,5.0,11.0,1.0,8.0,7.0,1.0,10.0
2024-05-07,5,두산,38,19,19,0,0.5,5.5,2024,5,,7.0,0.0,3.0,10.0,0.0,8.0,9.0,0.0,11.0
2024-05-07,7,키움,35,15,20,0,0.429,8.0,2024,5,,2.0,0.0,8.0,9.0,0.0,10.0,6.0,0.0,10.0
2024-05-07,8,KT,37,15,21,1,0.417,8.5,2024,5,,7.0,0.0,3.0,8.0,0.0,8.0,7.0,1.0,13.0
2024-05-07,9,한화,35,14,21,0,0.4,9.0,2024,5,,3.0,0.0,7.0,7.0,0.0,10.0,7.0,0.0,11.0
2024-05-07,10,롯데,34,11,22,1,0.333,11.0,2024,5,,4.0,0.0,6.0,7.0,1.0,9.0,4.0,0.0,13.0
2024-05-08,1,KIA,36,24,12,0,0.667,0.0,2024,5,,5.0,0.0,5.0,11.0,0.0,6.0,13.0,0.0,6.0
2024-05-08,2,NC,36,22,14,0,0.611,2.0,2024,5,,6.0,0.0,4.0,13.0,0.0,5.0,9.0,0.0,9.0
2024-05-08,3,삼성,37,20,16,1,0.556,4.0,2024,5,,5.0,0.0,5.0,6.0,0.0,11.0,14.0,1.0,5.0
2024-05-08,4,SSG,38,20,17,1,0.541,4.5,2024,5,,5.0,0.0,5.0,11.0,1.0,10.0,9.0,0.0,7.0
2024-05-08,5,LG,39,19,18,2,0.514,5.5,2024,5,,5.0,0.0,5.0,12.0,1.0,8.0,7.0,1.0,10.0
2024-05-08,6,두산,39,20,19,0,0.513,5.5,2024,5,,7.0,0.0,3.0,10.0,0.0,8.0,10.0,0.0,11.0
2024-05-08,7,KT,38,16,21,1,0.432,8.5,2024,5,,7.0,0.0,3.0,9.0,0.0,8.0,7.0,1.0,13.0
2024-05-08,8,키움,36,15,21,0,0.417,9.0,2024,5,,2.0,0.0,8.0,9.0,0.0,11.0,6.0,0.0,10.0
2024-05-08,9,한화,36,14,22,0,0.389,10.0,2024,5,,3.0,0.0,7.0,7.0,0.0,10.0,7.0,0.0,12.0
2024-05-08,10,롯데,35,12,22,1,0.353,11.0,2024,5,,5.0,0.0,5.0,8.0,1.0,9.0,4.0,0.0,13.0
2024-05-09,1,KIA,37,24,13,0,0.649,0.0,2024,5,,4.0,0.0,6.0,11.0,0.0,6.0,13.0,0.0,7.0
2024-05-09,2,NC,37,22,15,0,0.595,2.0,2024,5,,6.0,0.0,4.0,13.0,0.0,5.0,9.0,0.0,10.0
2024-05-09,3,삼성,38,21,16,1,0.568,3.0,2024,5,,6.0,0.0,4.0,7.0,0.0,11.0,14.0,1.0,5.0
2024-05-09,4,LG,40,20,18,2,0.526,4.5,2024,5,,5.0,0.0,5.0,13.0,1.0,8.0,7.0,1.0,10.0
2024-05-09,4,SSG,39,20,18,1,0.526,4.5,2024,5,,4.0,0.0,6.0,11.0,1.0,10.0,9.0,0.0,8.0
2024-05-09,6,두산,40,21,19,0,0.525,4.5,2024,5,,7.0,0.0,3.0,10.0,0.0,8.0,11.0,0.0,11.0
2024-05-09,7,KT,39,17,21,1,0.447,7.5,2024,5,,7.0,0.0,3.0,10.0,0.0,8.0,7.0,1.0,13.0
2024-05-09,8,키움,37,15,22,0,0.405,9.0,2024,5,,2.0,0.0,8.0,9.0,0.0,12.0,6.0,0.0,10.0
2024-05-09,9,한화,37,14,23,0,0.378,10.0,2024,5,,3.0,0.0,7.0,7.0,0.0,10.0,7.0,0.0,13.0
2024-05-09,10,롯데,36,13,22,1,0.371,10.0,2024,5,,5.0,0.0,5.0,9.0,1.0,9.0,4.0,0.0,13.0
2024-05-10,1,KIA,38,24,14,0,0.632,0.0,2024,5,,4.0,0.0,6.0,11.0,0.0,7.0,13.0,0.0,7.0
2024-05-10,2,NC,38,23,15,0,0.605,1.0,2024,5,,6.0,0.0,4.0,14.0,0.0,5.0,9.0,0.0,10.0
2024-05-10,3,삼성,39,21,17,1,0.553,3.0,2024,5,,5.0,0.0,5.0,7.0,0.0,11.0,14.0,1.0,6.0
2024-05-10,4,LG,41,21,18,2,0.538,3.5,2024,5,,5.0,0.0,5.0,13.0,1.0,8.0,8.0,1.0,10.0
2024-05-10,4,SSG,40,21,18,1,0.538,3.5,2024,5,,5.0,0.0,5.0,11.0,1.0,10.0,10.0,0.0,8.0
2024-05-10,6,두산,41,22,19,0,0.537,3.5,2024,5,,8.0,0.0,2.0,11.0,0.0,8.0,11.0,0.0,11.0
2024-05-10,7,KT,40,17,22,1,0.436,7.5,2024,5,,7.0,0.0,3.0,10.0,0.0,8.0,7.0,1.0,14.0
2024-05-10,8,한화,38,15,23,0,0.395,9.0,2024,5,,4.0,0.0,6.0,8.0,0.0,10.0,7.0,0.0,13.0
2024-05-10,8,키움,38,15,23,0,0.395,9.0,2024,5,,2.0,0.0,8.0,9.0,0.0,12.0,6.0,0.0,11.0
2024-05-10,10,롯데,37,13,23,1,0.361,10.0,2024,5,,5.0,0.0,5.0,9.0,1.0,10.0,4.0,0.0,13.0
2024-05-11,1,KIA,38,24,14,0,0.632,0.0,2024,5,,4.0,0.0,6.0,11.0,0.0,7.0,13.0,0.0,7.0
2024-05-11,2,NC,39,23,16,0,0.59,1.5,2024,5,,5.0,0.0,5.0,14.0,0.0,6.0,9.0,0.0,10.0
2024-05-11,3,삼성,40,22,17,1,0.564,2.5,2024,5,,5.0,0.0,5.0,7.0,0.0,11.0,15.0,1.0,6.0
2024-05-11,4,LG,42,22,18,2,0.55,3.0,2024,5,,6.0,0.0,4.0,13.0,1.0,8.0,9.0,1.0,10.0
2024-05-11,5,SSG,40,21,18,1,0.538,3.5,2024,5,,5.0,0.0,5.0,11.0,1.0,10.0,10.0,0.0,8.0
2024-05-11,6,두산,41,22,19,0,0.537,3.5,2024,5,,8.0,0.0,2.0,11.0,0.0,8.0,11.0,0.0,11.0
2024-05-11,7,KT,40,17,22,1,0.436,7.5,2024,5,,7.0,0.0,3.0,10.0,0.0,8.0,7.0,1.0,14.0
2024-05-11,8,키움,39,16,23,0,0.41,8.5,2024,5,,3.0,0.0,7.0,9.0,0.0,12.0,7.0,0.0,11.0
2024-05-11,9,한화,39,15,24,0,0.385,9.5,2024,5,,3.0,0.0,7.0,8.0,0.0,11.0,7.0,0.0,13.0
2024-05-11,10,롯데,38,13,24,1,0.351,10.5,2024,5,,5.0,0.0,5.0,9.0,1.0,11.0,4.0,0.0,13.0
2024-05-12,1,KIA,40,25,15,0,0.625,0.0,2024,5,,4.0,0.0,6.0,12.0,0.0,8.0,13.0,0.0,7.0
2024-05-12,2,NC,40,23,17,0,0.575,2.0,2024,5,,4.0,0.0,6.0,14.0,0.0,7.0,9.0,0.0,10.0
2024-05-12,2,삼성,41,23,17,1,0.575,2.0,2024,5,,5.0,0.0,5.0,7.0,0.0,11.0,16.0,1.0,6.0
2024-05-12,4,LG,43,23,18,2,0.561,2.5,2024,5,,7.0,0.0,3.0,13.0,1.0,8.0,10.0,1.0,10.0
2024-05-12,5,두산,43,24,19,0,0.558,2.5,2024,5,,8.0,0.0,2.0,13.0,0.0,8.0,11.0,0.0,11.0
2024-05-12,6,SSG,42,22,19,1,0.537,3.5,2024,5,,5.0,0.0,5.0,11.0,1.0,10.0,11.0,0.0,9.0
2024-05-12,7,KT,42,17,24,1,0.415,8.5,2024,5,,6.0,0.0,4.0,10.0,0.0,8.0,7.0,1.0,16.0
2024-05-12,8,한화,40,16,24,0,0.4,9.0,2024,5,,4.0,0.0,6.0,9.0,0.0,11.0,7.0,0.0,13.0
2024-05-12,8,키움,40,16,24,0,0.4,9.0,2024,5,,2.0,0.0,8.0,9.0,0.0,12.0,7.0,0.0,12.0
2024-05-12,10,롯데,39,13,25,1,0.342,11.0,2024,5,,5.0,0.0,5.0,9.0,1.0,12.0,4.0,0.0,13.0
2024-05-14,1,KIA,41,25,16,0,0.61,0.0,2024,5,,4.0,0.0,6.0,12.0,0.0,9.0,13.0,0.0,7.0
2024-05-14,2,NC,41,23,17,1,0.575,1.5,2024,5,,3.0,1.0,6.0,14.0,0.0,7.0,9.0,1.0,10.0
2024-05-14,3,두산,44,25,19,0,0.568,1.5,2024,5,,9.0,0.0,1.0,13.0,0.0,8.0,12.0,0.0,11.0
2024-05-14,4,삼성,42,23,18,1,0.561,2.0,2024,5,,5.0,0.0,5.0,7.0,0.0,11.0,16.0,1.0,7.0
2024-05-14,5,LG,44,23,19,2,0.548,2.5,2024,5,,6.0,0.0,4.0,13.0,1.0,9.0,10.0,1.0,10.0
2024-05-14,5,SSG,43,23,19,1,0.548,2.5,2024,5,,5.0,0.0,5.0,12.0,1.0,10.0,11.0,0.0,9.0
2024-05-14,7,KT,43,18,24,1,0.429,7.5,2024,5,,6.0,0.0,4.0,11.0,0.0,8.0,7.0,1.0,16.0
2024-05-14,8,키움,41,17,24,0,0.415,8.0,2024,5,,2.0,0.0,8.0,9.0,0.0,12.0,8.0,0.0,12.0
2024-05-14,9,한화,41,16,24,1,0.4,8.5,2024,5,,3.0,1.0,6.0,9.0,1.0,11.0,7.0,0.0,13.0
2024-05-14,10,롯데,40,13,26,1,0.333,11.0,2024,5,,5.0,0.0,5.0,9.0,1.0,12.0,4.0,0.0,14.0
2024-05-15,1,KIA,42,26,16,0,0.619,0.0,2024,5,,4.0,0.0,6.0,13.0,0.0,9.0,13.0,0.0,7.0
2024-05-15,2,NC,42,24,17,1,0.585,1.5,2024,5,,4.0,1.0,5.0,14.0,0.0,7.0,10.0,1.0,10.0
2024-05-15,3,삼성,42,23,18,1,0.561,2.5,2024,5,,5.0,0.0,5.0,7.0,0.0,11.0,16.0,1.0,7.0
2024-05-15,4,두산,45,25,20,0,0.556,2.5,2024,5,,9.0,0.0,1.0,13.0,0.0,8.0,12.0,0.0,12.0
2024-05-15,5,LG,44,23,19,2,0.548,3.0,2024,5,,6.0,0.0,4.0,13.0,1.0,9.0,10.0,1.0,10.0
2024-05-15,5,SSG,43,23,19,1,0.548,3.0,2024,5,,5.0,0.0,5.0,12.0,1.0,10.0,11.0,0.0,9.0
2024-05-15,7,KT,43,18,24,1,0.429,8.0,2024,5,,6.0,0.0,4.0,11.0,0.0,8.0,7.0,1.0,16.0
2024-05-15,8,키움,41,17,24,0,0.415,8.5,2024,5,,2.0,0.0,8.0,9.0,0.0,12.0,8.0,0.0,12.0
2024-05-15,9,한화,42,16,25,1,0.39,9.5,2024,5,,3.0,1.0,6.0,9.0,1.0,12.0,7.0,0.0,13.0
2024-05-15,10,롯데,40,13,26,1,0.333,11.5,2024,5,,5.0,0.0,5.0,9.0,1.0,12.0,4.0,0.0,14.0
2024-05-16,1,KIA,43,26,16,1,0.619,0.0,2024,5,,4.0,1.0,5.0,13.0,1.0,9.0,13.0,0.0,7.0
2024-05-16,2,NC,43,25,17,1,0.595,1.0,2024,5,,5.0,1.0,4.0,14.0,0.0,7.0,11.0,1.0,10.0
2024-05-16,3,삼성,43,24,18,1,0.571,2.0,2024,5,,5.0,0.0,5.0,7.0,0.0,11.0,17.0,1.0,7.0
2024-05-16,4,두산,46,25,20,1,0.556,2.5,2024,5,,8.0,1.0,1.0,13.0,0.0,8.0,12.0,1.0,12.0
2024-05-16,5,LG,45,23,20,2,0.535,3.5,2024,5,,5.0,0.0,5.0,13.0,1.0,10.0,10.0,1.0,10.0
2024-05-16,5,SSG,44,23,20,1,0.535,3.5,2024,5,,4.0,0.0,6.0,12.0,1.0,11.0,11.0,0.0,9.0
2024-05-16,7,키움,42,18,24,0,0.429,8.0,2024,5,,3.0,0.0,7.0,9.0,0.0,12.0,9.0,0.0,12.0
2024-05-16,8,KT,44,18,25,1,0.419,8.5,2024,5,,6.0,0.0,4.0,11.0,0.0,9.0,7.0,1.0,16.0
2024-05-16,9,한화,43,16,26,1,0.381,10.0,2024,5,,3.0,1.0,6.0,9.0,1.0,13.0,7.0,0.0,13.0
2024-05-16,10,롯데,41,14,26,1,0.35,11.0,2024,5,,6.0,0.0,4.0,9.0,1.0,12.0,5.0,0.0,14.0
2024-05-17,1,KIA,44,27,16,1,0.628,0.0,2024,5,,5.0,1.0,4.0,13.0,1.0,9.0,14.0,0.0,7.0
2024-05-17,2,NC,44,25,18,1,0.581,2.0,2024,5,,4.0,1.0,5.0,14.0,0.0,8.0,11.0,1.0,10.0
2024-05-17,2,삼성,44,25,18,1,0.581,2.0,2024,5,,5.0,0.0,5.0,8.0,0.0,11.0,17.0,1.0,7.0
2024-05-17,4,LG,46,24,20,2,0.545,3.5,2024,5,,6.0,0.0,4.0,13.0,1.0,10.0,11.0,1.0,10.0
2024-05-17,4,SSG,45,24,20,1,0.545,3.5,2024,5,,5.0,0.0,5.0,12.0,1.0,11.0,12.0,0.0,9.0
2024-05-17,6,두산,47,25,21,1,0.543,3.5,2024,5,,7.0,1.0,2.0,13.0,0.0,9.0,12.0,1.0,12.0
2024-05-17,7,키움,43,18,25,0,0.419,9.0,2024,5,,3.0,0.0,7.0,9.0,0.0,13.0,9.0,0.0,12.0
2024-05-17,8,KT,45,18,26,1,0.409,9.5,2024,5,,5.0,0.0,5.0,11.0,0.0,10.0,7.0,1.0,16.0
2024-05-17,9,한화,44,16,27,1,0.372,11.0,2024,5,,2.0,1.0,7.0,9.0,1.0,13.0,7.0,0.0,14.0
2024-05-17,10,롯데,42,15,26,1,0.366,11.0,2024,5,,6.0,0.0,4.0,9.0,1.0,12.0,6.0,0.0,14.0
2024-05-18,1,KIA,45,28,16,1,0.636,0.0,2024,5,,5.0,1.0,4.0,13.0,1.0,9.0,15.0,0.0,7.0
2024-05-18,2,삼성,45,26,18,1,0.591,2.0,2024,5,,6.0,0.0,4.0,9.0,0.0,11.0,17.0,1.0,7.0
2024-05-18,3,NC,45,25,19,1,0.568,3.0,2024,5,,3.0,1.0,6.0,14.0,0.0,9.0,11.0,1.0,10.0
2024-05-18,4,LG,47,25,20,2,0.556,3.5,2024,5,,7.0,0.0,3.0,13.0,1.0,10.0,12.0,1.0,10.0
2024-05-18,4,SSG,46,25,20,1,0.556,3.5,2024,5,,6.0,0.0,4.0,12.0,1.0,11.0,13.0,0.0,9.0
2024-05-18,6,두산,48,26,21,1,0.553,3.5,2024,5,,7.0,1.0,2.0,14.0,0.0,9.0,12.0,1.0,12.0
2024-05-18,7,키움,44,18,26,0,0.409,10.0,2024,5,,3.0,0.0,7.0,9.0,0.0,14.0,9.0,0.0,12.0
2024-05-18,8,KT,46,18,27,1,0.4,10.5,2024,5,,4.0,0.0,6.0,11.0,0.0,11.0,7.0,1.0,16.0
2024-05-18,9,한화,45,16,28,1,0.364,12.0,2024,5,,2.0,1.0,7.0,9.0,1.0,13.0,7.0,0.0,15.0
2024-05-18,10,롯데,43,15,27,1,0.357,12.0,2024,5,,5.0,0.0,5.0,9.0,1.0,12.0,6.0,0.0,15.0
2024-05-19,1,KIA,46,29,16,1,0.644,0.0,2024,5,,5.0,1.0,4.0,13.0,1.0,9.0,16.0,0.0,7.0
2024-05-19,2,삼성,46,26,19,1,0.578,3.0,2024,5,,6.0,0.0,4.0,9.0,0.0,12.0,17.0,1.0,7.0
2024-05-19,3,NC,46,25,20,1,0.556,4.0,2024,5,,3.0,1.0,6.0,14.0,0.0,10.0,11.0,1.0,10.0
2024-05-19,4,두산,49,26,21,2,0.553,4.0,2024,5,,6.0,2.0,2.0,14.0,1.0,9.0,12.0,1.0,12.0
2024-05-19,5,LG,48,25,21,2,0.543,4.5,2024,5,,7.0,0.0,3.0,13.0,1.0,10.0,12.0,1.0,11.0
2024-05-19,5,SSG,47,25,21,1,0.543,4.5,2024,5,,5.0,0.0,5.0,12.0,1.0,11.0,13.0,0.0,10.0
2024-05-19,7,키움,45,19,26,0,0.422,10.0,2024,5,,4.0,0.0,6.0,10.0,0.0,14.0,9.0,0.0,12.0
2024-05-19,8,KT,47,19,27,1,0.413,10.5,2024,5,,4.0,0.0,6.0,12.0,0.0,11.0,7.0,1.0,16.0
2024-05-19,9,한화,46,17,28,1,0.378,12.0,2024,5,,3.0,1.0,6.0,9.0,1.0,13.0,8.0,0.0,15.0
2024-05-19,10,롯데,44,15,27,2,0.357,12.5,2024,5,,4.0,1.0,5.0,9.0,1.0,12.0,6.0,1.0,15.0
2024-05-21,1,KIA,47,29,17,1,0.63,0.0,2024,5,,5.0,1.0,4.0,13.0,1.0,9.0,16.0,0.0,8.0
2024-05-21,2,NC,47,26,20,1,0.565,3.0,2024,5,,4.0,1.0,5.0,14.0,0.0,10.0,12.0,1.0,10.0
2024-05-21,2,삼성,47,26,20,1,0.565,3.0,2024,5,,6.0,0.0,4.0,9.0,0.0,13.0,17.0,1.0,7.0
2024-05-21,4,두산,50,27,21,2,0.563,3.0,2024,5,,6.0,2.0,2.0,15.0,1.0,9.0,12.0,1.0,12.0
2024-05-21,5,LG,49,25,22,2,0.532,4.5,2024,5,,6.0,0.0,4.0,13.0,1.0,10.0,12.0,1.0,12.0
2024-05-21,5,SSG,48,25,22,1,0.532,4.5,2024,5,,5.0,0.0,5.0,12.0,1.0,11.0,13.0,0.0,11.0
2024-05-21,7,KT,48,20,27,1,0.426,9.5,2024,5,,4.0,0.0,6.0,12.0,0.0,11.0,8.0,1.0,16.0
2024-05-21,8,키움,46,19,27,0,0.413,10.0,2024,5,,4.0,0.0,6.0,10.0,0.0,15.0,9.0,0.0,12.0
2024-05-21,9,한화,47,18,28,1,0.391,11.0,2024,5,,4.0,1.0,5.0,10.0,1.0,13.0,8.0,0.0,15.0
2024-05-21,10,롯데,45,16,27,2,0.372,11.5,2024,5,,4.0,1.0,5.0,10.0,1.0,12.0,6.0,1.0,15.0
2024-05-22,1,KIA,48,29,18,1,0.617,0.0,2024,5,,5.0,1.0,4.0,13.0,1.0,9.0,16.0,0.0,9.0
2024-05-22,2,NC,48,27,20,1,0.574,2.0,2024,5,,4.0,1.0,5.0,14.0,0.0,10.0,13.0,1.0,10.0
2024-05-22,2,삼성,48,27,20,1,0.574,2.0,2024,5,,6.0,0.0,4.0,10.0,0.0,13.0,17.0,1.0,7.0
2024-05-22,4,두산,51,28,21,2,0.571,2.0,2024,5,,6.0,2.0,2.0,16.0,1.0,9.0,12.0,1.0,12.0
2024-05-22,5,LG,50,25,23,2,0.521,4.5,2024,5,,5.0,0.0,5.0,13.0,1.0,10.0,12.0,1.0,13.0
2024-05-22,5,SSG,49,25,23,1,0.521,4.5,2024,5,,5.0,0.0,5.0,12.0,1.0,11.0,13.0,0.0,12.0
2024-05-22,7,KT,49,20,28,1,0.417,9.5,2024,5,,3.0,0.0,7.0,12.0,0.0,11.0,8.0,1.0,17.0
2024-05-22,8,한화,48,19,28,1,0.404,10.0,2024,5,,4.0,1.0,5.0,11.0,1.0,13.0,8.0,0.0,15.0
2024-05-22,8,키움,47,19,28,0,0.404,10.0,2024,5,,4.0,0.0,6.0,10.0,0.0,16.0,9.0,0.0,12.0
2024-05-22,10,롯데,46,17,27,2,0.386,10.5,2024,5,,4.0,1.0,5.0,11.0,1.0,12.0,6.0,1.0,15.0
2024-05-23,1,KIA,49,29,19,1,0.604,0.0,2024,5,,4.0,1.0,5.0,13.0,1.0,9.0,16.0,0.0,10.0
2024-05-23,2,두산,52,29,21,2,0.58,1.0,2024,5,,6.0,2.0,2.0,17.0,1.0,9.0,12.0,1.0,12.0
2024-05-23,3,NC,49,27,21,1,0.563,2.0,2024,5,,4.0,1.0,5.0,14.0,0.0,10.0,13.0,1.0,11.0
2024-05-23,3,삼성,49,27,21,1,0.563,2.0,2024,5,,6.0,0.0,4.0,10.0,0.0,14.0,17.0,1.0,7.0
2024-05-23,5,LG,51,26,23,2,0.531,3.5,2024,5,,5.0,0.0,5.0,13.0,1.0,10.0,13.0,1.0,13.0
2024-05-23,6,SSG,50,25,24,1,0.51,4.5,2024,5,,4.0,0.0,6.0,12.0,1.0,11.0,13.0,0.0,13.0
2024-05-23,7,KT,50,21,28,1,0.429,8.5,2024,5,,4.0,0.0,6.0,12.0,0.0,11.0,9.0,1.0,17.0
2024-05-23,8,키움,48,20,28,0,0.417,9.0,2024,5,,5.0,0.0,5.0,11.0,0.0,16.0,9.0,0.0,12.0
2024-05-23,9,롯데,47,18,27,2,0.4,9.5,2024,5,,5.0,1.0,4.0,12.0,1.0,12.0,6.0,1.0,15.0
2024-05-23,10,한화,49,19,29,1,0.396,10.0,2024,5,,4.0,1.0,5.0,11.0,1.0,14.0,8.0,0.0,15.0
2024-05-24,1,KIA,50,29,20,1,0.592,0.0,2024,5,,4.0,1.0,5.0,13.0,1.0,10.0,16.0,0.0,10.0
2024-05-24,2,두산,53,30,21,2,0.588,0.0,2024,5,,6.0,2.0,2.0,17.0,1.0,9.0,13.0,1.0,12.0
2024-05-24,3,삼성,50,28,21,1,0.571,1.0,2024,5,,6.0,0.0,4.0,10.0,0.0,14.0,18.0,1.0,7.0
2024-05-24,4,NC,50,27,22,1,0.551,2.0,2024,5,,4.0,1.0,5.0,14.0,0.0,10.0,13.0,1.0,12.0
2024-05-24,5,LG,52,27,23,2,0.54,2.5,2024,5,,5.0,0.0,5.0,14.0,1.0,10.0,13.0,1.0,13.0
2024-05-24,6,SSG,51,25,25,1,0.5,4.5,2024,5,,4.0,0.0,6.0,12.0,1.0,12.0,13.0,0.0,13.0
2024-05-24,7,KT,51,22,28,1,0.44,7.5,2024,5,,5.0,0.0,5.0,13.0,0.0,11.0,9.0,1.0,17.0
2024-05-24,8,한화,50,20,29,1,0.408,9.0,2024,5,,4.0,1.0,5.0,11.0,1.0,14.0,9.0,0.0,15.0
2024-05-24,8,키움,49,20,29,0,0.408,9.0,2024,5,,4.0,0.0,6.0,11.0,0.0,16.0,9.0,0.0,13.0
2024-05-24,10,롯데,48,18,28,2,0.391,9.5,2024,5,,5.0,1.0,4.0,12.0,1.0,13.0,6.0,1.0,15.0
2024-05-25,1,KIA,51,30,20,1,0.6,0.0,2024,5,,5.0,1.0,4.0,14.0,1.0,10.0,16.0,0.0,10.0
2024-05-25,2,두산,54,30,22,2,0.577,1.0,2024,5,,5.0,2.0,3.0,17.0,1.0,9.0,13.0,1.0,13.0
2024-05-25,3,삼성,51,28,22,1,0.56,2.0,2024,5,,5.0,0.0,5.0,10.0,0.0,14.0,18.0,1.0,8.0
2024-05-25,4,LG,53,28,23,2,0.549,2.5,2024,5,,5.0,0.0,5.0,15.0,1.0,10.0,13.0,1.0,13.0
2024-05-25,5,NC,51,27,23,1,0.54,3.0,2024,5,,4.0,0.0,6.0,14.0,0.0,10.0,13.0,1.0,13.0
2024-05-25,6,SSG,52,25,26,1,0.49,5.5,2024,5,,3.0,0.0,7.0,12.0,1.0,13.0,13.0,0.0,13.0
2024-05-25,7,KT,52,23,28,1,0.451,7.5,2024,5,,6.0,0.0,4.0,14.0,0.0,11.0,9.0,1.0,17.0
2024-05-25,8,한화,51,21,29,1,0.42,9.0,2024,5,,5.0,0.0,5.0,11.0,1.0,14.0,10.0,0.0,15.0
2024-05-25,9,롯데,49,19,28,2,0.404,9.5,2024,5,,6.0,1.0,3.0,13.0,1.0,13.0,6.0,1.0,15.0
2024-05-25,10,키움,50,20,30,0,0.4,10.0,2024,5,,4.0,0.0,6.0,11.0,0.0,16.0,9.0,0.0,14.0
2024-05-26,1,KIA,52,31,20,1,0.608,0.0,2024,5,,5.0,1.0,4.0,15.0,1.0,10.0,16.0,0.0,10.0
2024-05-26,2,두산,55,30,23,2,0.566,2.0,2024,5,,5.0,2.0,3.0,17.0,1.0,9.0,13.0,1.0,14.0
2024-05-26,3,LG,54,29,23,2,0.558,2.5,2024,5,,6.0,0.0,4.0,16.0,1.0,10.0,13.0,1.0,13.0
2024-05-26,4,삼성,52,28,23,1,0.549,3.0,2024,5,,5.0,0.0,5.0,10.0,0.0,14.0,18.0,1.0,9.0
2024-05-26,5,NC,52,27,24,1,0.529,4.0,2024,5,,3.0,0.0,7.0,14.0,0.0,10.0,13.0,1.0,14.0
2024-05-26,6,SSG,52,25,26,1,0.49,6.0,2024,5,,3.0,0.0,7.0,12.0,1.0,13.0,13.0,0.0,13.0
2024-05-26,7,KT,52,23,28,1,0.451,8.0,2024,5,,6.0,0.0,4.0,14.0,0.0,11.0,9.0,1.0,17.0
2024-05-26,8,한화,51,21,29,1,0.42,9.5,2024,5,,5.0,0.0,5.0,11.0,1.0,14.0,10.0,0.0,15.0
2024-05-26,9,롯데,50,20,28,2,0.417,9.5,2024,5,,7.0,1.0,2.0,14.0,1.0,13.0,6.0,1.0,15.0
2024-05-26,10,키움,50,20,30,0,0.4,10.5,2024,5,,4.0,0.0,6.0,11.0,0.0,16.0,9.0,0.0,14.0
2024-05-28,1,KIA,53,32,20,1,0.615,0.0,2024,5,,6.0,0.0,4.0,15.0,1.0,10.0,17.0,0.0,10.0
2024-05-28,2,LG,55,30,23,2,0.566,2.5,2024,5,,7.0,0.0,3.0,16.0,1.0,10.0,14.0,1.0,13.0
2024-05-28,3,두산,56,30,24,2,0.556,3.0,2024,5,,5.0,1.0,4.0,17.0,1.0,10.0,13.0,1.0,14.0
2024-05-28,4,삼성,53,28,24,1,0.538,4.0,2024,5,,4.0,0.0,6.0,10.0,0.0,15.0,18.0,1.0,9.0
2024-05-28,5,NC,53,27,25,1,0.519,5.0,2024,5,,2.0,0.0,8.0,14.0,0.0,11.0,13.0,1.0,14.0
2024-05-28,6,SSG,53,25,27,1,0.481,7.0,2024,5,,2.0,0.0,8.0,12.0,1.0,14.0,13.0,0.0,13.0
2024-05-28,7,KT,53,24,28,1,0.462,8.0,2024,5,,6.0,0.0,4.0,14.0,0.0,11.0,10.0,1.0,17.0
2024-05-28,8,한화,52,22,29,1,0.431,9.5,2024,5,,6.0,0.0,4.0,12.0,1.0,14.0,10.0,0.0,15.0
2024-05-28,9,키움,51,21,30,0,0.412,10.5,2024,5,,4.0,0.0,6.0,11.0,0.0,16.0,10.0,0.0,14.0
2024-05-28,10,롯데,51,20,29,2,0.408,10.5,2024,5,,6.0,1.0,3.0,14.0,1.0,13.0,6.0,1.0,16.0
2024-05-29,1,KIA,54,33,20,1,0.623,0.0,2024,5,,6.0,0.0,4.0,15.0,1.0,10.0,18.0,0.0,10.0
2024-05-29,2,LG,56,31,23,2,0.574,2.5,2024,5,,7.0,0.0,3.0,16.0,1.0,10.0,15.0,1.0,13.0
2024-05-29,3,두산,57,31,24,2,0.564,3.0,2024,5,,6.0,1.0,3.0,18.0,1.0,10.0,13.0,1.0,14.0
2024-05-29,4,삼성,54,28,25,1,0.528,5.0,2024,5,,3.0,0.0,7.0,10.0,0.0,16.0,18.0,1.0,9.0
2024-05-29,5,NC,54,27,26,1,0.509,6.0,2024,5,,2.0,0.0,8.0,14.0,0.0,12.0,13.0,1.0,14.0
2024-05-29,6,SSG,54,25,28,1,0.472,8.0,2024,5,,2.0,0.0,8.0,12.0,1.0,15.0,13.0,0.0,13.0
2024-05-29,7,KT,54,24,29,1,0.453,9.0,2024,5,,6.0,0.0,4.0,14.0,0.0,11.0,10.0,1.0,18.0
2024-05-29,8,한화,53,23,29,1,0.442,9.5,2024,5,,7.0,0.0,3.0,13.0,1.0,14.0,10.0,0.0,15.0
2024-05-29,9,키움,52,22,30,0,0.423,10.5,2024,5,,4.0,0.0,6.0,11.0,0.0,16.0,11.0,0.0,14.0
2024-05-29,10,롯데,52,20,30,2,0.4,11.5,2024,5,,5.0,1.0,4.0,14.0,1.0,13.0,6.0,1.0,17.0
2024-05-30,1,KIA,55,34,20,1,0.63,0.0,2024,5,,6.0,0.0,4.0,15.0,1.0,10.0,19.0,0.0,10.0
2024-05-30,2,두산,58,32,24,2,0.571,3.0,2024,5,,6.0,1.0,3.0,19.0,1.0,10.0,13.0,1.0,14.0
2024-05-30,3,LG,57,31,24,2,0.564,3.5,2024,5,,6.0,0.0,4.0,16.0,1.0,10.0,15.0,1.0,14.0
2024-05-30,4,삼성,55,29,25,1,0.537,5.0,2024,5,,3.0,0.0,7.0,11.0,0.0,16.0,18.0,1.0,9.0
2024-05-30,5,NC,55,27,27,1,0.5,7.0,2024,5,,2.0,0.0,8.0,14.0,0.0,13.0,13.0,1.0,14.0
2024-05-30,6,SSG,55,26,28,1,0.481,8.0,2024,5,,2.0,0.0,8.0,13.0,1.0,15.0,13.0,0.0,13.0
2024-05-30,7,한화,54,24,29,1,0.453,9.5,2024,5,,8.0,0.0,2.0,14.0,1.0,14.0,10.0,0.0,15.0
2024-05-30,8,KT,55,24,30,1,0.444,10.0,2024,5,,6.0,0.0,4.0,14.0,0.0,11.0,10.0,1.0,19.0
2024-05-30,9,키움,53,22,31,0,0.415,11.5,2024,5,,4.0,0.0,6.0,11.0,0.0,16.0,11.0,0.0,15.0
2024-05-30,10,롯데,53,20,31,2,0.392,12.5,2024,5,,5.0,1.0,4.0,14.0,1.0,13.0,6.0,1.0,18.0
2024-05-31,1,KIA,56,34,21,1,0.618,0.0,2024,5,,5.0,0.0,5.0,15.0,1.0,11.0,19.0,0.0,10.0
2024-05-31,2,LG,58,32,24,2,0.571,2.5,2024,5,,7.0,0.0,3.0,16.0,1.0,10.0,16.0,1.0,14.0
2024-05-31,3,두산,59,32,25,2,0.561,3.0,2024,5,,6.0,0.0,4.0,19.0,1.0,11.0,13.0,1.0,14.0
2024-05-31,4,삼성,56,30,25,1,0.545,4.0,2024,5,,4.0,0.0,6.0,12.0,0.0,16.0,18.0,1.0,9.0
2024-05-31,5,SSG,56,27,28,1,0.491,7.0,2024,5,,2.0,0.0,8.0,13.0,1.0,15.0,14.0,0.0,13.0
2024-05-31,5,NC,56,27,28,1,0.491,7.0,2024,5,,2.0,0.0,8.0,14.0,0.0,13.0,13.0,1.0,15.0
2024-05-31,7,KT,56,25,30,1,0.455,9.0,2024,5,,7.0,0.0,3.0,14.0,0.0,11.0,11.0,1.0,19.0
2024-05-31,8,한화,55,24,30,1,0.444,9.5,2024,5,,8.0,0.0,2.0,14.0,1.0,14.0,10.0,0.0,16.0
2024-05-31,9,키움,54,22,32,0,0.407,11.5,2024,5,,4.0,0.0,6.0,11.0,0.0,17.0,11.0,0.0,15.0
2024-05-31,10,롯데,54,21,31,2,0.404,11.5,2024,5,,6.0,0.0,4.0,15.0,1.0,13.0,6.0,1.0,18.0
2024-06-01,1,KIA,57,35,21,1,0.625,0.0,2024,6,,6.0,0.0,4.0,16.0,1.0,11.0,19.0,0.0,10.0
2024-06-01,2,LG,59,33,24,2,0.579,2.5,2024,6,,8.0,0.0,2.0,16.0,1.0,10.0,17.0,1.0,14.0
2024-06-01,3,삼성,57,31,25,1,0.554,4.0,2024,6,,5.0,0.0,5.0,13.0,0.0,16.0,18.0,1.0,9.0
2024-06-01,4,두산,60,32,26,2,0.552,4.0,2024,6,,5.0,0.0,5.0,19.0,1.0,12.0,13.0,1.0,14.0
2024-06-01,5,SSG,57,28,28,1,0.5,7.0,2024,6,,3.0,0.0,7.0,13.0,1.0,15.0,15.0,0.0,13.0
2024-06-01,5,NC,57,28,28,1,0.5,7.0,2024,6,,2.0,0.0,8.0,14.0,0.0,13.0,14.0,1.0,15.0
2024-06-01,7,KT,57,25,31,1,0.446,10.0,2024,6,,6.0,0.0,4.0,14.0,0.0,11.0,11.0,1.0,20.0
2024-06-01,8,한화,56,24,31,1,0.436,10.5,2024,6,,7.0,0.0,3.0,14.0,1.0,14.0,10.0,0.0,17.0
2024-06-01,9,키움,55,22,33,0,0.4,12.5,2024,6,,3.0,0.0,7.0,11.0,0.0,18.0,11.0,0.0,15.0
2024-06-01,10,롯데,55,21,32,2,0.396,12.5,2024,6,,5.0,0.0,5.0,15.0,1.0,14.0,6.0,1.0,18.0
2024-06-02,1,KIA,58,35,22,1,0.614,0.0,2024,6,,6.0,0.0,4.0,16.0,1.0,12.0,19.0,0.0,10.0
2024-06-02,2,LG,60,34,24,2,0.586,1.5,2024,6,,9.0,0.0,1.0,16.0,1.0,10.0,18.0,1.0,14.0
2024-06-02,3,삼성,58,32,25,1,0.561,3.0,2024,6,,5.0,0.0,5.0,14.0,0.0,16.0,18.0,1.0,9.0
2024-06-02,4,두산,61,32,27,2,0.542,4.0,2024,6,,4.0,0.0,6.0,19.0,1.0,13.0,13.0,1.0,14.0
2024-06-02,5,SSG,58,29,28,1,0.509,6.0,2024,6,,4.0,0.0,6.0,13.0,1.0,15.0,16.0,0.0,13.0
2024-06-02,6,NC,58,28,29,1,0.491,7.0,2024,6,,1.0,0.0,9.0,14.0,0.0,13.0,14.0,1.0,16.0
2024-06-02,7,KT,58,26,31,1,0.456,9.0,2024,6,,6.0,0.0,4.0,14.0,0.0,11.0,12.0,1.0,20.0
2024-06-02,8,한화,57,24,32,1,0.429,10.5,2024,6,,6.0,0.0,4.0,14.0,1.0,14.0,10.0,0.0,18.0
2024-06-02,9,롯데,56,22,32,2,0.407,11.5,2024,6,,5.0,0.0,5.0,16.0,1.0,14.0,6.0,1.0,18.0
2024-06-02,10,키움,56,22,34,0,0.393,12.5,2024,6,,3.0,0.0,7.0,11.0,0.0,19.0,11.0,0.0,15.0
2024-06-04,1,KIA,59,35,23,1,0.603,0.0,2024,6,,6.0,0.0,4.0,16.0,1.0,13.0,19.0,0.0,10.0
2024-06-04,2,LG,61,34,25,2,0.576,1.5,2024,6,,8.0,0.0,2.0,16.0,1.0,11.0,18.0,1.0,14.0
2024-06-04,3,삼성,59,33,25,1,0.569,2.0,2024,6,,6.0,0.0,4.0,14.0,0.0,16.0,19.0,1.0,9.0
2024-06-04,4,두산,62,33,27,2,0.55,3.0,2024,6,,4.0,0.0,6.0,19.0,1.0,13.0,14.0,1.0,14.0
2024-06-04,5,SSG,59,29,29,1,0.5,6.0,2024,6,,4.0,0.0,6.0,13.0,1.0,16.0,16.0,0.0,13.0
2024-06-04,6,NC,59,28,30,1,0.483,7.0,2024,6,,1.0,0.0,9.0,14.0,0.0,14.0,14.0,1.0,16.0
2024-06-04,7,KT,59,26,32,1,0.448,9.0,2024,6,,6.0,0.0,4.0,14.0,0.0,12.0,12.0,1.0,20.0
2024-06-04,8,한화,58,25,32,1,0.439,9.5,2024,6,,6.0,0.0,4.0,14.0,1.0,14.0,11.0,0.0,18.0
2024-06-04,9,롯데,57,23,32,2,0.418,10.5,2024,6,,5.0,0.0,5.0,16.0,1.0,14.0,7.0,1.0,18.0
2024-06-04,10,키움,57,23,34,0,0.404,11.5,2024,6,,4.0,0.0,6.0,11.0,0.0,19.0,12.0,0.0,15.0
2024-06-05,1,KIA,60,35,24,1,0.593,0.0,2024,6,,6.0,0.0,4.0,16.0,1.0,14.0,19.0,0.0,10.0
2024-06-05,2,LG,62,35,25,2,0.583,0.5,2024,6,,8.0,0.0,2.0,17.0,1.0,11.0,18.0,1.0,14.0
2024-06-05,3,삼성,60,33,26,1,0.559,2.0,2024,6,,5.0,0.0,5.0,14.0,0.0,16.0,19.0,1.0,10.0
2024-06-05,4,두산,63,34,27,2,0.557,2.0,2024,6,,4.0,0.0,6.0,19.0,1.0,13.0,15.0,1.0,14.0
2024-06-05,5,SSG,60,30,29,1,0.508,5.0,2024,6,,5.0,0.0,5.0,14.0,1.0,16.0,16.0,0.0,13.0
2024-06-05,6,NC,60,28,31,1,0.475,7.0,2024,6,,1.0,0.0,9.0,14.0,0.0,15.0,14.0,1.0,16.0
2024-06-05,7,한화,59,26,32,1,0.448,8.5,2024,6,,7.0,0.0,3.0,14.0,1.0,14.0,12.0,0.0,18.0
2024-06-05,8,KT,60,26,33,1,0.441,9.0,2024,6,,5.0,0.0,5.0,14.0,0.0,13.0,12.0,1.0,20.0
2024-06-05,9,롯데,58,24,32,2,0.429,9.5,2024,6,,6.0,0.0,4.0,16.0,1.0,14.0,8.0,1.0,18.0
2024-06-05,10,키움,58,23,35,0,0.397,11.5,2024,6,,3.0,0.0,7.0,11.0,0.0,19.0,12.0,0.0,16.0
2024-06-06,1,KIA,61,36,24,1,0.6,0.0,2024,6,,6.0,0.0,4.0,17.0,1.0,14.0,19.0,0.0,10.0
2024-06-06,2,LG,63,36,25,2,0.59,0.5,2024,6,,8.0,0.0,2.0,18.0,1.0,11.0,18.0,1.0,14.0
2024-06-06,3,두산,64,35,27,2,0.565,2.0,2024,6,,5.0,0.0,5.0,19.0,1.0,13.0,16.0,1.0,14.0
2024-06-06,4,삼성,61,33,27,1,0.55,3.0,2024,6,,5.0,0.0,5.0,14.0,0.0,16.0,19.0,1.0,11.0
2024-06-06,5,SSG,61,31,29,1,0.517,5.0,2024,6,,6.0,0.0,4.0,15.0,1.0,16.0,16.0,0.0,13.0
2024-06-06,6,NC,61,28,32,1,0.467,8.0,2024,6,,1.0,0.0,9.0,14.0,0.0,16.0,14.0,1.0,16.0
2024-06-06,7,한화,60,27,32,1,0.458,8.5,2024,6,,7.0,0.0,3.0,14.0,1.0,14.0,13.0,0.0,18.0
2024-06-06,8,KT,61,26,34,1,0.433,10.0,2024,6,,4.0,0.0,6.0,14.0,0.0,14.0,12.0,1.0,20.0
2024-06-06,9,롯데,59,24,33,2,0.421,10.5,2024,6,,5.0,0.0,5.0,16.0,1.0,14.0,8.0,1.0,19.0
2024-06-06,10,키움,59,23,36,0,0.39,12.5,2024,6,,3.0,0.0,7.0,11.0,0.0,19.0,12.0,0.0,17.0
2024-06-07,1,LG,64,37,25,2,0.597,0.0,2024,6,,8.0,0.0,2.0,18.0,1.0,11.0,19.0,1.0,14.0
2024-06-07,2,KIA,62,36,25,1,0.59,0.5,2024,6,,5.0,0.0,5.0,17.0,1.0,14.0,19.0,0.0,11.0
2024-06-07,3,두산,65,36,27,2,0.571,1.5,2024,6,,6.0,0.0,4.0,20.0,1.0,13.0,16.0,1.0,14.0
2024-06-07,4,삼성,62,33,28,1,0.541,3.5,2024,6,,5.0,0.0,5.0,14.0,0.0,16.0,19.0,1.0,12.0
2024-06-07,5,SSG,62,31,30,1,0.508,5.5,2024,6,,6.0,0.0,4.0,15.0,1.0,16.0,16.0,0.0,14.0
2024-06-07,6,NC,62,29,32,1,0.475,7.5,2024,6,,2.0,0.0,8.0,14.0,0.0,16.0,15.0,1.0,16.0
2024-06-07,7,한화,61,27,33,1,0.45,9.0,2024,6,,6.0,0.0,4.0,14.0,1.0,15.0,13.0,0.0,18.0
2024-06-07,8,롯데,60,25,33,2,0.431,10.0,2024,6,,5.0,0.0,5.0,17.0,1.0,14.0,8.0,1.0,19.0
2024-06-07,9,KT,62,26,35,1,0.426,10.5,2024,6,,3.0,0.0,7.0,14.0,0.0,15.0,12.0,1.0,20.0
2024-06-07,10,키움,60,24,36,0,0.4,12.0,2024,6,,4.0,0.0,6.0,12.0,0.0,19.0,12.0,0.0,17.0
2024-06-08,1,LG,65,38,25,2,0.603,0.0,2024,6,,8.0,0.0,2.0,18.0,1.0,11.0,20.0,1.0,14.0
2024-06-08,2,KIA,63,36,26,1,0.581,1.5,2024,6,,4.0,0.0,6.0,17.0,1.0,14.0,19.0,0.0,12.0
2024-06-08,3,두산,66,37,27,2,0.578,1.5,2024,6,,7.0,0.0,3.0,21.0,1.0,13.0,16.0,1.0,14.0
2024-06-08,4,삼성,63,33,29,1,0.532,4.5,2024,6,,5.0,0.0,5.0,14.0,0.0,16.0,19.0,1.0,13.0
2024-06-08,5,SSG,62,31,30,1,0.508,6.0,2024,6,,6.0,0.0,4.0,15.0,1.0,16.0,16.0,0.0,14.0
2024-06-08,6,NC,63,30,32,1,0.484,7.5,2024,6,,3.0,0.0,7.0,14.0,0.0,16.0,16.0,1.0,16.0
2024-06-08,7,한화,62,27,34,1,0.443,10.0,2024,6,,5.0,0.0,5.0,14.0,1.0,16.0,13.0,0.0,18.0
2024-06-08,8,롯데,60,25,33,2,0.431,10.5,2024,6,,5.0,0.0,5.0,17.0,1.0,14.0,8.0,1.0,19.0
2024-06-08,9,KT,63,26,36,1,0.419,11.5,2024,6,,2.0,0.0,8.0,14.0,0.0,16.0,12.0,1.0,20.0
2024-06-08,10,키움,61,25,36,0,0.41,12.0,2024,6,,4.0,0.0,6.0,13.0,0.0,19.0,12.0,0.0,17.0
2024-06-09,1,LG,66,38,26,2,0.594,0.0,2024,6,,7.0,0.0,3.0,18.0,1.0,11.0,20.0,1.0,15.0
2024-06-09,2,KIA,64,37,26,1,0.587,0.5,2024,6,,4.0,0.0,6.0,17.0,1.0,14.0,20.0,0.0,12.0
2024-06-09,3,두산,67,37,28,2,0.569,1.5,2024,6,,6.0,0.0,4.0,21.0,1.0,14.0,16.0,1.0,14.0
2024-06-09,4,삼성,64,34,29,1,0.54,3.5,2024,6,,6.0,0.0,4.0,14.0,0.0,16.0,20.0,1.0,13.0
2024-06-09,5,SSG,64,32,31,1,0.508,5.5,2024,6,,7.0,0.0,3.0,15.0,1.0,16.0,17.0,0.0,15.0
2024-06-09,6,NC,64,30,32,2,0.484,7.0,2024,6,,3.0,1.0,6.0,14.0,0.0,16.0,16.0,2.0,16.0
2024-06-09,7,한화,63,27,34,2,0.443,9.5,2024,6,,4.0,1.0,5.0,14.0,2.0,16.0,13.0,0.0,18.0
2024-06-09,8,롯데,62,26,34,2,0.433,10.0,2024,6,,6.0,0.0,4.0,18.0,1.0,15.0,8.0,1.0,19.0
2024-06-09,9,KT,64,27,36,1,0.429,10.5,2024,6,,3.0,0.0,7.0,15.0,0.0,16.0,12.0,1.0,20.0
2024-06-09,10,키움,62,25,37,0,0.403,12.0,2024,6,,3.0,0.0,7.0,13.0,0.0,20.0,12.0,0.0,17.0
2024-06-11,1,LG,67,38,27,2,0.585,0.0,2024,6,,7.0,0.0,3.0,18.0,1.0,11.0,20.0,1.0,16.0
2024-06-11,2,KIA,65,37,27,1,0.578,0.5,2024,6,,3.0,0.0,7.0,17.0,1.0,14.0,20.0,0.0,13.0
2024-06-11,3,두산,68,37,29,2,0.561,1.5,2024,6,,5.0,0.0,5.0,21.0,1.0,15.0,16.0,1.0,14.0
2024-06-11,4,삼성,65,35,29,1,0.547,2.5,2024,6,,6.0,0.0,4.0,15.0,0.0,16.0,20.0,1.0,13.0
2024-06-11,5,SSG,65,33,31,1,0.516,4.5,2024,6,,7.0,0.0,3.0,16.0,1.0,16.0,17.0,0.0,15.0
2024-06-11,6,NC,65,31,32,2,0.492,6.0,2024,6,,4.0,1.0,5.0,15.0,0.0,16.0,16.0,2.0,16.0
2024-06-11,7,한화,64,28,34,2,0.452,8.5,2024,6,,4.0,1.0,5.0,14.0,2.0,16.0,14.0,0.0,18.0
2024-06-11,8,롯데,63,26,35,2,0.426,10.0,2024,6,,6.0,0.0,4.0,18.0,1.0,16.0,8.0,1.0,19.0
2024-06-11,9,KT,65,27,37,1,0.422,10.5,2024,6,,3.0,0.0,7.0,15.0,0.0,16.0,12.0,1.0,21.0
2024-06-11,10,키움,63,26,37,0,0.413,11.0,2024,6,,4.0,0.0,6.0,13.0,0.0,20.0,13.0,0.0,17.0
2024-06-12,1,KIA,66,38,27,1,0.585,0.0,2024,6,,4.0,0.0,6.0,17.0,1.0,14.0,21.0,0.0,13.0
2024-06-12,2,LG,68,38,28,2,0.576,0.5,2024,6,,6.0,0.0,4.0,18.0,1.0,11.0,20.0,1.0,17.0
2024-06-12,3,삼성,66,36,29,1,0.554,2.0,2024,6,,6.0,0.0,4.0,16.0,0.0,16.0,20.0,1.0,13.0
2024-06-12,4,두산,69,37,30,2,0.552,2.0,2024,6,,5.0,0.0,5.0,21.0,1.0,16.0,16.0,1.0,14.0
2024-06-12,5,SSG,66,33,32,1,0.508,5.0,2024,6,,6.0,0.0,4.0,16.0,1.0,17.0,17.0,0.0,15.0
2024-06-12,6,NC,66,31,33,2,0.484,6.5,2024,6,,4.0,1.0,5.0,15.0,0.0,17.0,16.0,2.0,16.0
2024-06-12,7,한화,65,29,34,2,0.46,8.0,2024,6,,5.0,1.0,4.0,14.0,2.0,16.0,15.0,0.0,18.0
2024-06-12,8,롯데,64,27,35,2,0.435,9.5,2024,6,,6.0,0.0,4.0,19.0,1.0,16.0,8.0,1.0,19.0
2024-06-12,9,KT,66,28,37,1,0.431,10.0,2024,6,,3.0,0.0,7.0,15.0,0.0,16.0,13.0,1.0,21.0
2024-06-12,10,키움,64,26,38,0,0.406,11.5,2024,6,,4.0,0.0,6.0,13.0,0.0,20.0,13.0,0.0,18.0
2024-06-13,1,KIA,67,38,28,1,0.576,0.0,2024,6,,3.0,0.0,7.0,17.0,1.0,14.0,21.0,0.0,14.0
2024-06-13,2,LG,69,38,29,2,0.567,0.5,2024,6,,5.0,0.0,5.0,18.0,1.0,11.0,20.0,1.0,18.0
2024-06-13,3,삼성,67,37,29,1,0.561,1.0,2024,6,,6.0,0.0,4.0,17.0,0.0,16.0,20.0,1.0,13.0
2024-06-13,4,두산,70,38,30,2,0.559,1.0,2024,6,,6.0,0.0,4.0,22.0,1.0,16.0,16.0,1.0,14.0
2024-06-13,5,SSG,67,34,32,1,0.515,4.0,2024,6,,6.0,0.0,4.0,17.0,1.0,17.0,17.0,0.0,15.0
2024-06-13,6,NC,67,32,33,2,0.492,5.5,2024,6,,4.0,1.0,5.0,16.0,0.0,17.0,16.0,2.0,16.0
2024-06-13,7,한화,66,29,35,2,0.453,8.0,2024,6,,5.0,1.0,4.0,14.0,2.0,16.0,15.0,0.0,19.0
2024-06-13,8,롯데,65,28,35,2,0.444,8.5,2024,6,,7.0,0.0,3.0,20.0,1.0,16.0,8.0,1.0,19.0
2024-06-13,9,KT,67,28,38,1,0.424,10.0,2024,6,,3.0,0.0,7.0,15.0,0.0,16.0,13.0,1.0,22.0
2024-06-13,10,키움,65,26,39,0,0.4,11.5,2024,6,,4.0,0.0,6.0,13.0,0.0,20.0,13.0,0.0,19.0
2024-06-14,1,KIA,68,39,28,1,0.582,0.0,2024,6,,4.0,0.0,6.0,17.0,1.0,14.0,22.0,0.0,14.0
2024-06-14,2,LG,70,39,29,2,0.574,0.5,2024,6,,5.0,0.0,5.0,19.0,1.0,11.0,20.0,1.0,18.0
2024-06-14,3,삼성,68,38,29,1,0.567,1.0,2024,6,,6.0,0.0,4.0,17.0,0.0,16.0,21.0,1.0,13.0
2024-06-14,4,두산,71,39,30,2,0.565,1.0,2024,6,,7.0,0.0,3.0,22.0,1.0,16.0,17.0,1.0,14.0
2024-06-14,5,SSG,68,35,32,1,0.522,4.0,2024,6,,6.0,0.0,4.0,17.0,1.0,17.0,18.0,0.0,15.0
2024-06-14,6,NC,68,32,34,2,0.485,6.5,2024,6,,4.0,1.0,5.0,16.0,0.0,18.0,16.0,2.0,16.0
2024-06-14,7,한화,67,29,36,2,0.446,9.0,2024,6,,5.0,1.0,4.0,14.0,2.0,17.0,15.0,0.0,19.0
2024-06-14,8,롯데,66,28,36,2,0.438,9.5,2024,6,,6.0,0.0,4.0,20.0,1.0,16.0,8.0,1.0,20.0
2024-06-14,9,KT,68,28,39,1,0.418,11.0,2024,6,,2.0,0.0,8.0,15.0,0.0,17.0,13.0,1.0,22.0
2024-06-14,10,키움,66,26,40,0,0.394,12.5,2024,6,,4.0,0.0,6.0,13.0,0.0,21.0,13.0,0.0,19.0
2024-06-15,1,KIA,69,40,28,1,0.588,0.0,2024,6,,5.0,0.0,5.0,17.0,1.0,14.0,23.0,0.0,14.0
2024-06-15,2,두산,72,40,30,2,0.571,1.0,2024,6,,7.0,0.0,3.0,22.0,1.0,16.0,18.0,1.0,14.0
2024-06-15,3,LG,71,39,30,2,0.565,1.5,2024,6,,5.0,0.0,5.0,19.0,1.0,12.0,20.0,1.0,18.0
2024-06-15,4,삼성,69,38,30,1,0.559,2.0,2024,6,,5.0,0.0,5.0,17.0,0.0,16.0,21.0,1.0,14.0
2024-06-15,5,SSG,69,36,32,1,0.529,4.0,2024,6,,7.0,0.0,3.0,17.0,1.0,17.0,19.0,0.0,15.0
2024-06-15,6,NC,69,33,34,2,0.493,6.5,2024,6,,5.0,1.0,4.0,17.0,0.0,18.0,16.0,2.0,16.0
2024-06-15,7,롯데,67,29,36,2,0.446,9.5,2024,6,,6.0,0.0,4.0,20.0,1.0,16.0,9.0,1.0,20.0
2024-06-15,8,한화,68,29,37,2,0.439,10.0,2024,6,,4.0,1.0,5.0,14.0,2.0,18.0,15.0,0.0,19.0
2024-06-15,9,KT,69,28,40,1,0.412,12.0,2024,6,,2.0,0.0,8.0,15.0,0.0,18.0,13.0,1.0,22.0
2024-06-15,10,키움,67,26,41,0,0.388,13.5,2024,6,,3.0,0.0,7.0,13.0,0.0,22.0,13.0,0.0,19.0
2024-06-16,1,KIA,70,41,28,1,0.594,0.0,2024,6,,6.0,0.0,4.0,17.0,1.0,14.0,24.0,0.0,14.0
2024-06-16,2,LG,72,40,30,2,0.571,1.5,2024,6,,5.0,0.0,5.0,20.0,1.0,12.0,20.0,1.0,18.0
2024-06-16,3,두산,73,40,31,2,0.563,2.0,2024,6,,6.0,0.0,4.0,22.0,1.0,16.0,18.0,1.0,15.0
2024-06-16,4,삼성,70,38,31,1,0.551,3.0,2024,6,,5.0,0.0,5.0,17.0,0.0,16.0,21.0,1.0,15.0
2024-06-16,5,SSG,70,36,33,1,0.522,5.0,2024,6,,6.0,0.0,4.0,17.0,1.0,17.0,19.0,0.0,16.0
2024-06-16,6,NC,70,34,34,2,0.5,6.5,2024,6,,6.0,1.0,3.0,18.0,0.0,18.0,16.0,2.0,16.0
2024-06-16,7,한화,69,30,37,2,0.448,10.0,2024,6,,4.0,1.0,5.0,15.0,2.0,18.0,15.0,0.0,19.0
2024-06-16,8,롯데,68,29,37,2,0.439,10.5,2024,6,,5.0,0.0,5.0,20.0,1.0,16.0,9.0,1.0,21.0
2024-06-16,9,KT,70,28,41,1,0.406,13.0,2024,6,,2.0,0.0,8.0,15.0,0.0,19.0,13.0,1.0,22.0
2024-06-16,10,키움,68,27,41,0,0.397,13.5,2024,6,,4.0,0.0,6.0,14.0,0.0,22.0,13.0,0.0,19.0
2024-06-18,1,KIA,71,42,28,1,0.6,0.0,2024,6,,6.0,0.0,4.0,18.0,1.0,14.0,24.0,0.0,14.0
2024-06-18,2,두산,74,41,31,2,0.569,2.0,2024,6,,6.0,0.0,4.0,23.0,1.0,16.0,18.0,1.0,15.0
2024-06-18,3,LG,73,40,31,2,0.563,2.5,2024,6,,4.0,0.0,6.0,20.0,1.0,12.0,20.0,1.0,19.0
2024-06-18,4,삼성,71,38,32,1,0.543,4.0,2024,6,,5.0,0.0,5.0,17.0,0.0,17.0,21.0,1.0,15.0
2024-06-18,5,SSG,71,37,33,1,0.529,5.0,2024,6,,6.0,0.0,4.0,17.0,1.0,17.0,20.0,0.0,16.0
2024-06-18,6,NC,71,34,35,2,0.493,7.5,2024,6,,6.0,1.0,3.0,18.0,0.0,18.0,16.0,2.0,17.0
2024-06-18,7,한화,70,31,37,2,0.456,10.0,2024,6,,4.0,1.0,5.0,16.0,2.0,18.0,15.0,0.0,19.0
2024-06-18,8,롯데,69,29,38,2,0.433,11.5,2024,6,,5.0,0.0,5.0,20.0,1.0,16.0,9.0,1.0,22.0
2024-06-18,9,KT,71,29,41,1,0.414,13.0,2024,6,,3.0,0.0,7.0,16.0,0.0,19.0,13.0,1.0,22.0
2024-06-18,10,키움,69,27,42,0,0.391,14.5,2024,6,,4.0,0.0,6.0,14.0,0.0,22.0,13.0,0.0,20.0
2024-06-19,1,KIA,72,42,29,1,0.592,0.0,2024,6,,6.0,0.0,4.0,18.0,1.0,15.0,24.0,0.0,14.0
2024-06-19,2,LG,74,41,31,2,0.569,1.5,2024,6,,4.0,0.0,6.0,20.0,1.0,12.0,21.0,1.0,19.0
2024-06-19,3,두산,75,41,32,2,0.562,2.0,2024,6,,5.0,0.0,5.0,23.0,1.0,17.0,18.0,1.0,15.0
2024-06-19,4,삼성,72,39,32,1,0.549,3.0,2024,6,,6.0,0.0,4.0,18.0,0.0,17.0,21.0,1.0,15.0
2024-06-19,5,SSG,72,37,34,1,0.521,5.0,2024,6,,6.0,0.0,4.0,17.0,1.0,17.0,20.0,0.0,17.0
2024-06-19,6,NC,72,35,35,2,0.5,6.5,2024,6,,6.0,1.0,3.0,18.0,0.0,18.0,17.0,2.0,17.0
2024-06-19,7,한화,71,32,37,2,0.464,9.0,2024,6,,5.0,1.0,4.0,17.0,2.0,18.0,15.0,0.0,19.0
2024-06-19,8,롯데,70,30,38,2,0.441,10.5,2024,6,,5.0,0.0,5.0,20.0,1.0,16.0,10.0,1.0,22.0
2024-06-19,9,KT,72,29,42,1,0.408,13.0,2024,6,,3.0,0.0,7.0,16.0,0.0,20.0,13.0,1.0,22.0
2024-06-19,10,키움,70,27,43,0,0.386,14.5,2024,6,,3.0,0.0,7.0,14.0,0.0,22.0,13.0,0.0,21.0
2024-06-20,1,KIA,73,43,29,1,0.597,0.0,2024,6,,7.0,0.0,3.0,19.0,1.0,15.0,24.0,0.0,14.0
2024-06-20,2,두산,76,42,32,2,0.568,2.0,2024,6,,5.0,0.0,5.0,24.0,1.0,17.0,18.0,1.0,15.0
2024-06-20,3,LG,75,41,32,2,0.562,2.5,2024,6,,3.0,0.0,7.0,20.0,1.0,12.0,21.0,1.0,20.0
2024-06-20,4,삼성,73,40,32,1,0.556,3.0,2024,6,,7.0,0.0,3.0,19.0,0.0,17.0,21.0,1.0,15.0
2024-06-20,5,SSG,73,37,35,1,0.514,6.0,2024,6,,5.0,0.0,5.0,17.0,1.0,17.0,20.0,0.0,18.0
2024-06-20,6,NC,73,35,36,2,0.493,7.5,2024,6,,5.0,1.0,4.0,18.0,0.0,18.0,17.0,2.0,18.0
2024-06-20,7,한화,72,32,38,2,0.457,10.0,2024,6,,5.0,1.0,4.0,17.0,2.0,19.0,15.0,0.0,19.0
2024-06-20,8,롯데,71,30,39,2,0.435,11.5,2024,6,,5.0,0.0,5.0,20.0,1.0,16.0,10.0,1.0,23.0
2024-06-20,9,KT,73,30,42,1,0.417,13.0,2024,6,,4.0,0.0,6.0,17.0,0.0,20.0,13.0,1.0,22.0
2024-06-20,10,키움,71,28,43,0,0.394,14.5,2024,6,,3.0,0.0,7.0,14.0,0.0,22.0,14.0,0.0,21.0
2024-06-21,1,KIA,74,44,29,1,0.603,0.0,2024,6,,7.0,0.0,3.0,20.0,1.0,15.0,24.0,0.0,14.0
2024-06-21,2,삼성,74,41,32,1,0.562,3.0,2024,6,,7.0,0.0,3.0,20.0,0.0,17.0,21.0,1.0,15.0
2024-06-21,3,두산,77,42,33,2,0.56,3.0,2024,6,,5.0,0.0,5.0,24.0,1.0,17.0,18.0,1.0,16.0
2024-06-21,4,LG,76,41,33,2,0.554,3.5,2024,6,,3.0,0.0,7.0,20.0,1.0,13.0,21.0,1.0,20.0
2024-06-21,5,SSG,74,37,36,1,0.507,7.0,2024,6,,5.0,0.0,5.0,17.0,1.0,18.0,20.0,0.0,18.0
2024-06-21,6,NC,74,36,36,2,0.5,7.5,2024,6,,6.0,0.0,4.0,18.0,0.0,18.0,18.0,2.0,18.0
2024-06-21,7,한화,73,32,39,2,0.451,11.0,2024,6,,5.0,0.0,5.0,17.0,2.0,19.0,15.0,0.0,20.0
2024-06-21,8,롯데,72,30,40,2,0.429,12.5,2024,6,,4.0,0.0,6.0,20.0,1.0,16.0,10.0,1.0,24.0
2024-06-21,9,KT,74,31,42,1,0.425,13.0,2024,6,,4.0,0.0,6.0,17.0,0.0,20.0,14.0,1.0,22.0
2024-06-21,10,키움,72,29,43,0,0.403,14.5,2024,6,,4.0,0.0,6.0,15.0,0.0,22.0,14.0,0.0,21.0
2024-06-22,1,KIA,74,44,29,1,0.603,0.0,2024,6,,7.0,0.0,3.0,20.0,1.0,15.0,24.0,0.0,14.0
2024-06-22,2,삼성,74,41,32,1,0.562,3.0,2024,6,,7.0,0.0,3.0,20.0,0.0,17.0,21.0,1.0,15.0
2024-06-22,3,두산,77,42,33,2,0.56,3.0,2024,6,,5.0,0.0,5.0,24.0,1.0,17.0,18.0,1.0,16.0
2024-06-22,4,LG,76,41,33,2,0.554,3.5,2024,6,,3.0,0.0,7.0,20.0,1.0,13.0,21.0,1.0,20.0
2024-06-22,5,SSG,75,38,36,1,0.514,6.5,2024,6,,5.0,0.0,5.0,18.0,1.0,18.0,20.0,0.0,18.0
2024-06-22,6,NC,75,36,37,2,0.493,8.0,2024,6,,5.0,0.0,5.0,18.0,0.0,18.0,18.0,2.0,19.0
2024-06-22,7,한화,73,32,39,2,0.451,11.0,2024,6,,5.0,0.0,5.0,17.0,2.0,19.0,15.0,0.0,20.0
2024-06-22,8,롯데,73,31,40,2,0.437,12.0,2024,6,,5.0,0.0,5.0,20.0,1.0,16.0,11.0,1.0,24.0
2024-06-22,9,KT,74,31,42,1,0.425,13.0,2024,6,,4.0,0.0,6.0,17.0,0.0,20.0,14.0,1.0,22.0
2024-06-22,10,키움,73,29,44,0,0.397,15.0,2024,6,,3.0,0.0,7.0,15.0,0.0,23.0,14.0,0.0,21.0
2024-06-23,1,KIA,76,45,30,1,0.6,0.0,2024,6,,7.0,0.0,3.0,21.0,1.0,16.0,24.0,0.0,14.0
2024-06-23,2,삼성,76,43,32,1,0.573,2.0,2024,6,,7.0,0.0,3.0,22.0,0.0,17.0,21.0,1.0,15.0
2024-06-23,3,LG,78,42,34,2,0.553,3.5,2024,6,,4.0,0.0,6.0,21.0,1.0,14.0,21.0,1.0,20.0
2024-06-23,4,두산,79,42,35,2,0.545,4.0,2024,6,,5.0,0.0,5.0,24.0,1.0,17.0,18.0,1.0,18.0
2024-06-23,5,SSG,76,38,37,1,0.507,7.0,2024,6,,5.0,0.0,5.0,18.0,1.0,19.0,20.0,0.0,18.0
2024-06-23,6,NC,76,37,37,2,0.5,7.5,2024,6,,6.0,0.0,4.0,18.0,0.0,18.0,19.0,2.0,19.0
2024-06-23,7,한화,75,33,40,2,0.452,11.0,2024,6,,4.0,0.0,6.0,17.0,2.0,19.0,16.0,0.0,21.0
2024-06-23,8,롯데,74,32,40,2,0.444,11.5,2024,6,,5.0,0.0,5.0,20.0,1.0,16.0,12.0,1.0,24.0
2024-06-23,9,KT,76,32,43,1,0.427,13.0,2024,6,,4.0,0.0,6.0,17.0,0.0,20.0,15.0,1.0,23.0
2024-06-23,10,키움,74,29,45,0,0.392,15.5,2024,6,,3.0,0.0,7.0,15.0,0.0,24.0,14.0,0.0,21.0
2024-06-25,1,KIA,77,45,30,2,0.6,0.0,2024,6,,7.0,1.0,2.0,21.0,1.0,16.0,24.0,1.0,14.0
2024-06-25,2,삼성,77,43,33,1,0.566,2.5,2024,6,,6.0,0.0,4.0,22.0,0.0,17.0,21.0,1.0,16.0
2024-06-25,3,LG,79,43,34,2,0.558,3.0,2024,6,,5.0,0.0,5.0,22.0,1.0,14.0,21.0,1.0,20.0
2024-06-25,4,두산,80,42,36,2,0.538,4.5,2024,6,,4.0,0.0,6.0,24.0,1.0,17.0,18.0,1.0,19.0
2024-06-25,5,SSG,77,38,38,1,0.5,7.5,2024,6,,4.0,0.0,6.0,18.0,1.0,20.0,20.0,0.0,18.0
2024-06-25,6,NC,77,37,38,2,0.493,8.0,2024,6,,5.0,0.0,5.0,18.0,0.0,18.0,19.0,2.0,20.0
2024-06-25,7,한화,76,34,40,2,0.459,10.5,2024,6,,5.0,0.0,5.0,18.0,2.0,19.0,16.0,0.0,21.0
2024-06-25,8,롯데,75,32,40,3,0.444,11.5,2024,6,,4.0,1.0,5.0,20.0,2.0,16.0,12.0,1.0,24.0
2024-06-25,9,KT,77,33,43,1,0.434,12.5,2024,6,,5.0,0.0,5.0,17.0,0.0,20.0,16.0,1.0,23.0
2024-06-25,10,키움,75,30,45,0,0.4,15.0,2024,6,,4.0,0.0,6.0,16.0,0.0,24.0,14.0,0.0,21.0
2024-06-26,1,KIA,78,45,31,2,0.592,0.0,2024,6,,6.0,1.0,3.0,21.0,1.0,16.0,24.0,1.0,15.0
2024-06-26,2,LG,80,44,34,2,0.564,2.0,2024,6,,5.0,0.0,5.0,23.0,1.0,14.0,21.0,1.0,20.0
2024-06-26,3,삼성,78,43,34,1,0.558,2.5,2024,6,,5.0,0.0,5.0,22.0,0.0,17.0,21.0,1.0,17.0
2024-06-26,4,두산,81,43,36,2,0.544,3.5,2024,6,,4.0,0.0,6.0,24.0,1.0,17.0,19.0,1.0,19.0
2024-06-26,5,SSG,78,39,38,1,0.506,6.5,2024,6,,4.0,0.0,6.0,19.0,1.0,20.0,20.0,0.0,18.0
2024-06-26,6,NC,78,37,39,2,0.487,8.0,2024,6,,5.0,0.0,5.0,18.0,0.0,18.0,19.0,2.0,21.0
2024-06-26,7,한화,77,34,41,2,0.453,10.5,2024,6,,5.0,0.0,5.0,18.0,2.0,20.0,16.0,0.0,21.0
2024-06-26,8,롯데,76,33,40,3,0.452,10.5,2024,6,,5.0,1.0,4.0,21.0,2.0,16.0,12.0,1.0,24.0
2024-06-26,9,KT,78,33,44,1,0.429,12.5,2024,6,,5.0,0.0,5.0,17.0,0.0,20.0,16.0,1.0,24.0
2024-06-26,10,키움,76,31,45,0,0.408,14.0,2024,6,,5.0,0.0,5.0,17.0,0.0,24.0,14.0,0.0,21.0
2024-06-27,1,KIA,79,45,32,2,0.584,0.0,2024,6,,5.0,1.0,4.0,21.0,1.0,16.0,24.0,1.0,16.0
2024-06-27,2,삼성,79,44,34,1,0.564,1.5,2024,6,,6.0,0.0,4.0,22.0,0.0,17.0,22.0,1.0,17.0
2024-06-27,3,LG,81,44,35,2,0.557,2.0,2024,6,,5.0,0.0,5.0,23.0,1.0,15.0,21.0,1.0,20.0
2024-06-27,4,두산,82,43,37,2,0.538,3.5,2024,6,,3.0,0.0,7.0,24.0,1.0,17.0,19.0,1.0,20.0
2024-06-27,5,SSG,79,39,39,1,0.5,6.5,2024,6,,3.0,0.0,7.0,19.0,1.0,21.0,20.0,0.0,18.0
2024-06-27,6,NC,79,37,40,2,0.481,8.0,2024,6,,4.0,0.0,6.0,18.0,0.0,18.0,19.0,2.0,22.0
2024-06-27,7,한화,78,35,41,2,0.461,9.5,2024,6,,6.0,0.0,4.0,19.0,2.0,20.0,16.0,0.0,21.0
2024-06-27,8,롯데,77,34,40,3,0.459,9.5,2024,6,,5.0,1.0,4.0,22.0,2.0,16.0,12.0,1.0,24.0
2024-06-27,9,KT,79,34,44,1,0.436,11.5,2024,6,,6.0,0.0,4.0,17.0,0.0,20.0,17.0,1.0,24.0
2024-06-27,10,키움,77,32,45,0,0.416,13.0,2024,6,,6.0,0.0,4.0,18.0,0.0,24.0,14.0,0.0,21.0
2024-06-28,1,KIA,80,45,33,2,0.577,0.0,2024,6,,4.0,1.0,5.0,21.0,1.0,17.0,24.0,1.0,16.0
2024-06-28,2,삼성,80,44,35,1,0.557,1.5,2024,6,,6.0,0.0,4.0,22.0,0.0,17.0,22.0,1.0,18.0
2024-06-28,3,LG,82,44,36,2,0.55,2.0,2024,6,,4.0,0.0,6.0,23.0,1.0,15.0,21.0,1.0,21.0
2024-06-28,4,두산,83,44,37,2,0.543,2.5,2024,6,,4.0,0.0,6.0,25.0,1.0,17.0,19.0,1.0,20.0
2024-06-28,5,SSG,80,39,40,1,0.494,6.5,2024,6,,3.0,0.0,7.0,19.0,1.0,21.0,20.0,0.0,19.0
2024-06-28,6,NC,80,38,40,2,0.487,7.0,2024,6,,4.0,0.0,6.0,19.0,0.0,18.0,19.0,2.0,22.0
2024-06-28,7,롯데,78,35,40,3,0.467,8.5,2024,6,,6.0,1.0,3.0,23.0,2.0,16.0,12.0,1.0,24.0
2024-06-28,8,한화,79,35,42,2,0.455,9.5,2024,6,,5.0,0.0,5.0,19.0,2.0,20.0,16.0,0.0,22.0
2024-06-28,9,KT,80,35,44,1,0.443,10.5,2024,6,,7.0,0.0,3.0,18.0,0.0,20.0,17.0,1.0,24.0
2024-06-28,10,키움,78,33,45,0,0.423,12.0,2024,6,,6.0,0.0,4.0,18.0,0.0,24.0,15.0,0.0,21.0
2024-06-29,1,KIA,80,45,33,2,0.577,0.0,2024,6,,4.0,1.0,5.0,21.0,1.0,17.0,24.0,1.0,16.0
2024-06-29,2,삼성,80,44,35,1,0.557,1.5,2024,6,,6.0,0.0,4.0,22.0,0.0,17.0,22.0,1.0,18.0
2024-06-29,3,LG,82,44,36,2,0.55,2.0,2024,6,,4.0,0.0,6.0,23.0,1.0,15.0,21.0,1.0,21.0
2024-06-29,4,두산,84,44,38,2,0.537,3.0,2024,6,,3.0,0.0,7.0,25.0,1.0,18.0,19.0,1.0,20.0
2024-06-29,5,SSG,81,40,40,1,0.5,6.0,2024,6,,3.0,0.0,7.0,19.0,1.0,21.0,21.0,0.0,19.0
2024-06-29,6,NC,80,38,40,2,0.487,7.0,2024,6,,4.0,0.0,6.0,19.0,0.0,18.0,19.0,2.0,22.0
2024-06-29,7,롯데,78,35,40,3,0.467,8.5,2024,6,,6.0,1.0,3.0,23.0,2.0,16.0,12.0,1.0,24.0
2024-06-29,8,한화,79,35,42,2,0.455,9.5,2024,6,,5.0,0.0,5.0,19.0,2.0,20.0,16.0,0.0,22.0
2024-06-29,9,KT,80,35,44,1,0.443,10.5,2024,6,,7.0,0.0,3.0,18.0,0.0,20.0,17.0,1.0,24.0
2024-06-29,10,키움,78,33,45,0,0.423,12.0,2024,6,,6.0,0.0,4.0,18.0,0.0,24.0,15.0,0.0,21.0
2024-06-30,1,KIA,80,45,33,2,0.577,0.0,2024,6,,4.0,1.0,5.0,21.0,1.0,17.0,24.0,1.0,16.0
2024-06-30,2,LG,83,45,36,2,0.556,1.5,2024,6,,5.0,0.0,5.0,23.0,1.0,15.0,22.0,1.0,21.0
2024-06-30,3,삼성,82,44,36,2,0.55,2.0,2024,6,,5.0,1.0,4.0,22.0,0.0,17.0,22.0,2.0,19.0
2024-06-30,4,두산,85,44,39,2,0.53,3.5,2024,6,,3.0,0.0,7.0,25.0,1.0,19.0,19.0,1.0,20.0
2024-06-30,5,SSG,82,41,40,1,0.506,5.5,2024,6,,4.0,0.0,6.0,19.0,1.0,21.0,22.0,0.0,19.0
2024-06-30,6,NC,81,38,41,2,0.481,7.5,2024,6,,4.0,0.0,6.0,19.0,0.0,19.0,19.0,2.0,22.0
2024-06-30,7,롯데,78,35,40,3,0.467,8.5,2024,6,,6.0,1.0,3.0,23.0,2.0,16.0,12.0,1.0,24.0
2024-06-30,8,한화,79,35,42,2,0.455,9.5,2024,6,,5.0,0.0,5.0,19.0,2.0,20.0,16.0,0.0,22.0
2024-06-30,9,KT,82,36,44,2,0.45,10.0,2024,6,,7.0,1.0,2.0,19.0,1.0,20.0,17.0,1.0,24.0
2024-06-30,10,키움,78,33,45,0,0.423,12.0,2024,6,,6.0,0.0,4.0,18.0,0.0,24.0,15.0,0.0,21.0
2024-07-02,1,KIA,81,46,33,2,0.582,0.0,2024,7,,4.0,1.0,5.0,21.0,1.0,17.0,25.0,1.0,16.0
2024-07-02,2,LG,84,45,37,2,0.549,2.5,2024,7,,4.0,0.0,6.0,23.0,1.0,15.0,22.0,1.0,22.0
2024-07-02,3,삼성,83,44,37,2,0.543,3.0,2024,7,,4.0,1.0,5.0,22.0,0.0,18.0,22.0,2.0,19.0
2024-07-02,4,두산,85,44,39,2,0.53,4.0,2024,7,,3.0,0.0,7.0,25.0,1.0,19.0,19.0,1.0,20.0
2024-07-02,5,SSG,82,41,40,1,0.506,6.0,2024,7,,4.0,0.0,6.0,19.0,1.0,21.0,22.0,0.0,19.0
2024-07-02,6,NC,81,38,41,2,0.481,8.0,2024,7,,4.0,0.0,6.0,19.0,0.0,19.0,19.0,2.0,22.0
2024-07-02,7,롯데,78,35,40,3,0.467,9.0,2024,7,,6.0,1.0,3.0,23.0,2.0,16.0,12.0,1.0,24.0
2024-07-02,8,KT,83,37,44,2,0.457,10.0,2024,7,,7.0,1.0,2.0,19.0,1.0,20.0,18.0,1.0,24.0
2024-07-02,9,한화,80,35,43,2,0.449,10.5,2024,7,,4.0,0.0,6.0,19.0,2.0,21.0,16.0,0.0,22.0
2024-07-02,10,키움,79,34,45,0,0.43,12.0,2024,7,,7.0,0.0,3.0,19.0,0.0,24.0,15.0,0.0,21.0
2024-07-03,1,KIA,82,47,33,2,0.588,0.0,2024,7,,5.0,1.0,4.0,21.0,1.0,17.0,26.0,1.0,16.0
2024-07-03,2,LG,85,45,38,2,0.542,3.5,2024,7,,4.0,0.0,6.0,23.0,1.0,15.0,22.0,1.0,23.0
2024-07-03,3,삼성,84,44,38,2,0.537,4.0,2024,7,,3.0,1.0,6.0,22.0,0.0,19.0,22.0,2.0,19.0
2024-07-03,4,두산,86,45,39,2,0.536,4.0,2024,7,,3.0,0.0,7.0,26.0,1.0,19.0,19.0,1.0,20.0
2024-07-03,5,SSG,83,41,41,1,0.5,7.0,2024,7,,4.0,0.0,6.0,19.0,1.0,21.0,22.0,0.0,20.0
2024-07-03,6,NC,82,39,41,2,0.488,8.0,2024,7,,4.0,0.0,6.0,20.0,0.0,19.0,19.0,2.0,22.0
2024-07-03,7,KT,84,38,44,2,0.463,10.0,2024,7,,7.0,1.0,2.0,19.0,1.0,20.0,19.0,1.0,24.0
2024-07-03,8,롯데,79,35,41,3,0.461,10.0,2024,7,,6.0,1.0,3.0,23.0,2.0,16.0,12.0,1.0,25.0
2024-07-03,9,한화,81,35,44,2,0.443,11.5,2024,7,,3.0,0.0,7.0,19.0,2.0,22.0,16.0,0.0,22.0
2024-07-03,10,키움,80,35,45,0,0.438,12.0,2024,7,,8.0,0.0,2.0,20.0,0.0,24.0,15.0,0.0,21.0
2024-07-04,1,KIA,83,48,33,2,0.593,0.0,2024,7,,5.0,1.0,4.0,21.0,1.0,17.0,27.0,1.0,16.0
2024-07-04,2,LG,86,46,38,2,0.548,3.5,2024,7,,5.0,0.0,5.0,23.0,1.0,15.0,23.0,1.0,23.0
2024-07-04,3,두산,87,46,39,2,0.541,4.0,2024,7,,4.0,0.0,6.0,27.0,1.0,19.0,19.0,1.0,20.0
2024-07-04,4,삼성,85,44,39,2,0.53,5.0,2024,7,,2.0,1.0,7.0,22.0,0.0,20.0,22.0,2.0,19.0
2024-07-04,5,SSG,84,41,42,1,0.494,8.0,2024,7,,4.0,0.0,6.0,19.0,1.0,21.0,22.0,0.0,21.0
2024-07-04,6,NC,83,40,41,2,0.494,8.0,2024,7,,5.0,0.0,5.0,21.0,0.0,19.0,19.0,2.0,22.0
2024-07-04,7,KT,85,38,45,2,0.458,11.0,2024,7,,7.0,1.0,2.0,19.0,1.0,20.0,19.0,1.0,25.0
2024-07-04,8,롯데,80,35,42,3,0.455,11.0,2024,7,,5.0,1.0,4.0,23.0,2.0,16.0,12.0,1.0,26.0
2024-07-04,9,한화,82,36,44,2,0.45,11.5,2024,7,,4.0,0.0,6.0,20.0,2.0,22.0,16.0,0.0,22.0
2024-07-04,10,키움,81,35,46,0,0.432,13.0,2024,7,,7.0,0.0,3.0,20.0,0.0,25.0,15.0,0.0,21.0
2024-07-09,1,KIA,84,49,33,2,0.598,0.0,2024,7,,5.0,1.0,4.0,21.0,1.0,17.0,28.0,1.0,16.0
2024-07-09,2,LG,87,46,39,2,0.541,4.5,2024,7,,4.0,0.0,6.0,23.0,1.0,16.0,23.0,1.0,23.0
2024-07-09,2,두산,87,46,39,2,0.541,4.5,2024,7,,4.0,0.0,6.0,27.0,1.0,19.0,19.0,1.0,20.0
2024-07-09,4,삼성,85,44,39,2,0.53,5.5,2024,7,,2.0,1.0,7.0,22.0,0.0,20.0,22.0,2.0,19.0
2024-07-09,5,SSG,85,42,42,1,0.5,8.0,2024,7,,4.0,0.0,6.0,20.0,1.0,21.0,22.0,0.0,21.0
2024-07-09,6,NC,83,40,41,2,0.494,8.5,2024,7,,5.0,0.0,5.0,21.0,0.0,19.0,19.0,2.0,22.0
2024-07-09,7,KT,85,38,45,2,0.458,11.5,2024,7,,7.0,1.0,2.0,19.0,1.0,20.0,19.0,1.0,25.0
2024-07-09,8,롯데,81,35,43,3,0.449,12.0,2024,7,,5.0,1.0,4.0,23.0,2.0,16.0,12.0,1.0,27.0
2024-07-09,9,한화,83,36,45,2,0.444,12.5,2024,7,,4.0,0.0,6.0,20.0,2.0,22.0,16.0,0.0,23.0
2024-07-09,10,키움,82,36,46,0,0.439,13.0,2024,7,,7.0,0.0,3.0,21.0,0.0,25.0,15.0,0.0,21.0
2024-07-10,1,KIA,85,50,33,2,0.602,0.0,2024,7,,6.0,1.0,3.0,21.0,1.0,17.0,29.0,1.0,16.0
2024-07-10,2,삼성,86,45,39,2,0.536,5.5,2024,7,,2.0,1.0,7.0,23.0,0.0,20.0,22.0,2.0,19.0
2024-07-10,3,LG,88,46,40,2,0.535,5.5,2024,7,,4.0,0.0,6.0,23.0,1.0,17.0,23.0,1.0,23.0
2024-07-10,3,두산,88,46,40,2,0.535,5.5,2024,7,,4.0,0.0,6.0,27.0,1.0,19.0,19.0,1.0,21.0
2024-07-10,5,SSG,86,42,43,1,0.494,9.0,2024,7,,4.0,0.0,6.0,20.0,1.0,22.0,22.0,0.0,21.0
2024-07-10,6,NC,84,40,42,2,0.488,9.5,2024,7,,4.0,0.0,6.0,21.0,0.0,19.0,19.0,2.0,23.0
2024-07-10,7,KT,86,39,45,2,0.464,11.5,2024,7,,7.0,1.0,2.0,20.0,1.0,20.0,19.0,1.0,25.0
2024-07-10,8,롯데,82,36,43,3,0.456,12.0,2024,7,,6.0,1.0,3.0,23.0,2.0,16.0,13.0,1.0,27.0
2024-07-10,9,한화,84,37,45,2,0.451,12.5,2024,7,,4.0,0.0,6.0,20.0,2.0,22.0,17.0,0.0,23.0
2024-07-10,10,키움,83,36,47,0,0.434,14.0,2024,7,,7.0,0.0,3.0,21.0,0.0,26.0,15.0,0.0,21.0
2024-07-11,1,KIA,86,51,33,2,0.607,0.0,2024,7,,6.0,1.0,3.0,21.0,1.0,17.0,30.0,1.0,16.0
2024-07-11,2,삼성,87,46,39,2,0.541,5.5,2024,7,,3.0,1.0,6.0,24.0,0.0,20.0,22.0,2.0,19.0
2024-07-11,3,두산,89,47,40,2,0.54,5.5,2024,7,,5.0,0.0,5.0,27.0,1.0,19.0,20.0,1.0,21.0
2024-07-11,4,LG,89,46,41,2,0.529,6.5,2024,7,,3.0,0.0,7.0,23.0,1.0,18.0,23.0,1.0,23.0
2024-07-11,5,SSG,87,43,43,1,0.5,9.0,2024,7,,5.0,0.0,5.0,21.0,1.0,22.0,22.0,0.0,21.0
2024-07-11,6,NC,85,40,43,2,0.482,10.5,2024,7,,4.0,0.0,6.0,21.0,0.0,19.0,19.0,2.0,24.0
2024-07-11,7,KT,87,39,46,2,0.459,12.5,2024,7,,6.0,1.0,3.0,20.0,1.0,21.0,19.0,1.0,25.0
2024-07-11,8,롯데,83,36,44,3,0.45,13.0,2024,7,,5.0,1.0,4.0,23.0,2.0,16.0,13.0,1.0,28.0
2024-07-11,9,한화,85,37,46,2,0.446,13.5,2024,7,,4.0,0.0,6.0,20.0,2.0,22.0,17.0,0.0,24.0
2024-07-11,10,키움,84,37,47,0,0.44,14.0,2024,7,,8.0,0.0,2.0,22.0,0.0,26.0,15.0,0.0,21.0
2024-07-12,1,KIA,87,51,34,2,0.6,0.0,2024,7,,6.0,0.0,4.0,21.0,1.0,18.0,30.0,1.0,16.0
2024-07-12,2,삼성,88,47,39,2,0.547,4.5,2024,7,,4.0,1.0,5.0,24.0,0.0,20.0,23.0,2.0,19.0
2024-07-12,3,두산,90,47,41,2,0.534,5.5,2024,7,,5.0,0.0,5.0,27.0,1.0,20.0,20.0,1.0,21.0
2024-07-12,4,LG,90,46,42,2,0.523,6.5,2024,7,,2.0,0.0,8.0,23.0,1.0,18.0,23.0,1.0,24.0
2024-07-12,5,SSG,88,44,43,1,0.506,8.0,2024,7,,5.0,0.0,5.0,21.0,1.0,22.0,23.0,0.0,21.0
2024-07-12,6,NC,86,41,43,2,0.488,9.5,2024,7,,4.0,0.0,6.0,22.0,0.0,19.0,19.0,2.0,24.0
2024-07-12,7,KT,88,40,46,2,0.465,11.5,2024,7,,7.0,1.0,2.0,20.0,1.0,21.0,20.0,1.0,25.0
2024-07-12,8,한화,86,38,46,2,0.452,12.5,2024,7,,4.0,0.0,6.0,21.0,2.0,22.0,17.0,0.0,24.0
2024-07-12,9,롯데,84,36,45,3,0.444,13.0,2024,7,,4.0,1.0,5.0,23.0,2.0,17.0,13.0,1.0,28.0
2024-07-12,10,키움,85,37,48,0,0.435,14.0,2024,7,,7.0,0.0,3.0,22.0,0.0,26.0,15.0,0.0,22.0
2024-07-13,1,KIA,88,51,35,2,0.593,0.0,2024,7,,6.0,0.0,4.0,21.0,1.0,19.0,30.0,1.0,16.0
2024-07-13,2,삼성,89,47,40,2,0.54,4.5,2024,7,,3.0,1.0,6.0,24.0,0.0,20.0,23.0,2.0,20.0
2024-07-13,3,두산,91,48,41,2,0.539,4.5,2024,7,,5.0,0.0,5.0,28.0,1.0,20.0,20.0,1.0,21.0
2024-07-13,4,LG,91,47,42,2,0.528,5.5,2024,7,,3.0,0.0,7.0,23.0,1.0,18.0,24.0,1.0,24.0
2024-07-13,5,SSG,89,45,43,1,0.511,7.0,2024,7,,6.0,0.0,4.0,21.0,1.0,22.0,24.0,0.0,21.0
2024-07-13,6,NC,87,42,43,2,0.494,8.5,2024,7,,5.0,0.0,5.0,23.0,0.0,19.0,19.0,2.0,24.0
2024-07-13,7,KT,89,41,46,2,0.471,10.5,2024,7,,7.0,1.0,2.0,20.0,1.0,21.0,21.0,1.0,25.0
2024-07-13,8,한화,87,38,47,2,0.447,12.5,2024,7,,4.0,0.0,6.0,21.0,2.0,23.0,17.0,0.0,24.0
2024-07-13,9,롯데,85,36,46,3,0.439,13.0,2024,7,,4.0,0.0,6.0,23.0,2.0,18.0,13.0,1.0,28.0
2024-07-13,10,키움,86,37,49,0,0.43,14.0,2024,7,,6.0,0.0,4.0,22.0,0.0,26.0,15.0,0.0,23.0
2024-07-14,1,KIA,89,52,35,2,0.598,0.0,2024,7,,7.0,0.0,3.0,22.0,1.0,19.0,30.0,1.0,16.0
2024-07-14,2,삼성,90,48,40,2,0.545,4.5,2024,7,,4.0,1.0,5.0,24.0,0.0,20.0,24.0,2.0,20.0
2024-07-14,3,LG,92,48,42,2,0.533,5.5,2024,7,,4.0,0.0,6.0,23.0,1.0,18.0,25.0,1.0,24.0
2024-07-14,3,두산,92,48,42,2,0.533,5.5,2024,7,,5.0,0.0,5.0,28.0,1.0,21.0,20.0,1.0,21.0
2024-07-14,5,SSG,90,45,44,1,0.506,8.0,2024,7,,6.0,0.0,4.0,21.0,1.0,22.0,24.0,0.0,22.0
2024-07-14,6,NC,87,42,43,2,0.494,9.0,2024,7,,5.0,0.0,5.0,23.0,0.0,19.0,19.0,2.0,24.0
2024-07-14,7,KT,89,41,46,2,0.471,11.0,2024,7,,7.0,1.0,2.0,20.0,1.0,21.0,21.0,1.0,25.0
2024-07-14,8,한화,88,38,48,2,0.442,13.5,2024,7,,3.0,0.0,7.0,21.0,2.0,24.0,17.0,0.0,24.0
2024-07-14,9,롯데,85,36,46,3,0.439,13.5,2024,7,,4.0,0.0,6.0,23.0,2.0,18.0,13.0,1.0,28.0
2024-07-14,10,키움,86,37,49,0,0.43,14.5,2024,7,,6.0,0.0,4.0,22.0,0.0,26.0,15.0,0.0,23.0
2024-07-16,1,KIA,89,52,35,2,0.598,0.0,2024,7,,7.0,0.0,3.0,22.0,1.0,19.0,30.0,1.0,16.0
2024-07-16,2,삼성,90,48,40,2,0.545,4.5,2024,7,,4.0,1.0,5.0,24.0,0.0,20.0,24.0,2.0,20.0
2024-07-16,3,LG,92,48,42,2,0.533,5.5,2024,7,,4.0,0.0,6.0,23.0,1.0,18.0,25.0,1.0,24.0
2024-07-16,4,두산,93,48,43,2,0.527,6.0,2024,7,,4.0,0.0,6.0,28.0,1.0,21.0,20.0,1.0,22.0
2024-07-16,5,SSG,90,45,44,1,0.506,8.0,2024,7,,6.0,0.0,4.0,21.0,1.0,22.0,24.0,0.0,22.0
2024-07-16,6,NC,87,42,43,2,0.494,9.0,2024,7,,5.0,0.0,5.0,23.0,0.0,19.0,19.0,2.0,24.0
2024-07-16,7,KT,90,42,46,2,0.477,10.5,2024,7,,7.0,1.0,2.0,20.0,1.0,21.0,22.0,1.0,25.0
2024-07-16,8,롯데,86,37,46,3,0.446,13.0,2024,7,,4.0,0.0,6.0,24.0,2.0,18.0,13.0,1.0,28.0
2024-07-16,9,한화,88,38,48,2,0.442,13.5,2024,7,,3.0,0.0,7.0,21.0,2.0,24.0,17.0,0.0,24.0
2024-07-16,10,키움,87,37,50,0,0.425,15.0,2024,7,,5.0,0.0,5.0,22.0,0.0,27.0,15.0,0.0,23.0
2024-07-17,1,KIA,90,53,35,2,0.602,0.0,2024,7,,8.0,0.0,2.0,23.0,1.0,19.0,30.0,1.0,16.0
2024-07-17,2,삼성,91,48,41,2,0.539,5.5,2024,7,,4.0,0.0,6.0,24.0,0.0,20.0,24.0,2.0,21.0
2024-07-17,3,LG,93,49,42,2,0.538,5.5,2024,7,,4.0,0.0,6.0,24.0,1.0,18.0,25.0,1.0,24.0
2024-07-17,4,두산,94,48,44,2,0.522,7.0,2024,7,,4.0,0.0,6.0,28.0,1.0,21.0,20.0,1.0,23.0
2024-07-17,5,SSG,91,45,45,1,0.5,9.0,2024,7,,5.0,0.0,5.0,21.0,1.0,22.0,24.0,0.0,23.0
2024-07-17,5,NC,88,43,43,2,0.5,9.0,2024,7,,6.0,0.0,4.0,24.0,0.0,19.0,19.0,2.0,24.0
2024-07-17,7,KT,91,43,46,2,0.483,10.5,2024,7,,8.0,0.0,2.0,20.0,1.0,21.0,23.0,1.0,25.0
2024-07-17,8,롯데,87,38,46,3,0.452,13.0,2024,7,,4.0,0.0,6.0,25.0,2.0,18.0,13.0,1.0,28.0
2024-07-17,9,한화,89,38,49,2,0.437,14.5,2024,7,,3.0,0.0,7.0,21.0,2.0,24.0,17.0,0.0,25.0
2024-07-17,10,키움,88,37,51,0,0.42,16.0,2024,7,,4.0,0.0,6.0,22.0,0.0,28.0,15.0,0.0,23.0
2024-07-18,1,KIA,91,54,35,2,0.607,0.0,2024,7,,8.0,0.0,2.0,24.0,1.0,19.0,30.0,1.0,16.0
2024-07-18,2,LG,93,49,42,2,0.538,6.0,2024,7,,4.0,0.0,6.0,24.0,1.0,18.0,25.0,1.0,24.0
2024-07-18,3,삼성,92,48,42,2,0.533,6.5,2024,7,,4.0,0.0,6.0,24.0,0.0,20.0,24.0,2.0,22.0
2024-07-18,4,두산,95,49,44,2,0.527,7.0,2024,7,,5.0,0.0,5.0,28.0,1.0,21.0,21.0,1.0,23.0
2024-07-18,5,NC,89,44,43,2,0.506,9.0,2024,7,,7.0,0.0,3.0,25.0,0.0,19.0,19.0,2.0,24.0
2024-07-18,6,SSG,91,45,45,1,0.5,9.5,2024,7,,5.0,0.0,5.0,21.0,1.0,22.0,24.0,0.0,23.0
2024-07-18,7,KT,92,44,46,2,0.489,10.5,2024,7,,8.0,0.0,2.0,20.0,1.0,21.0,24.0,1.0,25.0
2024-07-18,8,롯데,88,38,47,3,0.447,14.0,2024,7,,3.0,0.0,7.0,25.0,2.0,19.0,13.0,1.0,28.0
2024-07-18,9,한화,90,38,50,2,0.432,15.5,2024,7,,3.0,0.0,7.0,21.0,2.0,24.0,17.0,0.0,26.0
2024-07-18,10,키움,89,37,52,0,0.416,17.0,2024,7,,3.0,0.0,7.0,22.0,0.0,29.0,15.0,0.0,23.0
2024-07-19,1,KIA,92,55,35,2,0.611,0.0,2024,7,,8.0,0.0,2.0,24.0,1.0,19.0,31.0,1.0,16.0
2024-07-19,2,LG,94,50,42,2,0.543,6.0,2024,7,,5.0,0.0,5.0,25.0,1.0,18.0,25.0,1.0,24.0
2024-07-19,3,삼성,93,48,43,2,0.527,7.5,2024,7,,4.0,0.0,6.0,24.0,0.0,21.0,24.0,2.0,22.0
2024-07-19,4,두산,96,49,45,2,0.521,8.0,2024,7,,4.0,0.0,6.0,28.0,1.0,21.0,21.0,1.0,24.0
2024-07-19,5,SSG,92,46,45,1,0.505,9.5,2024,7,,5.0,0.0,5.0,22.0,1.0,22.0,24.0,0.0,23.0
2024-07-19,6,NC,90,44,44,2,0.5,10.0,2024,7,,6.0,0.0,4.0,25.0,0.0,19.0,19.0,2.0,25.0
2024-07-19,7,KT,93,45,46,2,0.495,10.5,2024,7,,8.0,0.0,2.0,21.0,1.0,21.0,24.0,1.0,25.0
2024-07-19,8,롯데,89,39,47,3,0.453,14.0,2024,7,,4.0,0.0,6.0,25.0,2.0,19.0,14.0,1.0,28.0
2024-07-19,9,한화,91,38,51,2,0.427,16.5,2024,7,,3.0,0.0,7.0,21.0,2.0,25.0,17.0,0.0,26.0
2024-07-19,10,키움,90,37,53,0,0.411,18.0,2024,7,,2.0,0.0,8.0,22.0,0.0,29.0,15.0,0.0,24.0
2024-07-20,1,KIA,93,56,35,2,0.615,0.0,2024,7,,8.0,0.0,2.0,24.0,1.0,19.0,32.0,1.0,16.0
2024-07-20,2,LG,94,50,42,2,0.543,6.5,2024,7,,5.0,0.0,5.0,25.0,1.0,18.0,25.0,1.0,24.0
2024-07-20,3,삼성,94,49,43,2,0.533,7.5,2024,7,,5.0,0.0,5.0,25.0,0.0,21.0,24.0,2.0,22.0
2024-07-20,4,두산,96,49,45,2,0.521,8.5,2024,7,,4.0,0.0,6.0,28.0,1.0,21.0,21.0,1.0,24.0
2024-07-20,5,SSG,92,46,45,1,0.505,10.0,2024,7,,5.0,0.0,5.0,22.0,1.0,22.0,24.0,0.0,23.0
2024-07-20,6,NC,90,44,44,2,0.5,10.5,2024,7,,6.0,0.0,4.0,25.0,0.0,19.0,19.0,2.0,25.0
2024-07-20,7,KT,93,45,46,2,0.495,11.0,2024,7,,8.0,0.0,2.0,21.0,1.0,21.0,24.0,1.0,25.0
2024-07-20,8,롯데,90,39,48,3,0.448,15.0,2024,7,,4.0,0.0,6.0,25.0,2.0,19.0,14.0,1.0,29.0
2024-07-20,9,한화,92,38,52,2,0.422,17.5,2024,7,,2.0,0.0,8.0,21.0,2.0,26.0,17.0,0.0,26.0
2024-07-20,10,키움,90,37,53,0,0.411,18.5,2024,7,,2.0,0.0,8.0,22.0,0.0,29.0,15.0,0.0,24.0
2024-07-21,1,KIA,94,57,35,2,0.62,0.0,2024,7,,8.0,0.0,2.0,24.0,1.0,19.0,33.0,1.0,16.0
2024-07-21,2,LG,95,51,42,2,0.548,6.5,2024,7,,6.0,0.0,4.0,26.0,1.0,18.0,25.0,1.0,24.0
2024-07-21,3,삼성,95,50,43,2,0.538,7.5,2024,7,,6.0,0.0,4.0,26.0,0.0,21.0,24.0,2.0,22.0
2024-07-21,4,두산,97,49,46,2,0.516,9.5,2024,7,,3.0,0.0,7.0,28.0,1.0,21.0,21.0,1.0,25.0
2024-07-21,5,NC,91,45,44,2,0.506,10.5,2024,7,,7.0,0.0,3.0,25.0,0.0,19.0,20.0,2.0,25.0
2024-07-21,6,SSG,93,46,46,1,0.5,11.0,2024,7,,5.0,0.0,5.0,22.0,1.0,23.0,24.0,0.0,23.0
2024-07-21,7,KT,94,45,47,2,0.489,12.0,2024,7,,7.0,0.0,3.0,21.0,1.0,22.0,24.0,1.0,25.0
2024-07-21,8,롯데,91,39,49,3,0.443,16.0,2024,7,,4.0,0.0,6.0,25.0,2.0,19.0,14.0,1.0,30.0
2024-07-21,9,한화,93,38,53,2,0.418,18.5,2024,7,,2.0,0.0,8.0,21.0,2.0,27.0,17.0,0.0,26.0
2024-07-21,9,키움,91,38,53,0,0.418,18.5,2024,7,,3.0,0.0,7.0,22.0,0.0,29.0,16.0,0.0,24.0
2024-07-23,1,KIA,95,58,35,2,0.624,0.0,2024,7,,8.0,0.0,2.0,25.0,1.0,19.0,33.0,1.0,16.0
2024-07-23,2,LG,96,52,42,2,0.553,6.5,2024,7,,6.0,0.0,4.0,26.0,1.0,18.0,26.0,1.0,24.0
2024-07-23,3,삼성,96,50,44,2,0.532,8.5,2024,7,,5.0,0.0,5.0,26.0,0.0,21.0,24.0,2.0,23.0
2024-07-23,4,두산,98,50,46,2,0.521,9.5,2024,7,,4.0,0.0,6.0,29.0,1.0,21.0,21.0,1.0,25.0
2024-07-23,5,SSG,93,46,46,1,0.5,11.5,2024,7,,5.0,0.0,5.0,22.0,1.0,23.0,24.0,0.0,23.0
2024-07-23,5,NC,92,45,45,2,0.5,11.5,2024,7,,6.0,0.0,4.0,25.0,0.0,19.0,20.0,2.0,26.0
2024-07-23,7,KT,94,45,47,2,0.489,12.5,2024,7,,7.0,0.0,3.0,21.0,1.0,22.0,24.0,1.0,25.0
2024-07-23,8,롯데,92,39,50,3,0.438,17.0,2024,7,,3.0,0.0,7.0,25.0,2.0,20.0,14.0,1.0,30.0
2024-07-23,9,한화,94,39,53,2,0.424,18.5,2024,7,,2.0,0.0,8.0,22.0,2.0,27.0,17.0,0.0,26.0
2024-07-23,10,키움,92,38,54,0,0.413,19.5,2024,7,,2.0,0.0,8.0,22.0,0.0,29.0,16.0,0.0,25.0
2024-07-24,1,KIA,96,59,35,2,0.628,0.0,2024,7,,8.0,0.0,2.0,26.0,1.0,19.0,33.0,1.0,16.0
2024-07-24,2,LG,96,52,42,2,0.553,7.0,2024,7,,6.0,0.0,4.0,26.0,1.0,18.0,26.0,1.0,24.0
2024-07-24,3,삼성,97,50,45,2,0.526,9.5,2024,7,,4.0,0.0,6.0,26.0,0.0,21.0,24.0,2.0,24.0
2024-07-24,4,두산,99,51,46,2,0.526,9.5,2024,7,,4.0,0.0,6.0,30.0,1.0,21.0,21.0,1.0,25.0
2024-07-24,5,KT,95,46,47,2,0.495,12.5,2024,7,,8.0,0.0,2.0,22.0,1.0,22.0,24.0,1.0,25.0
2024-07-24,5,SSG,94,46,47,1,0.495,12.5,2024,7,,5.0,0.0,5.0,22.0,1.0,23.0,24.0,0.0,24.0
2024-07-24,7,NC,93,45,46,2,0.495,12.5,2024,7,,5.0,0.0,5.0,25.0,0.0,19.0,20.0,2.0,27.0
2024-07-24,8,롯데,92,39,50,3,0.438,17.5,2024,7,,3.0,0.0,7.0,25.0,2.0,20.0,14.0,1.0,30.0
2024-07-24,9,한화,95,40,53,2,0.43,18.5,2024,7,,3.0,0.0,7.0,23.0,2.0,27.0,17.0,0.0,26.0
2024-07-24,10,키움,93,38,55,0,0.409,20.5,2024,7,,2.0,0.0,8.0,22.0,0.0,29.0,16.0,0.0,26.0
2024-07-25,1,KIA,97,59,36,2,0.621,0.0,2024,7,,8.0,0.0,2.0,26.0,1.0,20.0,33.0,1.0,16.0
2024-07-25,2,LG,97,53,42,2,0.558,6.0,2024,7,,7.0,0.0,3.0,26.0,1.0,18.0,27.0,1.0,24.0
2024-07-25,3,삼성,97,50,45,2,0.526,9.0,2024,7,,4.0,0.0,6.0,26.0,0.0,21.0,24.0,2.0,24.0
2024-07-25,4,두산,100,51,47,2,0.52,9.5,2024,7,,4.0,0.0,6.0,30.0,1.0,22.0,21.0,1.0,25.0
2024-07-25,5,KT,96,47,47,2,0.5,11.5,2024,7,,8.0,0.0,2.0,23.0,1.0,22.0,24.0,1.0,25.0
2024-07-25,5,NC,94,46,46,2,0.5,11.5,2024,7,,6.0,0.0,4.0,25.0,0.0,19.0,21.0,2.0,27.0
2024-07-25,7,SSG,95,46,48,1,0.489,12.5,2024,7,,4.0,0.0,6.0,22.0,1.0,23.0,24.0,0.0,25.0
2024-07-25,8,롯데,93,39,51,3,0.433,17.5,2024,7,,3.0,0.0,7.0,25.0,2.0,21.0,14.0,1.0,30.0
2024-07-25,9,한화,95,40,53,2,0.43,18.0,2024,7,,3.0,0.0,7.0,23.0,2.0,27.0,17.0,0.0,26.0
2024-07-25,10,키움,94,39,55,0,0.415,19.5,2024,7,,2.0,0.0,8.0,22.0,0.0,29.0,17.0,0.0,26.0
2024-07-26,1,KIA,98,59,37,2,0.615,0.0,2024,7,,8.0,0.0,2.0,26.0,1.0,20.0,33.0,1.0,17.0
2024-07-26,2,LG,97,53,42,2,0.558,5.5,2024,7,,7.0,0.0,3.0,26.0,1.0,18.0,27.0,1.0,24.0
2024-07-26,3,삼성,98,50,46,2,0.521,9.0,2024,7,,3.0,0.0,7.0,26.0,0.0,22.0,24.0,2.0,24.0
2024-07-26,4,두산,101,51,48,2,0.515,9.5,2024,7,,3.0,0.0,7.0,30.0,1.0,22.0,21.0,1.0,26.0
2024-07-26,5,NC,95,47,46,2,0.505,10.5,2024,7,,7.0,0.0,3.0,26.0,0.0,19.0,21.0,2.0,27.0
2024-07-26,6,KT,97,48,47,2,0.505,10.5,2024,7,,9.0,0.0,1.0,23.0,1.0,22.0,25.0,1.0,25.0
2024-07-26,7,SSG,96,47,48,1,0.495,11.5,2024,7,,5.0,0.0,5.0,23.0,1.0,23.0,24.0,0.0,25.0
2024-07-26,8,한화,95,40,53,2,0.43,17.5,2024,7,,3.0,0.0,7.0,23.0,2.0,27.0,17.0,0.0,26.0
2024-07-26,9,롯데,94,39,52,3,0.429,17.5,2024,7,,3.0,0.0,7.0,25.0,2.0,21.0,14.0,1.0,31.0
2024-07-26,10,키움,95,40,55,0,0.421,18.5,2024,7,,3.0,0.0,7.0,23.0,0.0,29.0,17.0,0.0,26.0
2024-07-27,1,KIA,99,59,38,2,0.608,0.0,2024,7,,7.0,0.0,3.0,26.0,1.0,20.0,33.0,1.0,18.0
2024-07-27,2,LG,97,53,42,2,0.558,5.0,2024,7,,7.0,0.0,3.0,26.0,1.0,18.0,27.0,1.0,24.0
2024-07-27,3,삼성,99,51,46,2,0.526,8.0,2024,7,,4.0,0.0,6.0,27.0,0.0,22.0,24.0,2.0,24.0
2024-07-27,4,두산,102,51,49,2,0.51,9.5,2024,7,,3.0,0.0,7.0,30.0,1.0,22.0,21.0,1.0,27.0
2024-07-27,5,KT,98,48,48,2,0.5,10.5,2024,7,,8.0,0.0,2.0,23.0,1.0,22.0,25.0,1.0,26.0
2024-07-27,5,SSG,97,48,48,1,0.5,10.5,2024,7,,5.0,0.0,5.0,24.0,1.0,23.0,24.0,0.0,25.0
2024-07-27,5,NC,96,47,47,2,0.5,10.5,2024,7,,6.0,0.0,4.0,26.0,0.0,20.0,21.0,2.0,27.0
2024-07-27,8,롯데,95,40,52,3,0.435,16.5,2024,7,,4.0,0.0,6.0,25.0,2.0,21.0,15.0,1.0,31.0
2024-07-27,9,한화,95,40,53,2,0.43,17.0,2024,7,,3.0,0.0,7.0,23.0,2.0,27.0,17.0,0.0,26.0
2024-07-27,10,키움,96,41,55,0,0.427,17.5,2024,7,,4.0,0.0,6.0,24.0,0.0,29.0,17.0,0.0,26.0
2024-07-28,1,KIA,100,60,38,2,0.612,0.0,2024,7,,7.0,0.0,3.0,26.0,1.0,20.0,34.0,1.0,18.0
2024-07-28,2,LG,98,53,43,2,0.552,6.0,2024,7,,7.0,0.0,3.0,26.0,1.0,19.0,27.0,1.0,24.0
2024-07-28,3,삼성,100,51,47,2,0.52,9.0,2024,7,,3.0,0.0,7.0,27.0,0.0,23.0,24.0,2.0,24.0
2024-07-28,4,KT,99,49,48,2,0.505,10.5,2024,7,,8.0,0.0,2.0,23.0,1.0,22.0,26.0,1.0,26.0
2024-07-28,4,SSG,98,49,48,1,0.505,10.5,2024,7,,5.0,0.0,5.0,25.0,1.0,23.0,24.0,0.0,25.0
2024-07-28,6,두산,103,51,50,2,0.505,10.5,2024,7,,3.0,0.0,7.0,30.0,1.0,22.0,21.0,1.0,28.0
2024-07-28,7,NC,97,47,48,2,0.495,11.5,2024,7,,5.0,0.0,5.0,26.0,0.0,21.0,21.0,2.0,27.0
2024-07-28,8,롯데,96,41,52,3,0.441,16.5,2024,7,,4.0,0.0,6.0,25.0,2.0,21.0,16.0,1.0,31.0
2024-07-28,9,한화,96,41,53,2,0.436,17.0,2024,7,,3.0,0.0,7.0,23.0,2.0,27.0,18.0,0.0,26.0
2024-07-28,10,키움,97,41,56,0,0.423,18.5,2024,7,,4.0,0.0,6.0,24.0,0.0,30.0,17.0,0.0,26.0
2024-07-30,1,KIA,101,60,39,2,0.606,0.0,2024,7,,6.0,0.0,4.0,26.0,1.0,21.0,34.0,1.0,18.0
2024-07-30,2,LG,99,53,44,2,0.546,6.0,2024,7,,7.0,0.0,3.0,26.0,1.0,20.0,27.0,1.0,24.0
2024-07-30,3,삼성,101,52,47,2,0.525,8.0,2024,7,,4.0,0.0,6.0,27.0,0.0,23.0,25.0,2.0,24.0
2024-07-30,4,SSG,99,50,48,1,0.51,9.5,2024,7,,5.0,0.0,5.0,26.0,1.0,23.0,24.0,0.0,25.0
2024-07-30,5,두산,104,52,50,2,0.51,9.5,2024,7,,4.0,0.0,6.0,30.0,1.0,22.0,22.0,1.0,28.0
2024-07-30,6,KT,100,49,49,2,0.5,10.5,2024,7,,7.0,0.0,3.0,23.0,1.0,23.0,26.0,1.0,26.0
2024-07-30,7,NC,98,47,49,2,0.49,11.5,2024,7,,4.0,0.0,6.0,26.0,0.0,21.0,21.0,2.0,28.0
2024-07-30,8,한화,97,42,53,2,0.442,16.0,2024,7,,4.0,0.0,6.0,23.0,2.0,27.0,19.0,0.0,26.0
2024-07-30,9,롯데,97,41,53,3,0.436,16.5,2024,7,,3.0,0.0,7.0,25.0,2.0,21.0,16.0,1.0,32.0
2024-07-30,10,키움,98,42,56,0,0.429,17.5,2024,7,,5.0,0.0,5.0,25.0,0.0,30.0,17.0,0.0,26.0
2024-07-31,1,KIA,102,60,40,2,0.6,0.0,2024,7,,5.0,0.0,5.0,26.0,1.0,22.0,34.0,1.0,18.0
2024-07-31,2,LG,100,54,44,2,0.551,5.0,2024,7,,8.0,0.0,2.0,27.0,1.0,20.0,27.0,1.0,24.0
2024-07-31,3,삼성,102,52,48,2,0.52,8.0,2024,7,,4.0,0.0,6.0,27.0,0.0,23.0,25.0,2.0,25.0
2024-07-31,4,SSG,100,51,48,1,0.515,8.5,2024,7,,6.0,0.0,4.0,27.0,1.0,23.0,24.0,0.0,25.0
2024-07-31,5,두산,105,53,50,2,0.515,8.5,2024,7,,4.0,0.0,6.0,30.0,1.0,22.0,23.0,1.0,28.0
2024-07-31,6,KT,101,49,50,2,0.495,10.5,2024,7,,6.0,0.0,4.0,23.0,1.0,24.0,26.0,1.0,26.0
2024-07-31,7,NC,99,48,49,2,0.495,10.5,2024,7,,4.0,0.0,6.0,26.0,0.0,21.0,22.0,2.0,28.0
2024-07-31,8,한화,98,43,53,2,0.448,15.0,2024,7,,5.0,0.0,5.0,23.0,2.0,27.0,20.0,0.0,26.0
2024-07-31,9,롯데,98,41,54,3,0.432,16.5,2024,7,,3.0,0.0,7.0,25.0,2.0,21.0,16.0,1.0,33.0
2024-07-31,10,키움,99,42,57,0,0.424,17.5,2024,7,,5.0,0.0,5.0,25.0,0.0,31.0,17.0,0.0,26.0
2024-08-01,1,KIA,103,60,41,2,0.594,0.0,2024,8,,4.0,0.0,6.0,26.0,1.0,23.0,34.0,1.0,18.0
2024-08-01,2,LG,101,54,45,2,0.545,5.0,2024,8,,7.0,0.0,3.0,27.0,1.0,21.0,27.0,1.0,24.0
2024-08-01,3,삼성,103,53,48,2,0.525,7.0,2024,8,,5.0,0.0,5.0,27.0,0.0,23.0,26.0,2.0,25.0
2024-08-01,4,두산,106,54,50,2,0.519,7.5,2024,8,,5.0,0.0,5.0,30.0,1.0,22.0,24.0,1.0,28.0
2024-08-01,5,SSG,101,51,49,1,0.51,8.5,2024,8,,6.0,0.0,4.0,27.0,1.0,24.0,24.0,0.0,25.0
2024-08-01,6,KT,102,49,51,2,0.49,10.5,2024,8,,5.0,0.0,5.0,23.0,1.0,25.0,26.0,1.0,26.0
2024-08-01,7,NC,100,48,50,2,0.49,10.5,2024,8,,4.0,0.0,6.0,26.0,0.0,21.0,22.0,2.0,29.0
2024-08-01,8,한화,99,44,53,2,0.454,14.0,2024,8,,6.0,0.0,4.0,23.0,2.0,27.0,21.0,0.0,26.0
2024-08-01,9,롯데,99,42,54,3,0.438,15.5,2024,8,,3.0,0.0,7.0,25.0,2.0,21.0,17.0,1.0,33.0
2024-08-01,10,키움,100,43,57,0,0.43,16.5,2024,8,,6.0,0.0,4.0,26.0,0.0,31.0,17.0,0.0,26.0
2024-08-02,1,KIA,104,60,42,2,0.588,0.0,2024,8,,3.0,0.0,7.0,26.0,1.0,23.0,34.0,1.0,19.0
2024-08-02,2,LG,101,54,45,2,0.545,4.5,2024,8,,7.0,0.0,3.0,27.0,1.0,21.0,27.0,1.0,24.0
2024-08-02,3,삼성,104,54,48,2,0.529,6.0,2024,8,,5.0,0.0,5.0,28.0,0.0,23.0,26.0,2.0,25.0
2024-08-02,4,두산,107,54,51,2,0.514,7.5,2024,8,,5.0,0.0,5.0,30.0,1.0,23.0,24.0,1.0,28.0
2024-08-02,5,SSG,102,51,50,1,0.505,8.5,2024,8,,5.0,0.0,5.0,27.0,1.0,24.0,24.0,0.0,26.0
2024-08-02,6,KT,103,50,51,2,0.495,9.5,2024,8,,5.0,0.0,5.0,23.0,1.0,25.0,27.0,1.0,26.0
2024-08-02,7,NC,101,48,51,2,0.485,10.5,2024,8,,3.0,0.0,7.0,26.0,0.0,22.0,22.0,2.0,29.0
2024-08-02,8,한화,100,45,53,2,0.459,13.0,2024,8,,7.0,0.0,3.0,24.0,2.0,27.0,21.0,0.0,26.0
2024-08-02,9,롯데,99,42,54,3,0.438,15.0,2024,8,,3.0,0.0,7.0,25.0,2.0,21.0,17.0,1.0,33.0
2024-08-02,10,키움,101,44,57,0,0.436,15.5,2024,8,,6.0,0.0,4.0,26.0,0.0,31.0,18.0,0.0,26.0
2024-08-03,1,KIA,105,61,42,2,0.592,0.0,2024,8,,3.0,0.0,7.0,26.0,1.0,23.0,35.0,1.0,19.0
2024-08-03,2,LG,102,54,46,2,0.54,5.5,2024,8,,6.0,0.0,4.0,27.0,1.0,21.0,27.0,1.0,25.0
2024-08-03,3,삼성,105,55,48,2,0.534,6.0,2024,8,,5.0,0.0,5.0,29.0,0.0,23.0,26.0,2.0,25.0
2024-08-03,4,두산,108,54,52,2,0.509,8.5,2024,8,,4.0,0.0,6.0,30.0,1.0,24.0,24.0,1.0,28.0
2024-08-03,5,SSG,103,51,51,1,0.5,9.5,2024,8,,5.0,0.0,5.0,27.0,1.0,24.0,24.0,0.0,27.0
2024-08-03,6,KT,103,50,51,2,0.495,10.0,2024,8,,5.0,0.0,5.0,23.0,1.0,25.0,27.0,1.0,26.0
2024-08-03,7,NC,101,48,51,2,0.485,11.0,2024,8,,3.0,0.0,7.0,26.0,0.0,22.0,22.0,2.0,29.0
2024-08-03,8,한화,101,45,54,2,0.455,14.0,2024,8,,7.0,0.0,3.0,24.0,2.0,28.0,21.0,0.0,26.0
2024-08-03,9,롯데,100,43,54,3,0.443,15.0,2024,8,,4.0,0.0,6.0,26.0,2.0,21.0,17.0,1.0,33.0
2024-08-03,10,키움,102,45,57,0,0.441,15.5,2024,8,,7.0,0.0,3.0,26.0,0.0,31.0,19.0,0.0,26.0
2024-08-04,1,KIA,105,61,42,2,0.592,0.0,2024,8,,3.0,0.0,7.0,26.0,1.0,23.0,35.0,1.0,19.0
2024-08-04,2,LG,102,54,46,2,0.54,5.5,2024,8,,6.0,0.0,4.0,27.0,1.0,21.0,27.0,1.0,25.0
2024-08-04,3,삼성,106,56,48,2,0.538,5.5,2024,8,,6.0,0.0,4.0,30.0,0.0,23.0,26.0,2.0,25.0
2024-08-04,4,두산,108,54,52,2,0.509,8.5,2024,8,,4.0,0.0,6.0,30.0,1.0,24.0,24.0,1.0,28.0
2024-08-04,5,SSG,104,51,52,1,0.495,10.0,2024,8,,5.0,0.0,5.0,27.0,1.0,24.0,24.0,0.0,28.0
2024-08-04,6,KT,104,50,52,2,0.49,10.5,2024,8,,5.0,0.0,5.0,23.0,1.0,25.0,27.0,1.0,27.0
2024-08-04,7,NC,102,49,51,2,0.49,10.5,2024,8,,4.0,0.0,6.0,27.0,0.0,22.0,22.0,2.0,29.0
2024-08-04,8,한화,101,45,54,2,0.455,14.0,2024,8,,7.0,0.0,3.0,24.0,2.0,28.0,21.0,0.0,26.0
2024-08-04,9,롯데,100,43,54,3,0.443,15.0,2024,8,,4.0,0.0,6.0,26.0,2.0,21.0,17.0,1.0,33.0
2024-08-04,10,키움,102,45,57,0,0.441,15.5,2024,8,,7.0,0.0,3.0,26.0,0.0,31.0,19.0,0.0,26.0
2024-08-06,1,KIA,106,62,42,2,0.596,0.0,2024,8,,3.0,0.0,7.0,27.0,1.0,23.0,35.0,1.0,19.0
2024-08-06,2,LG,103,54,47,2,0.535,6.5,2024,8,,5.0,0.0,5.0,27.0,1.0,21.0,27.0,1.0,26.0
2024-08-06,3,삼성,107,56,49,2,0.533,6.5,2024,8,,6.0,0.0,4.0,30.0,0.0,24.0,26.0,2.0,25.0
2024-08-06,4,두산,109,55,52,2,0.514,8.5,2024,8,,4.0,0.0,6.0,31.0,1.0,24.0,24.0,1.0,28.0
2024-08-06,5,SSG,105,52,52,1,0.5,10.0,2024,8,,6.0,0.0,4.0,27.0,1.0,24.0,25.0,0.0,28.0
2024-08-06,6,KT,105,50,53,2,0.485,11.5,2024,8,,4.0,0.0,6.0,23.0,1.0,25.0,27.0,1.0,28.0
2024-08-06,7,NC,103,49,52,2,0.485,11.5,2024,8,,4.0,0.0,6.0,27.0,0.0,22.0,22.0,2.0,30.0
2024-08-06,8,한화,102,46,54,2,0.46,14.0,2024,8,,8.0,0.0,2.0,24.0,2.0,28.0,22.0,0.0,26.0
2024-08-06,9,롯데,101,44,54,3,0.449,15.0,2024,8,,5.0,0.0,5.0,27.0,2.0,21.0,17.0,1.0,33.0
2024-08-06,10,키움,103,45,58,0,0.437,16.5,2024,8,,7.0,0.0,3.0,26.0,0.0,32.0,19.0,0.0,26.0
2024-08-07,1,KIA,107,62,43,2,0.59,0.0,2024,8,,3.0,0.0,7.0,27.0,1.0,24.0,35.0,1.0,19.0
2024-08-07,2,삼성,108,57,49,2,0.538,5.5,2024,8,,7.0,0.0,3.0,31.0,0.0,24.0,26.0,2.0,25.0
2024-08-07,3,LG,104,54,48,2,0.529,6.5,2024,8,,4.0,0.0,6.0,27.0,1.0,21.0,27.0,1.0,27.0
2024-08-07,4,두산,110,56,52,2,0.519,7.5,2024,8,,5.0,0.0,5.0,32.0,1.0,24.0,24.0,1.0,28.0
2024-08-07,5,SSG,106,53,52,1,0.505,9.0,2024,8,,6.0,0.0,4.0,27.0,1.0,24.0,26.0,0.0,28.0
2024-08-07,6,KT,106,51,53,2,0.49,10.5,2024,8,,4.0,0.0,6.0,23.0,1.0,25.0,28.0,1.0,28.0
2024-08-07,7,NC,104,49,53,2,0.48,11.5,2024,8,,3.0,0.0,7.0,27.0,0.0,22.0,22.0,2.0,31.0
2024-08-07,8,한화,103,46,55,2,0.455,14.0,2024,8,,8.0,0.0,2.0,24.0,2.0,28.0,22.0,0.0,27.0
2024-08-07,9,롯데,102,45,54,3,0.455,14.0,2024,8,,6.0,0.0,4.0,28.0,2.0,21.0,17.0,1.0,33.0
2024-08-07,10,키움,104,45,59,0,0.433,16.5,2024,8,,6.0,0.0,4.0,26.0,0.0,33.0,19.0,0.0,26.0
2024-08-08,1,KIA,108,62,44,2,0.585,0.0,2024,8,,3.0,0.0,7.0,27.0,1.0,25.0,35.0,1.0,19.0
2024-08-08,2,LG,105,55,48,2,0.534,5.5,2024,8,,4.0,0.0,6.0,27.0,1.0,21.0,28.0,1.0,27.0
2024-08-08,3,삼성,109,57,50,2,0.533,5.5,2024,8,,6.0,0.0,4.0,31.0,0.0,25.0,26.0,2.0,25.0
2024-08-08,4,두산,111,56,53,2,0.514,7.5,2024,8,,5.0,0.0,5.0,32.0,1.0,25.0,24.0,1.0,28.0
2024-08-08,5,SSG,107,53,53,1,0.5,9.0,2024,8,,5.0,0.0,5.0,27.0,1.0,24.0,26.0,0.0,29.0
2024-08-08,6,KT,107,52,53,2,0.495,9.5,2024,8,,4.0,0.0,6.0,23.0,1.0,25.0,29.0,1.0,28.0
2024-08-08,7,NC,104,49,53,2,0.48,11.0,2024,8,,3.0,0.0,7.0,27.0,0.0,22.0,22.0,2.0,31.0
2024-08-08,8,한화,104,47,55,2,0.461,13.0,2024,8,,8.0,0.0,2.0,24.0,2.0,28.0,23.0,0.0,27.0
2024-08-08,9,롯데,102,45,54,3,0.455,13.5,2024,8,,6.0,0.0,4.0,28.0,2.0,21.0,17.0,1.0,33.0
2024-08-08,10,키움,105,46,59,0,0.438,15.5,2024,8,,6.0,0.0,4.0,27.0,0.0,33.0,19.0,0.0,26.0
2024-08-09,1,KIA,109,63,44,2,0.589,0.0,2024,8,,4.0,0.0,6.0,28.0,1.0,25.0,35.0,1.0,19.0
2024-08-09,2,LG,106,56,48,2,0.538,5.5,2024,8,,4.0,0.0,6.0,28.0,1.0,21.0,28.0,1.0,27.0
2024-08-09,3,삼성,110,57,51,2,0.528,6.5,2024,8,,6.0,0.0,4.0,31.0,0.0,25.0,26.0,2.0,26.0
2024-08-09,4,두산,112,57,53,2,0.518,7.5,2024,8,,6.0,0.0,4.0,32.0,1.0,25.0,25.0,1.0,28.0
2024-08-09,5,KT,108,53,53,2,0.5,9.5,2024,8,,5.0,0.0,5.0,24.0,1.0,25.0,29.0,1.0,28.0
2024-08-09,6,SSG,108,53,54,1,0.495,10.0,2024,8,,4.0,0.0,6.0,27.0,1.0,25.0,26.0,0.0,29.0
2024-08-09,7,NC,105,49,54,2,0.476,12.0,2024,8,,2.0,0.0,8.0,27.0,0.0,22.0,22.0,2.0,32.0
2024-08-09,8,한화,105,48,55,2,0.466,13.0,2024,8,,8.0,0.0,2.0,25.0,2.0,28.0,23.0,0.0,27.0
2024-08-09,9,롯데,103,45,55,3,0.45,14.5,2024,8,,6.0,0.0,4.0,28.0,2.0,21.0,17.0,1.0,34.0
2024-08-09,10,키움,106,46,60,0,0.434,16.5,2024,8,,5.0,0.0,5.0,27.0,0.0,33.0,19.0,0.0,27.0
2024-08-10,1,KIA,109,63,44,2,0.589,0.0,2024,8,,4.0,0.0,6.0,28.0,1.0,25.0,35.0,1.0,19.0
2024-08-10,2,LG,107,57,48,2,0.543,5.0,2024,8,,4.0,0.0,6.0,29.0,1.0,21.0,28.0,1.0,27.0
2024-08-10,3,삼성,110,57,51,2,0.528,6.5,2024,8,,6.0,0.0,4.0,31.0,0.0,25.0,26.0,2.0,26.0
2024-08-10,4,두산,113,58,53,2,0.523,7.0,2024,8,,7.0,0.0,3.0,32.0,1.0,25.0,26.0,1.0,28.0
2024-08-10,5,KT,109,53,54,2,0.495,10.0,2024,8,,4.0,0.0,6.0,24.0,1.0,26.0,29.0,1.0,28.0
2024-08-10,6,SSG,109,53,55,1,0.491,10.5,2024,8,,3.0,0.0,7.0,27.0,1.0,26.0,26.0,0.0,29.0
2024-08-10,7,NC,106,49,55,2,0.471,12.5,2024,8,,2.0,0.0,8.0,27.0,0.0,22.0,22.0,2.0,33.0
2024-08-10,8,한화,106,48,56,2,0.462,13.5,2024,8,,7.0,0.0,3.0,25.0,2.0,29.0,23.0,0.0,27.0
2024-08-10,9,롯데,104,46,55,3,0.455,14.0,2024,8,,7.0,0.0,3.0,28.0,2.0,21.0,18.0,1.0,34.0
2024-08-10,10,키움,107,47,60,0,0.439,16.0,2024,8,,6.0,0.0,4.0,27.0,0.0,33.0,20.0,0.0,27.0
2024-08-11,1,KIA,110,63,45,2,0.583,0.0,2024,8,,3.0,0.0,7.0,28.0,1.0,26.0,35.0,1.0,19.0
2024-08-11,2,LG,108,58,48,2,0.547,4.0,2024,8,,5.0,0.0,5.0,30.0,1.0,21.0,28.0,1.0,27.0
2024-08-11,3,삼성,111,58,51,2,0.532,5.5,2024,8,,6.0,0.0,4.0,31.0,0.0,25.0,27.0,2.0,26.0
2024-08-11,4,두산,114,58,54,2,0.518,7.0,2024,8,,6.0,0.0,4.0,32.0,1.0,25.0,26.0,1.0,29.0
2024-08-11,5,SSG,110,54,55,1,0.495,9.5,2024,8,,3.0,0.0,7.0,28.0,1.0,26.0,26.0,0.0,29.0
2024-08-11,6,KT,110,53,55,2,0.491,10.0,2024,8,,4.0,0.0,6.0,24.0,1.0,27.0,29.0,1.0,28.0
2024-08-11,7,NC,107,49,56,2,0.467,12.5,2024,8,,2.0,0.0,8.0,27.0,0.0,22.0,22.0,2.0,34.0
2024-08-11,8,롯데,105,47,55,3,0.461,13.0,2024,8,,7.0,0.0,3.0,28.0,2.0,21.0,19.0,1.0,34.0
2024-08-11,9,한화,107,48,57,2,0.457,13.5,2024,8,,6.0,0.0,4.0,25.0,2.0,30.0,23.0,0.0,27.0
2024-08-11,10,키움,108,48,60,0,0.444,15.0,2024,8,,6.0,0.0,4.0,27.0,0.0,33.0,21.0,0.0,27.0
2024-08-13,1,KIA,111,64,45,2,0.587,0.0,2024,8,,4.0,0.0,6.0,28.0,1.0,26.0,36.0,1.0,19.0
2024-08-13,2,LG,109,59,48,2,0.551,4.0,2024,8,,6.0,0.0,4.0,30.0,1.0,21.0,29.0,1.0,27.0
2024-08-13,3,삼성,112,59,51,2,0.536,5.5,2024,8,,7.0,0.0,3.0,32.0,0.0,25.0,27.0,2.0,26.0
2024-08-13,4,두산,114,58,54,2,0.518,7.5,2024,8,,6.0,0.0,4.0,32.0,1.0,25.0,26.0,1.0,29.0
2024-08-13,5,SSG,111,55,55,1,0.5,9.5,2024,8,,4.0,0.0,6.0,28.0,1.0,26.0,27.0,0.0,29.0
2024-08-13,6,KT,111,53,56,2,0.486,11.0,2024,8,,4.0,0.0,6.0,24.0,1.0,27.0,29.0,1.0,29.0
2024-08-13,7,NC,108,49,57,2,0.462,13.5,2024,8,,2.0,0.0,8.0,27.0,0.0,23.0,22.0,2.0,34.0
2024-08-13,8,롯데,105,47,55,3,0.461,13.5,2024,8,,7.0,0.0,3.0,28.0,2.0,21.0,19.0,1.0,34.0
2024-08-13,9,한화,108,48,58,2,0.453,14.5,2024,8,,5.0,0.0,5.0,25.0,2.0,31.0,23.0,0.0,27.0
2024-08-13,10,키움,109,48,61,0,0.44,16.0,2024,8,,6.0,0.0,4.0,27.0,0.0,34.0,21.0,0.0,27.0
2024-08-14,1,KIA,112,64,46,2,0.582,0.0,2024,8,,4.0,0.0,6.0,28.0,1.0,26.0,36.0,1.0,20.0
2024-08-14,2,LG,110,59,49,2,0.546,4.0,2024,8,,5.0,0.0,5.0,30.0,1.0,21.0,29.0,1.0,28.0
2024-08-14,3,삼성,113,60,51,2,0.541,4.5,2024,8,,7.0,0.0,3.0,33.0,0.0,25.0,27.0,2.0,26.0
2024-08-14,4,두산,115,58,55,2,0.513,7.5,2024,8,,5.0,0.0,5.0,32.0,1.0,26.0,26.0,1.0,29.0
2024-08-14,5,SSG,111,55,55,1,0.5,9.0,2024,8,,4.0,0.0,6.0,28.0,1.0,26.0,27.0,0.0,29.0
2024-08-14,6,KT,112,53,57,2,0.482,11.0,2024,8,,4.0,0.0,6.0,24.0,1.0,27.0,29.0,1.0,30.0
2024-08-14,7,롯데,106,48,55,3,0.466,12.5,2024,8,,7.0,0.0,3.0,28.0,2.0,21.0,20.0,1.0,34.0
2024-08-14,8,NC,108,49,57,2,0.462,13.0,2024,8,,2.0,0.0,8.0,27.0,0.0,23.0,22.0,2.0,34.0
2024-08-14,9,한화,109,49,58,2,0.458,13.5,2024,8,,5.0,0.0,5.0,26.0,2.0,31.0,23.0,0.0,27.0
2024-08-14,10,키움,110,49,61,0,0.445,15.0,2024,8,,6.0,0.0,4.0,28.0,0.0,34.0,21.0,0.0,27.0
2024-08-15,1,KIA,113,65,46,2,0.586,0.0,2024,8,,5.0,0.0,5.0,28.0,1.0,26.0,37.0,1.0,20.0
2024-08-15,2,LG,111,60,49,2,0.55,4.0,2024,8,,6.0,0.0,4.0,30.0,1.0,21.0,30.0,1.0,28.0
2024-08-15,3,삼성,114,60,52,2,0.536,5.5,2024,8,,6.0,0.0,4.0,33.0,0.0,26.0,27.0,2.0,26.0
2024-08-15,4,두산,116,59,55,2,0.518,7.5,2024,8,,5.0,0.0,5.0,33.0,1.0,26.0,26.0,1.0,29.0
2024-08-15,5,SSG,112,56,55,1,0.505,9.0,2024,8,,5.0,0.0,5.0,28.0,1.0,26.0,28.0,0.0,29.0
2024-08-15,6,KT,113,54,57,2,0.486,11.0,2024,8,,4.0,0.0,6.0,24.0,1.0,27.0,30.0,1.0,30.0
2024-08-15,7,롯데,107,48,56,3,0.462,13.5,2024,8,,7.0,0.0,3.0,28.0,2.0,21.0,20.0,1.0,35.0
2024-08-15,8,NC,109,49,58,2,0.458,14.0,2024,8,,1.0,0.0,9.0,27.0,0.0,24.0,22.0,2.0,34.0
2024-08-15,9,한화,110,49,59,2,0.454,14.5,2024,8,,4.0,0.0,6.0,26.0,2.0,32.0,23.0,0.0,27.0
2024-08-15,10,키움,111,49,62,0,0.441,16.0,2024,8,,5.0,0.0,5.0,28.0,0.0,35.0,21.0,0.0,27.0
2024-08-16,1,KIA,114,66,46,2,0.589,0.0,2024,8,,6.0,0.0,4.0,28.0,1.0,26.0,38.0,1.0,20.0
2024-08-16,2,LG,112,60,50,2,0.545,5.0,2024,8,,6.0,0.0,4.0,30.0,1.0,22.0,30.0,1.0,28.0
2024-08-16,3,삼성,115,61,52,2,0.54,5.5,2024,8,,6.0,0.0,4.0,33.0,0.0,26.0,28.0,2.0,26.0
2024-08-16,4,두산,117,60,55,2,0.522,7.5,2024,8,,6.0,0.0,4.0,33.0,1.0,26.0,27.0,1.0,29.0
2024-08-16,5,SSG,113,56,56,1,0.5,10.0,2024,8,,5.0,0.0,5.0,28.0,1.0,27.0,28.0,0.0,29.0
2024-08-16,6,KT,114,54,58,2,0.482,12.0,2024,8,,4.0,0.0,6.0,24.0,1.0,28.0,30.0,1.0,30.0
2024-08-16,7,롯데,108,49,56,3,0.467,13.5,2024,8,,8.0,0.0,2.0,29.0,2.0,21.0,20.0,1.0,35.0
2024-08-16,8,한화,111,50,59,2,0.459,14.5,2024,8,,5.0,0.0,5.0,26.0,2.0,32.0,24.0,0.0,27.0
2024-08-16,9,NC,110,49,59,2,0.454,15.0,2024,8,,1.0,0.0,9.0,27.0,0.0,25.0,22.0,2.0,34.0
2024-08-16,10,키움,112,49,63,0,0.438,17.0,2024,8,,4.0,0.0,6.0,28.0,0.0,35.0,21.0,0.0,28.0
2024-08-17,1,KIA,115,67,46,2,0.593,0.0,2024,8,,6.0,0.0,4.0,28.0,1.0,26.0,39.0,1.0,20.0
2024-08-17,2,삼성,116,62,52,2,0.544,5.5,2024,8,,6.0,0.0,4.0,33.0,0.0,26.0,29.0,2.0,26.0
2024-08-17,3,LG,113,60,51,2,0.541,6.0,2024,8,,6.0,0.0,4.0,30.0,1.0,23.0,30.0,1.0,28.0
2024-08-17,4,두산,118,61,55,2,0.526,7.5,2024,8,,7.0,0.0,3.0,33.0,1.0,26.0,28.0,1.0,29.0
2024-08-17,5,SSG,114,56,57,1,0.496,11.0,2024,8,,5.0,0.0,5.0,28.0,1.0,28.0,28.0,0.0,29.0
2024-08-17,6,KT,115,54,59,2,0.478,13.0,2024,8,,4.0,0.0,6.0,24.0,1.0,29.0,30.0,1.0,30.0
2024-08-17,7,한화,112,51,59,2,0.464,14.5,2024,8,,5.0,0.0,5.0,26.0,2.0,32.0,25.0,0.0,27.0
2024-08-17,8,롯데,109,49,57,3,0.462,14.5,2024,8,,7.0,0.0,3.0,29.0,2.0,22.0,20.0,1.0,35.0
2024-08-17,9,NC,111,49,60,2,0.45,16.0,2024,8,,1.0,0.0,9.0,27.0,0.0,26.0,22.0,2.0,34.0
2024-08-17,10,키움,113,50,63,0,0.442,17.0,2024,8,,5.0,0.0,5.0,28.0,0.0,35.0,22.0,0.0,28.0
2024-08-18,1,KIA,116,68,46,2,0.596,0.0,2024,8,,6.0,0.0,4.0,28.0,1.0,26.0,40.0,1.0,20.0
2024-08-18,2,삼성,117,63,52,2,0.548,5.5,2024,8,,7.0,0.0,3.0,33.0,0.0,26.0,30.0,2.0,26.0
2024-08-18,3,LG,114,60,52,2,0.536,7.0,2024,8,,6.0,0.0,4.0,30.0,1.0,24.0,30.0,1.0,28.0
2024-08-18,4,두산,119,61,56,2,0.521,8.5,2024,8,,6.0,0.0,4.0,33.0,1.0,26.0,28.0,1.0,30.0
2024-08-18,5,SSG,115,56,58,1,0.491,12.0,2024,8,,4.0,0.0,6.0,28.0,1.0,29.0,28.0,0.0,29.0
2024-08-18,6,KT,116,55,59,2,0.482,13.0,2024,8,,4.0,0.0,6.0,25.0,1.0,29.0,30.0,1.0,30.0
2024-08-18,7,한화,113,52,59,2,0.468,14.5,2024,8,,6.0,0.0,4.0,26.0,2.0,32.0,26.0,0.0,27.0
2024-08-18,8,롯데,110,50,57,3,0.467,14.5,2024,8,,7.0,0.0,3.0,30.0,2.0,22.0,20.0,1.0,35.0
2024-08-18,9,NC,112,49,61,2,0.445,17.0,2024,8,,0.0,0.0,10.0,27.0,0.0,27.0,22.0,2.0,34.0
2024-08-18,10,키움,114,50,64,0,0.439,18.0,2024,8,,5.0,0.0,5.0,28.0,0.0,35.0,22.0,0.0,29.0
2024-08-20,1,KIA,116,68,46,2,0.596,0.0,2024,8,,6.0,0.0,4.0,28.0,1.0,26.0,40.0,1.0,20.0
2024-08-20,2,삼성,118,64,52,2,0.552,5.0,2024,8,,7.0,0.0,3.0,34.0,0.0,26.0,30.0,2.0,26.0
2024-08-20,3,LG,115,61,52,2,0.54,6.5,2024,8,,6.0,0.0,4.0,31.0,1.0,24.0,30.0,1.0,28.0
2024-08-20,4,두산,120,61,57,2,0.517,9.0,2024,8,,5.0,0.0,5.0,33.0,1.0,26.0,28.0,1.0,31.0
2024-08-20,5,SSG,116,56,59,1,0.487,12.5,2024,8,,3.0,0.0,7.0,28.0,1.0,29.0,28.0,0.0,30.0
2024-08-20,6,KT,117,55,60,2,0.478,13.5,2024,8,,3.0,0.0,7.0,25.0,1.0,30.0,30.0,1.0,30.0
2024-08-20,7,한화,114,53,59,2,0.473,14.0,2024,8,,6.0,0.0,4.0,27.0,2.0,32.0,26.0,0.0,27.0
2024-08-20,8,롯데,110,50,57,3,0.467,14.5,2024,8,,7.0,0.0,3.0,30.0,2.0,22.0,20.0,1.0,35.0
2024-08-20,9,키움,115,51,64,0,0.443,17.5,2024,8,,5.0,0.0,5.0,28.0,0.0,35.0,23.0,0.0,29.0
2024-08-20,10,NC,113,49,62,2,0.441,17.5,2024,8,,0.0,0.0,10.0,27.0,0.0,27.0,22.0,2.0,35.0
2024-08-21,1,KIA,117,69,46,2,0.6,0.0,2024,8,,7.0,0.0,3.0,29.0,1.0,26.0,40.0,1.0,20.0
2024-08-21,2,삼성,119,64,53,2,0.547,6.0,2024,8,,7.0,0.0,3.0,34.0,0.0,27.0,30.0,2.0,26.0
2024-08-21,3,LG,116,61,53,2,0.535,7.5,2024,8,,5.0,0.0,5.0,31.0,1.0,25.0,30.0,1.0,28.0
2024-08-21,4,두산,121,62,57,2,0.521,9.0,2024,8,,6.0,0.0,4.0,33.0,1.0,26.0,29.0,1.0,31.0
2024-08-21,5,SSG,117,57,59,1,0.491,12.5,2024,8,,4.0,0.0,6.0,28.0,1.0,29.0,29.0,0.0,30.0
2024-08-21,6,KT,118,56,60,2,0.483,13.5,2024,8,,3.0,0.0,7.0,26.0,1.0,30.0,30.0,1.0,30.0
2024-08-21,7,한화,115,53,60,2,0.469,15.0,2024,8,,5.0,0.0,5.0,27.0,2.0,33.0,26.0,0.0,27.0
2024-08-21,8,롯데,111,50,58,3,0.463,15.5,2024,8,,6.0,0.0,4.0,30.0,2.0,22.0,20.0,1.0,36.0
2024-08-21,9,NC,114,50,62,2,0.446,17.5,2024,8,,1.0,0.0,9.0,27.0,0.0,27.0,23.0,2.0,35.0
2024-08-21,10,키움,116,51,65,0,0.44,18.5,2024,8,,5.0,0.0,5.0,28.0,0.0,35.0,23.0,0.0,30.0
2024-08-22,1,KIA,118,70,46,2,0.603,0.0,2024,8,,8.0,0.0,2.0,30.0,1.0,26.0,40.0,1.0,20.0
2024-08-22,2,삼성,119,64,53,2,0.547,6.5,2024,8,,7.0,0.0,3.0,34.0,0.0,27.0,30.0,2.0,26.0
2024-08-22,3,LG,117,62,53,2,0.539,7.5,2024,8,,5.0,0.0,5.0,32.0,1.0,25.0,30.0,1.0,28.0
2024-08-22,4,두산,121,62,57,2,0.521,9.5,2024,8,,6.0,0.0,4.0,33.0,1.0,26.0,29.0,1.0,31.0
2024-08-22,5,KT,119,57,60,2,0.487,13.5,2024,8,,4.0,0.0,6.0,27.0,1.0,30.0,30.0,1.0,30.0
2024-08-22,5,SSG,118,57,60,1,0.487,13.5,2024,8,,4.0,0.0,6.0,28.0,1.0,29.0,29.0,0.0,31.0
2024-08-22,7,한화,115,53,60,2,0.469,15.5,2024,8,,5.0,0.0,5.0,27.0,2.0,33.0,26.0,0.0,27.0
2024-08-22,8,롯데,112,50,59,3,0.459,16.5,2024,8,,5.0,0.0,5.0,30.0,2.0,22.0,20.0,1.0,37.0
2024-08-22,9,NC,114,50,62,2,0.446,18.0,2024,8,,1.0,0.0,9.0,27.0,0.0,27.0,23.0,2.0,35.0
2024-08-22,10,키움,117,51,66,0,0.436,19.5,2024,8,,4.0,0.0,6.0,28.0,0.0,35.0,23.0,0.0,31.0
2024-08-23,1,KIA,119,70,47,2,0.598,0.0,2024,8,,7.0,0.0,3.0,30.0,1.0,26.0,40.0,1.0,21.0
2024-08-23,2,삼성,120,65,53,2,0.551,5.5,2024,8,,8.0,0.0,2.0,35.0,0.0,27.0,30.0,2.0,26.0
2024-08-23,3,LG,118,62,54,2,0.534,7.5,2024,8,,4.0,0.0,6.0,32.0,1.0,25.0,30.0,1.0,29.0
2024-08-23,4,두산,122,62,58,2,0.517,9.5,2024,8,,5.0,0.0,5.0,33.0,1.0,27.0,29.0,1.0,31.0
2024-08-23,5,KT,120,58,60,2,0.492,12.5,2024,8,,5.0,0.0,5.0,27.0,1.0,30.0,31.0,1.0,30.0
2024-08-23,6,SSG,119,57,61,1,0.483,13.5,2024,8,,4.0,0.0,6.0,28.0,1.0,30.0,29.0,0.0,31.0
2024-08-23,7,한화,116,54,60,2,0.474,14.5,2024,8,,6.0,0.0,4.0,27.0,2.0,33.0,27.0,0.0,27.0
2024-08-23,8,롯데,113,50,60,3,0.455,16.5,2024,8,,5.0,0.0,5.0,30.0,2.0,22.0,20.0,1.0,38.0
2024-08-23,9,NC,115,51,62,2,0.451,17.0,2024,8,,2.0,0.0,8.0,28.0,0.0,27.0,23.0,2.0,35.0
2024-08-23,10,키움,118,52,66,0,0.441,18.5,2024,8,,4.0,0.0,6.0,29.0,0.0,35.0,23.0,0.0,31.0
2024-08-24,1,KIA,120,71,47,2,0.602,0.0,2024,8,,8.0,0.0,2.0,30.0,1.0,26.0,41.0,1.0,21.0
2024-08-24,2,삼성,121,65,54,2,0.546,6.5,2024,8,,7.0,0.0,3.0,35.0,0.0,28.0,30.0,2.0,26.0
2024-08-24,3,LG,119,63,54,2,0.538,7.5,2024,8,,4.0,0.0,6.0,32.0,1.0,25.0,31.0,1.0,29.0
2024-08-24,4,두산,123,62,59,2,0.512,10.5,2024,8,,4.0,0.0,6.0,33.0,1.0,28.0,29.0,1.0,31.0
2024-08-24,5,KT,121,59,60,2,0.496,12.5,2024,8,,6.0,0.0,4.0,27.0,1.0,30.0,32.0,1.0,30.0
2024-08-24,6,SSG,120,57,62,1,0.479,14.5,2024,8,,3.0,0.0,7.0,28.0,1.0,31.0,29.0,0.0,31.0
2024-08-24,7,한화,117,55,60,2,0.478,14.5,2024,8,,7.0,0.0,3.0,27.0,2.0,33.0,28.0,0.0,27.0
2024-08-24,8,롯데,114,51,60,3,0.459,16.5,2024,8,,5.0,0.0,5.0,30.0,2.0,22.0,21.0,1.0,38.0
2024-08-24,9,NC,116,51,63,2,0.447,18.0,2024,8,,2.0,0.0,8.0,28.0,0.0,28.0,23.0,2.0,35.0
2024-08-24,10,키움,119,52,67,0,0.437,19.5,2024,8,,4.0,0.0,6.0,29.0,0.0,36.0,23.0,0.0,31.0
2024-08-25,1,KIA,121,71,48,2,0.597,0.0,2024,8,,7.0,0.0,3.0,30.0,1.0,26.0,41.0,1.0,22.0
2024-08-25,2,삼성,122,66,54,2,0.55,5.5,2024,8,,7.0,0.0,3.0,36.0,0.0,28.0,30.0,2.0,26.0
2024-08-25,3,LG,120,63,55,2,0.534,7.5,2024,8,,4.0,0.0,6.0,32.0,1.0,25.0,31.0,1.0,30.0
2024-08-25,4,두산,124,62,60,2,0.508,10.5,2024,8,,4.0,0.0,6.0,33.0,1.0,29.0,29.0,1.0,31.0
2024-08-25,5,KT,122,59,61,2,0.492,12.5,2024,8,,6.0,0.0,4.0,27.0,1.0,30.0,32.0,1.0,31.0
2024-08-25,6,SSG,121,58,62,1,0.483,13.5,2024,8,,3.0,0.0,7.0,29.0,1.0,31.0,29.0,0.0,31.0
2024-08-25,7,한화,118,56,60,2,0.483,13.5,2024,8,,8.0,0.0,2.0,27.0,2.0,33.0,29.0,0.0,27.0
2024-08-25,8,롯데,115,51,61,3,0.455,16.5,2024,8,,4.0,0.0,6.0,30.0,2.0,22.0,21.0,1.0,39.0
2024-08-25,9,NC,117,52,63,2,0.452,17.0,2024,8,,3.0,0.0,7.0,29.0,0.0,28.0,23.0,2.0,35.0
2024-08-25,10,키움,120,53,67,0,0.442,18.5,2024,8,,4.0,0.0,6.0,30.0,0.0,36.0,23.0,0.0,31.0
2024-08-27,1,KIA,122,72,48,2,0.6,0.0,2024,8,,8.0,0.0,2.0,31.0,1.0,26.0,41.0,1.0,22.0
2024-08-27,2,삼성,123,67,54,2,0.554,5.5,2024,8,,7.0,0.0,3.0,36.0,0.0,28.0,31.0,2.0,26.0
2024-08-27,3,LG,121,64,55,2,0.538,7.5,2024,8,,4.0,0.0,6.0,33.0,1.0,25.0,31.0,1.0,30.0
2024-08-27,4,두산,125,63,60,2,0.512,10.5,2024,8,,5.0,0.0,5.0,33.0,1.0,29.0,30.0,1.0,31.0
2024-08-27,5,KT,123,59,62,2,0.488,13.5,2024,8,,5.0,0.0,5.0,27.0,1.0,30.0,32.0,1.0,32.0
2024-08-27,6,SSG,122,58,63,1,0.479,14.5,2024,8,,2.0,0.0,8.0,29.0,1.0,31.0,29.0,0.0,32.0
2024-08-27,7,한화,119,56,61,2,0.479,14.5,2024,8,,7.0,0.0,3.0,27.0,2.0,33.0,29.0,0.0,28.0
2024-08-27,8,롯데,116,52,61,3,0.46,16.5,2024,8,,4.0,0.0,6.0,31.0,2.0,22.0,21.0,1.0,39.0
2024-08-27,9,NC,118,52,64,2,0.448,18.0,2024,8,,3.0,0.0,7.0,29.0,0.0,29.0,23.0,2.0,35.0
2024-08-27,10,키움,121,53,68,0,0.438,19.5,2024,8,,4.0,0.0,6.0,30.0,0.0,37.0,23.0,0.0,31.0
2024-08-28,1,KIA,123,73,48,2,0.603,0.0,2024,8,,8.0,0.0,2.0,32.0,1.0,26.0,41.0,1.0,22.0
2024-08-28,2,삼성,124,68,54,2,0.557,5.5,2024,8,,8.0,0.0,2.0,36.0,0.0,28.0,32.0,2.0,26.0
2024-08-28,3,LG,122,64,56,2,0.533,8.5,2024,8,,4.0,0.0,6.0,33.0,1.0,26.0,31.0,1.0,30.0
2024-08-28,4,두산,126,64,60,2,0.516,10.5,2024,8,,5.0,0.0,5.0,33.0,1.0,29.0,31.0,1.0,31.0
2024-08-28,5,KT,124,60,62,2,0.492,13.5,2024,8,,6.0,0.0,4.0,27.0,1.0,30.0,33.0,1.0,32.0
2024-08-28,6,한화,120,57,61,2,0.483,14.5,2024,8,,8.0,0.0,2.0,27.0,2.0,33.0,30.0,0.0,28.0
2024-08-28,7,SSG,123,58,64,1,0.475,15.5,2024,8,,2.0,0.0,8.0,29.0,1.0,31.0,29.0,0.0,33.0
2024-08-28,8,롯데,117,52,62,3,0.456,17.5,2024,8,,4.0,0.0,6.0,31.0,2.0,23.0,21.0,1.0,39.0
2024-08-28,9,NC,119,52,65,2,0.444,19.0,2024,8,,3.0,0.0,7.0,29.0,0.0,30.0,23.0,2.0,35.0
2024-08-28,10,키움,122,53,69,0,0.434,20.5,2024,8,,4.0,0.0,6.0,30.0,0.0,38.0,23.0,0.0,31.0
2024-08-29,1,KIA,124,73,49,2,0.598,0.0,2024,8,,7.0,0.0,3.0,32.0,1.0,27.0,41.0,1.0,22.0
2024-08-29,2,삼성,125,69,54,2,0.561,4.5,2024,8,,8.0,0.0,2.0,36.0,0.0,28.0,33.0,2.0,26.0
2024-08-29,3,LG,123,64,57,2,0.529,8.5,2024,8,,4.0,0.0,6.0,33.0,1.0,27.0,31.0,1.0,30.0
2024-08-29,4,두산,127,64,61,2,0.512,10.5,2024,8,,4.0,0.0,6.0,33.0,1.0,29.0,31.0,1.0,32.0
2024-08-29,5,KT,125,61,62,2,0.496,12.5,2024,8,,7.0,0.0,3.0,27.0,1.0,30.0,34.0,1.0,32.0
2024-08-29,6,SSG,124,59,64,1,0.48,14.5,2024,8,,3.0,0.0,7.0,29.0,1.0,31.0,30.0,0.0,33.0
2024-08-29,7,한화,121,57,62,2,0.479,14.5,2024,8,,7.0,0.0,3.0,27.0,2.0,33.0,30.0,0.0,29.0
2024-08-29,8,롯데,118,53,62,3,0.461,16.5,2024,8,,4.0,0.0,6.0,32.0,2.0,23.0,21.0,1.0,39.0
2024-08-29,9,NC,120,53,65,2,0.449,18.0,2024,8,,4.0,0.0,6.0,30.0,0.0,30.0,23.0,2.0,35.0
2024-08-29,10,키움,123,53,70,0,0.431,20.5,2024,8,,3.0,0.0,7.0,30.0,0.0,39.0,23.0,0.0,31.0
2024-08-30,1,KIA,124,73,49,2,0.598,0.0,2024,8,,7.0,0.0,3.0,32.0,1.0,27.0,41.0,1.0,22.0
2024-08-30,2,삼성,125,69,54,2,0.561,4.5,2024,8,,8.0,0.0,2.0,36.0,0.0,28.0,33.0,2.0,26.0
2024-08-30,3,LG,124,65,57,2,0.533,8.0,2024,8,,5.0,0.0,5.0,33.0,1.0,27.0,32.0,1.0,30.0
2024-08-30,4,두산,127,64,61,2,0.512,10.5,2024,8,,4.0,0.0,6.0,33.0,1.0,29.0,31.0,1.0,32.0
2024-08-30,5,KT,126,61,63,2,0.492,13.0,2024,8,,6.0,0.0,4.0,27.0,1.0,31.0,34.0,1.0,32.0
2024-08-30,6,SSG,124,59,64,1,0.48,14.5,2024,8,,3.0,0.0,7.0,29.0,1.0,31.0,30.0,0.0,33.0
2024-08-30,7,한화,121,57,62,2,0.479,14.5,2024,8,,7.0,0.0,3.0,27.0,2.0,33.0,30.0,0.0,29.0
2024-08-30,8,롯데,119,54,62,3,0.466,16.0,2024,8,,5.0,0.0,5.0,32.0,2.0,23.0,22.0,1.0,39.0
2024-08-30,9,NC,120,53,65,2,0.449,18.0,2024,8,,4.0,0.0,6.0,30.0,0.0,30.0,23.0,2.0,35.0
2024-08-30,10,키움,124,53,71,0,0.427,21.0,2024,8,,3.0,0.0,7.0,30.0,0.0,40.0,23.0,0.0,31.0
2024-08-31,1,KIA,125,74,49,2,0.602,0.0,2024,8,,7.0,0.0,3.0,32.0,1.0,27.0,42.0,1.0,22.0
2024-08-31,2,삼성,126,69,55,2,0.556,5.5,2024,8,,7.0,0.0,3.0,36.0,0.0,29.0,33.0,2.0,26.0
2024-08-31,3,LG,124,65,57,2,0.533,8.5,2024,8,,5.0,0.0,5.0,33.0,1.0,27.0,32.0,1.0,30.0
2024-08-31,4,두산,128,64,62,2,0.508,11.5,2024,8,,3.0,0.0,7.0,33.0,1.0,30.0,31.0,1.0,32.0
2024-08-31,5,KT,127,62,63,2,0.496,13.0,2024,8,,7.0,0.0,3.0,27.0,1.0,31.0,35.0,1.0,32.0
2024-08-31,6,SSG,125,59,65,1,0.476,15.5,2024,8,,3.0,0.0,7.0,29.0,1.0,32.0,30.0,0.0,33.0
2024-08-31,7,한화,122,57,63,2,0.475,15.5,2024,8,,6.0,0.0,4.0,27.0,2.0,34.0,30.0,0.0,29.0
2024-08-31,8,롯데,120,55,62,3,0.47,16.0,2024,8,,5.0,0.0,5.0,32.0,2.0,23.0,23.0,1.0,39.0
2024-08-31,9,NC,121,54,65,2,0.454,18.0,2024,8,,5.0,0.0,5.0,30.0,0.0,30.0,24.0,2.0,35.0
2024-08-31,10,키움,124,53,71,0,0.427,21.5,2024,8,,3.0,0.0,7.0,30.0,0.0,40.0,23.0,0.0,31.0
2024-09-01,1,KIA,126,75,49,2,0.605,0.0,2024,9,,7.0,0.0,3.0,32.0,1.0,27.0,43.0,1.0,22.0
2024-09-01,2,삼성,127,69,56,2,0.552,6.5,2024,9,,6.0,0.0,4.0,36.0,0.0,30.0,33.0,2.0,26.0
2024-09-01,3,LG,124,65,57,2,0.533,9.0,2024,9,,5.0,0.0,5.0,33.0,1.0,27.0,32.0,1.0,30.0
2024-09-01,4,두산,129,64,63,2,0.504,12.5,2024,9,,3.0,0.0,7.0,33.0,1.0,31.0,31.0,1.0,32.0
2024-09-01,5,KT,127,62,63,2,0.496,13.5,2024,9,,7.0,0.0,3.0,27.0,1.0,31.0,35.0,1.0,32.0
2024-09-01,6,한화,122,57,63,2,0.475,16.0,2024,9,,6.0,0.0,4.0,27.0,2.0,34.0,30.0,0.0,29.0
2024-09-01,7,롯데,121,56,62,3,0.475,16.0,2024,9,,6.0,0.0,4.0,32.0,2.0,23.0,24.0,1.0,39.0
2024-09-01,8,SSG,126,59,66,1,0.472,16.5,2024,9,,3.0,0.0,7.0,29.0,1.0,33.0,30.0,0.0,33.0
2024-09-01,9,NC,122,55,65,2,0.458,18.0,2024,9,,6.0,0.0,4.0,30.0,0.0,30.0,25.0,2.0,35.0
2024-09-01,10,키움,124,53,71,0,0.427,22.0,2024,9,,3.0,0.0,7.0,30.0,0.0,40.0,23.0,0.0,31.0
2024-09-03,1,KIA,127,76,49,2,0.608,0.0,2024,9,,7.0,0.0,3.0,33.0,1.0,27.0,43.0,1.0,22.0
2024-09-03,2,삼성,128,70,56,2,0.556,6.5,2024,9,,6.0,0.0,4.0,37.0,0.0,30.0,33.0,2.0,26.0
2024-09-03,3,LG,125,65,58,2,0.528,10.0,2024,9,,4.0,0.0,6.0,33.0,1.0,27.0,32.0,1.0,31.0
2024-09-03,4,두산,130,64,64,2,0.5,13.5,2024,9,,3.0,0.0,7.0,33.0,1.0,31.0,31.0,1.0,33.0
2024-09-03,5,KT,127,62,63,2,0.496,14.0,2024,9,,7.0,0.0,3.0,27.0,1.0,31.0,35.0,1.0,32.0
2024-09-03,6,한화,123,58,63,2,0.479,16.0,2024,9,,6.0,0.0,4.0,28.0,2.0,34.0,30.0,0.0,29.0
2024-09-03,7,SSG,126,59,66,1,0.472,17.0,2024,9,,3.0,0.0,7.0,29.0,1.0,33.0,30.0,0.0,33.0
2024-09-03,8,롯데,122,56,63,3,0.471,17.0,2024,9,,6.0,0.0,4.0,32.0,2.0,23.0,24.0,1.0,40.0
2024-09-03,9,NC,123,56,65,2,0.463,18.0,2024,9,,7.0,0.0,3.0,31.0,0.0,30.0,25.0,2.0,35.0
2024-09-03,10,키움,125,53,72,0,0.424,23.0,2024,9,,2.0,0.0,8.0,30.0,0.0,40.0,23.0,0.0,32.0
2024-09-04,1,KIA,128,76,50,2,0.603,0.0,2024,9,,6.0,0.0,4.0,33.0,1.0,28.0,43.0,1.0,22.0
2024-09-04,2,삼성,129,71,56,2,0.559,5.5,2024,9,,7.0,0.0,3.0,38.0,0.0,30.0,33.0,2.0,26.0
2024-09-04,3,LG,126,66,58,2,0.532,9.0,2024,9,,5.0,0.0,5.0,34.0,1.0,27.0,32.0,1.0,31.0
2024-09-04,4,두산,131,64,65,2,0.496,13.5,2024,9,,2.0,0.0,8.0,33.0,1.0,31.0,31.0,1.0,34.0
2024-09-04,5,KT,128,62,64,2,0.492,14.0,2024,9,,6.0,0.0,4.0,27.0,1.0,31.0,35.0,1.0,33.0
2024-09-04,6,한화,124,59,63,2,0.484,15.0,2024,9,,6.0,0.0,4.0,28.0,2.0,34.0,31.0,0.0,29.0
2024-09-04,7,롯데,123,57,63,3,0.475,16.0,2024,9,,7.0,0.0,3.0,33.0,2.0,23.0,24.0,1.0,40.0
2024-09-04,8,SSG,127,59,67,1,0.468,17.0,2024,9,,2.0,0.0,8.0,29.0,1.0,33.0,30.0,0.0,34.0
2024-09-04,9,NC,124,57,65,2,0.467,17.0,2024,9,,7.0,0.0,3.0,32.0,0.0,30.0,25.0,2.0,35.0
2024-09-04,10,키움,126,53,73,0,0.421,23.0,2024,9,,2.0,0.0,8.0,30.0,0.0,40.0,23.0,0.0,33.0
2024-09-05,1,KIA,129,77,50,2,0.606,0.0,2024,9,,7.0,0.0,3.0,34.0,1.0,28.0,43.0,1.0,22.0
2024-09-05,2,삼성,129,71,56,2,0.559,6.0,2024,9,,7.0,0.0,3.0,38.0,0.0,30.0,33.0,2.0,26.0
2024-09-05,3,LG,127,66,59,2,0.528,10.0,2024,9,,4.0,0.0,6.0,34.0,1.0,28.0,32.0,1.0,31.0
2024-09-05,4,두산,131,64,65,2,0.496,14.0,2024,9,,2.0,0.0,8.0,33.0,1.0,31.0,31.0,1.0,34.0
2024-09-05,5,KT,129,63,64,2,0.496,14.0,2024,9,,6.0,0.0,4.0,27.0,1.0,31.0,36.0,1.0,33.0
2024-09-05,6,한화,125,59,64,2,0.48,16.0,2024,9,,6.0,0.0,4.0,28.0,2.0,34.0,31.0,0.0,30.0
2024-09-05,7,SSG,128,60,67,1,0.472,17.0,2024,9,,3.0,0.0,7.0,29.0,1.0,33.0,31.0,0.0,34.0
2024-09-05,8,롯데,124,57,64,3,0.471,17.0,2024,9,,6.0,0.0,4.0,33.0,2.0,24.0,24.0,1.0,40.0
2024-09-05,9,NC,125,57,66,2,0.463,18.0,2024,9,,6.0,0.0,4.0,32.0,0.0,31.0,25.0,2.0,35.0
2024-09-05,10,키움,127,54,73,0,0.425,23.0,2024,9,,3.0,0.0,7.0,30.0,0.0,40.0,24.0,0.0,33.0
2024-09-06,1,KIA,130,78,50,2,0.609,0.0,2024,9,,7.0,0.0,3.0,35.0,1.0,28.0,43.0,1.0,22.0
2024-09-06,2,삼성,130,72,56,2,0.563,6.0,2024,9,,7.0,0.0,3.0,38.0,0.0,30.0,34.0,2.0,26.0
2024-09-06,3,LG,128,66,60,2,0.524,11.0,2024,9,,4.0,0.0,6.0,34.0,1.0,29.0,32.0,1.0,31.0
2024-09-06,4,KT,130,64,64,2,0.5,14.0,2024,9,,6.0,0.0,4.0,27.0,1.0,31.0,37.0,1.0,33.0
2024-09-06,5,두산,131,64,65,2,0.496,14.5,2024,9,,2.0,0.0,8.0,33.0,1.0,31.0,31.0,1.0,34.0
2024-09-06,6,한화,126,60,64,2,0.484,16.0,2024,9,,6.0,0.0,4.0,28.0,2.0,34.0,32.0,0.0,30.0
2024-09-06,7,SSG,128,60,67,1,0.472,17.5,2024,9,,3.0,0.0,7.0,29.0,1.0,33.0,31.0,0.0,34.0
2024-09-06,8,롯데,125,57,65,3,0.467,18.0,2024,9,,6.0,0.0,4.0,33.0,2.0,25.0,24.0,1.0,40.0
2024-09-06,9,NC,126,57,67,2,0.46,19.0,2024,9,,6.0,0.0,4.0,32.0,0.0,32.0,25.0,2.0,35.0
2024-09-06,10,키움,128,54,74,0,0.422,24.0,2024,9,,2.0,0.0,8.0,30.0,0.0,40.0,24.0,0.0,34.0
2024-09-07,1,KIA,131,79,50,2,0.612,0.0,2024,9,,8.0,0.0,2.0,36.0,1.0,28.0,43.0,1.0,22.0
2024-09-07,2,삼성,131,72,57,2,0.558,7.0,2024,9,,7.0,0.0,3.0,38.0,0.0,31.0,34.0,2.0,26.0
2024-09-07,3,LG,129,67,60,2,0.528,11.0,2024,9,,4.0,0.0,6.0,35.0,1.0,29.0,32.0,1.0,31.0
2024-09-07,4,두산,132,65,65,2,0.5,14.5,2024,9,,3.0,0.0,7.0,33.0,1.0,31.0,32.0,1.0,34.0
2024-09-07,5,KT,131,64,65,2,0.496,15.0,2024,9,,5.0,0.0,5.0,27.0,1.0,32.0,37.0,1.0,33.0
2024-09-07,6,한화,127,60,65,2,0.48,17.0,2024,9,,5.0,0.0,5.0,28.0,2.0,34.0,32.0,0.0,31.0
2024-09-07,7,SSG,129,60,67,2,0.472,18.0,2024,9,,3.0,1.0,6.0,29.0,1.0,33.0,31.0,1.0,34.0
2024-09-07,8,롯데,126,57,65,4,0.467,18.5,2024,9,,5.0,1.0,4.0,33.0,3.0,25.0,24.0,1.0,40.0
2024-09-07,9,NC,127,58,67,2,0.464,19.0,2024,9,,6.0,0.0,4.0,32.0,0.0,32.0,26.0,2.0,35.0
2024-09-07,10,키움,129,54,75,0,0.419,25.0,2024,9,,2.0,0.0,8.0,30.0,0.0,40.0,24.0,0.0,35.0
2024-09-08,1,KIA,132,80,50,2,0.615,0.0,2024,9,,8.0,0.0,2.0,37.0,1.0,28.0,43.0,1.0,22.0
2024-09-08,2,삼성,132,73,57,2,0.562,7.0,2024,9,,7.0,0.0,3.0,39.0,0.0,31.0,34.0,2.0,26.0
2024-09-08,3,LG,130,68,60,2,0.531,11.0,2024,9,,5.0,0.0,5.0,36.0,1.0,29.0,32.0,1.0,31.0
2024-09-08,4,두산,132,65,65,2,0.5,15.0,2024,9,,3.0,0.0,7.0,33.0,1.0,31.0,32.0,1.0,34.0
2024-09-08,5,KT,131,64,65,2,0.496,15.5,2024,9,,5.0,0.0,5.0,27.0,1.0,32.0,37.0,1.0,33.0
2024-09-08,6,SSG,130,61,67,2,0.477,18.0,2024,9,,4.0,1.0,5.0,29.0,1.0,33.0,32.0,1.0,34.0
2024-09-08,7,한화,128,60,66,2,0.476,18.0,2024,9,,4.0,0.0,6.0,28.0,2.0,34.0,32.0,0.0,32.0
2024-09-08,8,롯데,127,57,66,4,0.463,19.5,2024,9,,5.0,1.0,4.0,33.0,3.0,26.0,24.0,1.0,40.0
2024-09-08,9,NC,128,58,68,2,0.46,20.0,2024,9,,6.0,0.0,4.0,32.0,0.0,32.0,26.0,2.0,36.0
2024-09-08,10,키움,130,54,76,0,0.415,26.0,2024,9,,1.0,0.0,9.0,30.0,0.0,40.0,24.0,0.0,36.0
2024-09-10,1,KIA,132,80,50,2,0.615,0.0,2024,9,,8.0,0.0,2.0,37.0,1.0,28.0,43.0,1.0,22.0
2024-09-10,2,삼성,132,73,57,2,0.562,7.0,2024,9,,7.0,0.0,3.0,39.0,0.0,31.0,34.0,2.0,26.0
2024-09-10,3,LG,131,68,61,2,0.527,11.5,2024,9,,4.0,0.0,6.0,36.0,1.0,30.0,32.0,1.0,31.0
2024-09-10,4,KT,132,65,65,2,0.5,15.0,2024,9,,6.0,0.0,4.0,28.0,1.0,32.0,37.0,1.0,33.0
2024-09-10,5,두산,133,65,66,2,0.496,15.5,2024,9,,3.0,0.0,7.0,33.0,1.0,31.0,32.0,1.0,35.0
2024-09-10,6,SSG,131,62,67,2,0.481,17.5,2024,9,,4.0,1.0,5.0,30.0,1.0,33.0,32.0,1.0,34.0
2024-09-10,7,한화,129,60,67,2,0.472,18.5,2024,9,,4.0,0.0,6.0,28.0,2.0,34.0,32.0,0.0,33.0
2024-09-10,8,롯데,128,58,66,4,0.468,19.0,2024,9,,5.0,1.0,4.0,33.0,3.0,26.0,25.0,1.0,40.0
2024-09-10,9,NC,129,58,69,2,0.457,20.5,2024,9,,6.0,0.0,4.0,32.0,0.0,32.0,26.0,2.0,37.0
2024-09-10,10,키움,131,55,76,0,0.42,25.5,2024,9,,2.0,0.0,8.0,31.0,0.0,40.0,24.0,0.0,36.0
2024-09-11,1,KIA,132,80,50,2,0.615,0.0,2024,9,,8.0,0.0,2.0,37.0,1.0,28.0,43.0,1.0,22.0
2024-09-11,2,삼성,133,74,57,2,0.565,6.5,2024,9,,7.0,0.0,3.0,39.0,0.0,31.0,35.0,2.0,26.0
2024-09-11,3,LG,132,68,62,2,0.523,12.0,2024,9,,4.0,0.0,6.0,36.0,1.0,31.0,32.0,1.0,31.0
2024-09-11,4,KT,133,66,65,2,0.504,14.5,2024,9,,7.0,0.0,3.0,29.0,1.0,32.0,37.0,1.0,33.0
2024-09-11,5,두산,133,65,66,2,0.496,15.5,2024,9,,3.0,0.0,7.0,33.0,1.0,31.0,32.0,1.0,35.0
2024-09-11,6,SSG,132,62,68,2,0.477,18.0,2024,9,,4.0,1.0,5.0,30.0,1.0,34.0,32.0,1.0,34.0
2024-09-11,7,롯데,129,59,66,4,0.472,18.5,2024,9,,5.0,1.0,4.0,33.0,3.0,26.0,26.0,1.0,40.0
2024-09-11,8,한화,130,60,68,2,0.469,19.0,2024,9,,3.0,0.0,7.0,28.0,2.0,35.0,32.0,0.0,33.0
2024-09-11,9,NC,130,58,70,2,0.453,21.0,2024,9,,5.0,0.0,5.0,32.0,0.0,32.0,26.0,2.0,38.0
2024-09-11,10,키움,132,56,76,0,0.424,25.0,2024,9,,3.0,0.0,7.0,31.0,0.0,40.0,25.0,0.0,36.0
2024-09-12,1,KIA,133,81,50,2,0.618,0.0,2024,9,,8.0,0.0,2.0,38.0,1.0,28.0,43.0,1.0,22.0
2024-09-12,2,삼성,134,75,57,2,0.568,6.5,2024,9,,7.0,0.0,3.0,39.0,0.0,31.0,36.0,2.0,26.0
2024-09-12,3,LG,132,68,62,2,0.523,12.5,2024,9,,4.0,0.0,6.0,36.0,1.0,31.0,32.0,1.0,31.0
2024-09-12,4,KT,134,67,65,2,0.508,14.5,2024,9,,7.0,0.0,3.0,30.0,1.0,32.0,37.0,1.0,33.0
2024-09-12,5,두산,133,65,66,2,0.496,16.0,2024,9,,3.0,0.0,7.0,33.0,1.0,31.0,32.0,1.0,35.0
2024-09-12,6,SSG,132,62,68,2,0.477,18.5,2024,9,,4.0,1.0,5.0,30.0,1.0,34.0,32.0,1.0,34.0
2024-09-12,7,롯데,130,59,67,4,0.468,19.5,2024,9,,4.0,1.0,5.0,33.0,3.0,26.0,26.0,1.0,41.0
2024-09-12,8,한화,131,60,69,2,0.465,20.0,2024,9,,3.0,0.0,7.0,28.0,2.0,36.0,32.0,0.0,33.0
2024-09-12,9,NC,131,58,71,2,0.45,22.0,2024,9,,4.0,0.0,6.0,32.0,0.0,32.0,26.0,2.0,39.0
2024-09-12,10,키움,132,56,76,0,0.424,25.5,2024,9,,3.0,0.0,7.0,31.0,0.0,40.0,25.0,0.0,36.0
2024-09-13,1,KIA,133,81,50,2,0.618,0.0,2024,9,,8.0,0.0,2.0,38.0,1.0,28.0,43.0,1.0,22.0
2024-09-13,2,삼성,134,75,57,2,0.568,6.5,2024,9,,7.0,0.0,3.0,39.0,0.0,31.0,36.0,2.0,26.0
2024-09-13,3,LG,132,68,62,2,0.523,12.5,2024,9,,4.0,0.0,6.0,36.0,1.0,31.0,32.0,1.0,31.0
2024-09-13,4,KT,134,67,65,2,0.508,14.5,2024,9,,7.0,0.0,3.0,30.0,1.0,32.0,37.0,1.0,33.0
2024-09-13,5,두산,133,65,66,2,0.496,16.0,2024,9,,3.0,0.0,7.0,33.0,1.0,31.0,32.0,1.0,35.0
2024-09-13,6,SSG,132,62,68,2,0.477,18.5,2024,9,,4.0,1.0,5.0,30.0,1.0,34.0,32.0,1.0,34.0
2024-09-13,7,한화,132,61,69,2,0.469,19.5,2024,9,,4.0,0.0,6.0,28.0,2.0,36.0,33.0,0.0,33.0
2024-09-13,8,롯데,131,59,68,4,0.465,20.0,2024,9,,3.0,1.0,6.0,33.0,3.0,27.0,26.0,1.0,41.0
2024-09-13,9,NC,131,58,71,2,0.45,22.0,2024,9,,4.0,0.0,6.0,32.0,0.0,32.0,26.0,2.0,39.0
2024-09-13,10,키움,132,56,76,0,0.424,25.5,2024,9,,3.0,0.0,7.0,31.0,0.0,40.0,25.0,0.0,36.0
2024-09-14,1,KIA,134,82,50,2,0.621,0.0,2024,9,,9.0,0.0,1.0,39.0,1.0,28.0,43.0,1.0,22.0
2024-09-14,2,삼성,135,75,58,2,0.564,7.5,2024,9,,6.0,0.0,4.0,39.0,0.0,31.0,36.0,2.0,27.0
2024-09-14,3,LG,133,69,62,2,0.527,12.5,2024,9,,5.0,0.0,5.0,36.0,1.0,31.0,33.0,1.0,31.0
2024-09-14,4,KT,135,67,66,2,0.504,15.5,2024,9,,6.0,0.0,4.0,30.0,1.0,32.0,37.0,1.0,34.0
2024-09-14,5,두산,134,66,66,2,0.5,16.0,2024,9,,4.0,0.0,6.0,34.0,1.0,31.0,32.0,1.0,35.0
2024-09-14,6,SSG,133,63,68,2,0.481,18.5,2024,9,,5.0,1.0,4.0,31.0,1.0,34.0,32.0,1.0,34.0
2024-09-14,7,롯데,132,60,68,4,0.469,20.0,2024,9,,4.0,1.0,5.0,34.0,3.0,27.0,26.0,1.0,41.0
2024-09-14,8,한화,133,61,70,2,0.466,20.5,2024,9,,3.0,0.0,7.0,28.0,2.0,36.0,33.0,0.0,34.0
2024-09-14,9,NC,132,58,72,2,0.446,23.0,2024,9,,3.0,0.0,7.0,32.0,0.0,33.0,26.0,2.0,39.0
2024-09-14,10,키움,133,56,77,0,0.421,26.5,2024,9,,3.0,0.0,7.0,31.0,0.0,40.0,25.0,0.0,37.0
2024-09-15,1,KIA,135,82,51,2,0.617,0.0,2024,9,,8.0,0.0,2.0,39.0,1.0,29.0,43.0,1.0,22.0
2024-09-15,2,삼성,136,75,59,2,0.56,7.5,2024,9,,6.0,0.0,4.0,39.0,0.0,31.0,36.0,2.0,28.0
2024-09-15,3,LG,134,69,63,2,0.523,12.5,2024,9,,4.0,0.0,6.0,36.0,1.0,31.0,33.0,1.0,32.0
2024-09-15,4,KT,135,67,66,2,0.504,15.0,2024,9,,6.0,0.0,4.0,30.0,1.0,32.0,37.0,1.0,34.0
2024-09-15,5,두산,134,66,66,2,0.5,15.5,2024,9,,4.0,0.0,6.0,34.0,1.0,31.0,32.0,1.0,35.0
2024-09-15,6,SSG,134,64,68,2,0.485,17.5,2024,9,,5.0,1.0,4.0,32.0,1.0,34.0,32.0,1.0,34.0
2024-09-15,7,롯데,133,61,68,4,0.473,19.0,2024,9,,4.0,1.0,5.0,35.0,3.0,27.0,26.0,1.0,41.0
2024-09-15,8,한화,134,61,71,2,0.462,20.5,2024,9,,2.0,0.0,8.0,28.0,2.0,36.0,33.0,0.0,35.0
2024-09-15,9,NC,133,59,72,2,0.45,22.0,2024,9,,3.0,0.0,7.0,33.0,0.0,33.0,26.0,2.0,39.0
2024-09-15,10,키움,134,57,77,0,0.425,25.5,2024,9,,4.0,0.0,6.0,31.0,0.0,40.0,26.0,0.0,37.0
2024-09-16,1,KIA,136,83,51,2,0.619,0.0,2024,9,,8.0,0.0,2.0,39.0,1.0,29.0,44.0,1.0,22.0
2024-09-16,2,삼성,136,75,59,2,0.56,8.0,2024,9,,6.0,0.0,4.0,39.0,0.0,31.0,36.0,2.0,28.0
2024-09-16,3,LG,134,69,63,2,0.523,13.0,2024,9,,4.0,0.0,6.0,36.0,1.0,31.0,33.0,1.0,32.0
2024-09-16,4,두산,135,67,66,2,0.504,15.5,2024,9,,4.0,0.0,6.0,35.0,1.0,31.0,32.0,1.0,35.0
2024-09-16,5,KT,136,67,67,2,0.5,16.0,2024,9,,6.0,0.0,4.0,30.0,1.0,33.0,37.0,1.0,34.0
2024-09-16,6,SSG,134,64,68,2,0.485,18.0,2024,9,,5.0,1.0,4.0,32.0,1.0,34.0,32.0,1.0,34.0
2024-09-16,7,롯데,133,61,68,4,0.473,19.5,2024,9,,4.0,1.0,5.0,35.0,3.0,27.0,26.0,1.0,41.0
2024-09-16,8,한화,134,61,71,2,0.462,21.0,2024,9,,2.0,0.0,8.0,28.0,2.0,36.0,33.0,0.0,35.0
2024-09-16,9,NC,133,59,72,2,0.45,22.5,2024,9,,3.0,0.0,7.0,33.0,0.0,33.0,26.0,2.0,39.0
2024-09-16,10,키움,135,57,78,0,0.422,26.5,2024,9,,4.0,0.0,6.0,31.0,0.0,40.0,26.0,0.0,38.0
2024-09-17,1,KIA,137,83,52,2,0.615,0.0,2024,9,,7.0,0.0,3.0,39.0,1.0,29.0,44.0,1.0,23.0
2024-09-17,2,삼성,137,75,60,2,0.556,8.0,2024,9,,6.0,0.0,4.0,39.0,0.0,31.0,36.0,2.0,29.0
2024-09-17,3,LG,135,69,64,2,0.519,13.0,2024,9,,4.0,0.0,6.0,36.0,1.0,31.0,33.0,1.0,33.0
2024-09-17,4,두산,136,68,66,2,0.507,14.5,2024,9,,4.0,0.0,6.0,36.0,1.0,31.0,32.0,1.0,35.0
2024-09-17,5,KT,137,68,67,2,0.504,15.0,2024,9,,6.0,0.0,4.0,30.0,1.0,33.0,38.0,1.0,34.0
2024-09-17,6,SSG,135,65,68,2,0.489,17.0,2024,9,,6.0,1.0,3.0,33.0,1.0,34.0,32.0,1.0,34.0
2024-09-17,7,롯데,134,62,68,4,0.477,18.5,2024,9,,5.0,1.0,4.0,36.0,3.0,27.0,26.0,1.0,41.0
2024-09-17,8,한화,135,62,71,2,0.466,20.0,2024,9,,3.0,0.0,7.0,28.0,2.0,36.0,34.0,0.0,35.0
2024-09-17,9,NC,134,59,73,2,0.447,22.5,2024,9,,2.0,0.0,8.0,33.0,0.0,34.0,26.0,2.0,39.0
2024-09-17,10,키움,136,57,79,0,0.419,26.5,2024,9,,4.0,0.0,6.0,31.0,0.0,41.0,26.0,0.0,38.0
2024-09-18,1,KIA,137,83,52,2,0.615,0.0,2024,9,,7.0,0.0,3.0,39.0,1.0,29.0,44.0,1.0,23.0
2024-09-18,2,삼성,138,76,60,2,0.559,7.5,2024,9,,6.0,0.0,4.0,39.0,0.0,31.0,37.0,2.0,29.0
2024-09-18,3,LG,136,70,64,2,0.522,12.5,2024,9,,4.0,0.0,6.0,36.0,1.0,31.0,34.0,1.0,33.0
2024-09-18,4,두산,136,68,66,2,0.507,14.5,2024,9,,4.0,0.0,6.0,36.0,1.0,31.0,32.0,1.0,35.0
2024-09-18,5,KT,138,68,68,2,0.5,15.5,2024,9,,6.0,0.0,4.0,30.0,1.0,34.0,38.0,1.0,34.0
2024-09-18,6,SSG,135,65,68,2,0.489,17.0,2024,9,,6.0,1.0,3.0,33.0,1.0,34.0,32.0,1.0,34.0
2024-09-18,7,롯데,135,62,69,4,0.473,19.0,2024,9,,5.0,1.0,4.0,36.0,3.0,28.0,26.0,1.0,41.0
2024-09-18,8,한화,136,62,72,2,0.463,20.5,2024,9,,2.0,0.0,8.0,28.0,2.0,36.0,34.0,0.0,36.0
2024-09-18,9,NC,135,60,73,2,0.451,22.0,2024,9,,3.0,0.0,7.0,34.0,0.0,34.0,26.0,2.0,39.0
2024-09-18,10,키움,136,57,79,0,0.419,26.5,2024,9,,4.0,0.0,6.0,31.0,0.0,41.0,26.0,0.0,38.0
2024-09-19,1,KIA,138,83,53,2,0.61,0.0,2024,9,,7.0,0.0,3.0,39.0,1.0,29.0,44.0,1.0,24.0
2024-09-19,2,삼성,139,76,61,2,0.555,7.5,2024,9,,5.0,0.0,5.0,39.0,0.0,31.0,37.0,2.0,30.0
2024-09-19,3,LG,137,71,64,2,0.526,11.5,2024,9,,5.0,0.0,5.0,36.0,1.0,31.0,35.0,1.0,33.0
2024-09-19,4,두산,137,69,66,2,0.511,13.5,2024,9,,5.0,0.0,5.0,37.0,1.0,31.0,32.0,1.0,35.0
2024-09-19,5,KT,139,69,68,2,0.504,14.5,2024,9,,6.0,0.0,4.0,31.0,1.0,34.0,38.0,1.0,34.0
2024-09-19,6,SSG,136,66,68,2,0.493,16.0,2024,9,,7.0,1.0,2.0,34.0,1.0,34.0,32.0,1.0,34.0
2024-09-19,7,롯데,136,62,70,4,0.47,19.0,2024,9,,5.0,0.0,5.0,36.0,3.0,29.0,26.0,1.0,41.0
2024-09-19,8,한화,137,63,72,2,0.467,19.5,2024,9,,3.0,0.0,7.0,28.0,2.0,36.0,35.0,0.0,36.0
2024-09-19,9,NC,136,60,74,2,0.448,22.0,2024,9,,3.0,0.0,7.0,34.0,0.0,35.0,26.0,2.0,39.0
2024-09-19,10,키움,137,57,80,0,0.416,26.5,2024,9,,3.0,0.0,7.0,31.0,0.0,41.0,26.0,0.0,39.0
2024-09-21,1,KIA,138,83,53,2,0.61,0.0,2024,9,,7.0,0.0,3.0,39.0,1.0,29.0,44.0,1.0,24.0
2024-09-21,2,삼성,139,76,61,2,0.555,7.5,2024,9,,5.0,0.0,5.0,39.0,0.0,31.0,37.0,2.0,30.0
2024-09-21,3,LG,139,72,65,2,0.526,11.5,2024,9,,5.0,0.0,5.0,37.0,1.0,32.0,35.0,1.0,33.0
2024-09-21,4,두산,139,70,67,2,0.511,13.5,2024,9,,6.0,0.0,4.0,37.0,1.0,31.0,33.0,1.0,36.0
2024-09-21,5,KT,140,69,69,2,0.5,15.0,2024,9,,5.0,0.0,5.0,31.0,1.0,35.0,38.0,1.0,34.0
2024-09-21,6,SSG,137,67,68,2,0.496,15.5,2024,9,,8.0,1.0,1.0,34.0,1.0,34.0,33.0,1.0,34.0
2024-09-21,7,롯데,136,62,70,4,0.47,19.0,2024,9,,5.0,0.0,5.0,36.0,3.0,29.0,26.0,1.0,41.0
2024-09-21,8,한화,137,63,72,2,0.467,19.5,2024,9,,3.0,0.0,7.0,28.0,2.0,36.0,35.0,0.0,36.0
2024-09-21,9,NC,136,60,74,2,0.448,22.0,2024,9,,3.0,0.0,7.0,34.0,0.0,35.0,26.0,2.0,39.0
2024-09-21,10,키움,137,57,80,0,0.416,26.5,2024,9,,3.0,0.0,7.0,31.0,0.0,41.0,26.0,0.0,39.0
2024-09-22,1,KIA,138,83,53,2,0.61,0.0,2024,9,,7.0,0.0,3.0,39.0,1.0,29.0,44.0,1.0,24.0
2024-09-22,2,삼성,140,77,61,2,0.558,7.0,2024,9,,5.0,0.0,5.0,40.0,0.0,31.0,37.0,2.0,30.0
2024-09-22,3,LG,140,73,65,2,0.529,11.0,2024,9,,5.0,0.0,5.0,38.0,1.0,32.0,35.0,1.0,33.0
2024-09-22,4,두산,140,70,68,2,0.507,14.0,2024,9,,6.0,0.0,4.0,37.0,1.0,31.0,33.0,1.0,37.0
2024-09-22,5,SSG,138,68,68,2,0.5,15.0,2024,9,,8.0,1.0,1.0,34.0,1.0,34.0,34.0,1.0,34.0
2024-09-22,6,KT,141,69,70,2,0.496,15.5,2024,9,,5.0,0.0,5.0,31.0,1.0,36.0,38.0,1.0,34.0
2024-09-22,7,한화,138,64,72,2,0.471,19.0,2024,9,,4.0,0.0,6.0,29.0,2.0,36.0,35.0,0.0,36.0
2024-09-22,8,롯데,137,62,71,4,0.466,19.5,2024,9,,5.0,0.0,5.0,36.0,3.0,29.0,26.0,1.0,42.0
2024-09-22,9,NC,136,60,74,2,0.448,22.0,2024,9,,3.0,0.0,7.0,34.0,0.0,35.0,26.0,2.0,39.0
2024-09-22,10,키움,138,57,81,0,0.413,27.0,2024,9,,3.0,0.0,7.0,31.0,0.0,41.0,26.0,0.0,40.0
2024-09-23,1,KIA,139,84,53,2,0.613,0.0,2024,9,,7.0,0.0,3.0,40.0,1.0,29.0,44.0,1.0,24.0
2024-09-23,2,삼성,141,77,62,2,0.554,8.0,2024,9,,5.0,0.0,5.0,40.0,0.0,31.0,37.0,2.0,31.0
2024-09-23,3,LG,140,73,65,2,0.529,11.5,2024,9,,5.0,0.0,5.0,38.0,1.0,32.0,35.0,1.0,33.0
2024-09-23,4,두산,141,71,68,2,0.511,14.0,2024,9,,7.0,0.0,3.0,38.0,1.0,31.0,33.0,1.0,37.0
2024-09-23,5,KT,141,69,70,2,0.496,16.0,2024,9,,5.0,0.0,5.0,31.0,1.0,36.0,38.0,1.0,34.0
2024-09-23,6,SSG,139,68,69,2,0.496,16.0,2024,9,,8.0,0.0,2.0,34.0,1.0,34.0,34.0,1.0,35.0
2024-09-23,7,롯데,138,63,71,4,0.47,19.5,2024,9,,5.0,0.0,5.0,36.0,3.0,29.0,27.0,1.0,42.0
2024-09-23,8,한화,139,64,73,2,0.467,20.0,2024,9,,4.0,0.0,6.0,29.0,2.0,37.0,35.0,0.0,36.0
2024-09-23,9,NC,136,60,74,2,0.448,22.5,2024,9,,3.0,0.0,7.0,34.0,0.0,35.0,26.0,2.0,39.0
2024-09-23,10,키움,138,57,81,0,0.413,27.5,2024,9,,3.0,0.0,7.0,31.0,0.0,41.0,26.0,0.0,40.0
2024-09-24,1,KIA,140,85,53,2,0.616,0.0,2024,9,,7.0,0.0,3.0,41.0,1.0,29.0,44.0,1.0,24.0
2024-09-24,2,삼성,142,77,63,2,0.55,9.0,2024,9,,4.0,0.0,6.0,40.0,0.0,31.0,37.0,2.0,32.0
2024-09-24,3,LG,141,74,65,2,0.532,11.5,2024,9,,6.0,0.0,4.0,38.0,1.0,32.0,36.0,1.0,33.0
2024-09-24,4,두산,142,72,68,2,0.514,14.0,2024,9,,7.0,0.0,3.0,39.0,1.0,31.0,33.0,1.0,37.0
2024-09-24,5,KT,142,70,70,2,0.5,16.0,2024,9,,5.0,0.0,5.0,32.0,1.0,36.0,38.0,1.0,34.0
2024-09-24,6,SSG,140,68,70,2,0.493,17.0,2024,9,,7.0,0.0,3.0,34.0,1.0,35.0,34.0,1.0,35.0
2024-09-24,7,롯데,139,63,72,4,0.467,20.5,2024,9,,4.0,0.0,6.0,36.0,3.0,29.0,27.0,1.0,43.0
2024-09-24,8,한화,140,64,74,2,0.464,21.0,2024,9,,4.0,0.0,6.0,29.0,2.0,37.0,35.0,0.0,37.0
2024-09-24,9,NC,137,60,75,2,0.444,23.5,2024,9,,2.0,0.0,8.0,34.0,0.0,35.0,26.0,2.0,40.0
2024-09-24,10,키움,139,58,81,0,0.417,27.5,2024,9,,4.0,0.0,6.0,32.0,0.0,41.0,26.0,0.0,40.0
2024-09-25,1,KIA,141,85,54,2,0.612,0.0,2024,9,,6.0,0.0,4.0,41.0,1.0,30.0,44.0,1.0,24.0
2024-09-25,2,삼성,143,78,63,2,0.553,8.0,2024,9,,4.0,0.0,6.0,41.0,0.0,31.0,37.0,2.0,32.0
2024-09-25,3,LG,142,74,66,2,0.529,11.5,2024,9,,6.0,0.0,4.0,38.0,1.0,33.0,36.0,1.0,33.0
2024-09-25,4,두산,142,72,68,2,0.514,13.5,2024,9,,7.0,0.0,3.0,39.0,1.0,31.0,33.0,1.0,37.0
2024-09-25,5,KT,142,70,70,2,0.5,15.5,2024,9,,5.0,0.0,5.0,32.0,1.0,36.0,38.0,1.0,34.0
2024-09-25,6,SSG,141,69,70,2,0.496,16.0,2024,9,,7.0,0.0,3.0,34.0,1.0,35.0,35.0,1.0,35.0
2024-09-25,7,롯데,140,64,72,4,0.471,19.5,2024,9,,5.0,0.0,5.0,36.0,3.0,29.0,28.0,1.0,43.0
2024-09-25,8,한화,141,65,74,2,0.468,20.0,2024,9,,5.0,0.0,5.0,29.0,2.0,37.0,36.0,0.0,37.0
2024-09-25,9,NC,138,60,76,2,0.441,23.5,2024,9,,2.0,0.0,8.0,34.0,0.0,36.0,26.0,2.0,40.0
2024-09-25,10,키움,140,58,82,0,0.414,27.5,2024,9,,4.0,0.0,6.0,32.0,0.0,41.0,26.0,0.0,41.0
2024-09-26,1,KIA,141,85,54,2,0.612,0.0,2024,9,,6.0,0.0,4.0,41.0,1.0,30.0,44.0,1.0,24.0
2024-09-26,2,삼성,143,78,63,2,0.553,8.0,2024,9,,4.0,0.0,6.0,41.0,0.0,31.0,37.0,2.0,32.0
2024-09-26,3,LG,143,75,66,2,0.532,11.0,2024,9,,6.0,0.0,4.0,39.0,1.0,33.0,36.0,1.0,33.0
2024-09-26,4,두산,143,73,68,2,0.518,13.0,2024,9,,8.0,0.0,2.0,39.0,1.0,31.0,34.0,1.0,37.0
2024-09-26,5,KT,142,70,70,2,0.5,15.5,2024,9,,5.0,0.0,5.0,32.0,1.0,36.0,38.0,1.0,34.0
2024-09-26,5,SSG,142,70,70,2,0.5,15.5,2024,9,,8.0,0.0,2.0,34.0,1.0,35.0,36.0,1.0,35.0
2024-09-26,7,한화,141,65,74,2,0.468,20.0,2024,9,,5.0,0.0,5.0,29.0,2.0,37.0,36.0,0.0,37.0
2024-09-26,8,롯데,141,64,73,4,0.467,20.0,2024,9,,5.0,0.0,5.0,36.0,3.0,30.0,28.0,1.0,43.0
2024-09-26,9,NC,139,60,77,2,0.438,24.0,2024,9,,2.0,0.0,8.0,34.0,0.0,37.0,26.0,2.0,40.0
2024-09-26,10,키움,141,58,83,0,0.411,28.0,2024,9,,3.0,0.0,7.0,32.0,0.0,41.0,26.0,0.0,42.0
2024-09-27,1,KIA,142,85,55,2,0.607,0.0,2024,9,,5.0,0.0,5.0,41.0,1.0,30.0,44.0,1.0,25.0
2024-09-27,2,삼성,143,78,63,2,0.553,7.5,2024,9,,4.0,0.0,6.0,41.0,0.0,31.0,37.0,2.0,32.0
2024-09-27,3,LG,143,75,66,2,0.532,10.5,2024,9,,6.0,0.0,4.0,39.0,1.0,33.0,36.0,1.0,33.0
2024-09-27,4,두산,143,73,68,2,0.518,12.5,2024,9,,8.0,0.0,2.0,39.0,1.0,31.0,34.0,1.0,37.0
2024-09-27,5,KT,143,71,70,2,0.504,14.5,2024,9,,5.0,0.0,5.0,33.0,1.0,36.0,38.0,1.0,34.0
2024-09-27,6,SSG,142,70,70,2,0.5,15.0,2024,9,,8.0,0.0,2.0,34.0,1.0,35.0,36.0,1.0,35.0
2024-09-27,7,한화,142,66,74,2,0.471,19.0,2024,9,,5.0,0.0,5.0,30.0,2.0,37.0,36.0,0.0,37.0
2024-09-27,8,롯데,142,65,73,4,0.471,19.0,2024,9,,5.0,0.0,5.0,37.0,3.0,30.0,28.0,1.0,43.0
2024-09-27,9,NC,140,60,78,2,0.435,24.0,2024,9,,2.0,0.0,8.0,34.0,0.0,37.0,26.0,2.0,41.0
2024-09-27,10,키움,142,58,84,0,0.408,28.0,2024,9,,2.0,0.0,8.0,32.0,0.0,41.0,26.0,0.0,43.0
2024-09-28,1,KIA,143,86,55,2,0.61,0.0,2024,9,,5.0,0.0,5.0,41.0,1.0,30.0,45.0,1.0,25.0
2024-09-28,2,삼성,144,78,64,2,0.549,8.5,2024,9,,3.0,0.0,7.0,41.0,0.0,32.0,37.0,2.0,32.0
2024-09-28,3,LG,144,76,66,2,0.535,10.5,2024,9,,7.0,0.0,3.0,39.0,1.0,33.0,37.0,1.0,33.0
2024-09-28,4,두산,144,74,68,2,0.521,12.5,2024,9,,8.0,0.0,2.0,39.0,1.0,31.0,35.0,1.0,37.0
2024-09-28,5,KT,144,72,70,2,0.507,14.5,2024,9,,5.0,0.0,5.0,34.0,1.0,36.0,38.0,1.0,34.0
2024-09-28,6,SSG,143,71,70,2,0.504,15.0,2024,9,,8.0,0.0,2.0,34.0,1.0,35.0,37.0,1.0,35.0
2024-09-28,7,한화,143,66,75,2,0.468,20.0,2024,9,,5.0,0.0,5.0,30.0,2.0,38.0,36.0,0.0,37.0
2024-09-28,8,롯데,143,65,74,4,0.468,20.0,2024,9,,4.0,0.0,6.0,37.0,3.0,31.0,28.0,1.0,43.0
2024-09-28,9,NC,141,60,79,2,0.432,25.0,2024,9,,2.0,0.0,8.0,34.0,0.0,38.0,26.0,2.0,41.0
2024-09-28,10,키움,143,58,85,0,0.406,29.0,2024,9,,2.0,0.0,8.0,32.0,0.0,41.0,26.0,0.0,44.0
2024-09-29,1,KIA,143,86,55,2,0.61,0.0,2024,9,,5.0,0.0,5.0,41.0,1.0,30.0,45.0,1.0,25.0
2024-09-29,2,삼성,144,78,64,2,0.549,8.5,2024,9,,3.0,0.0,7.0,41.0,0.0,32.0,37.0,2.0,32.0
2024-09-29,3,LG,144,76,66,2,0.535,10.5,2024,9,,7.0,0.0,3.0,39.0,1.0,33.0,37.0,1.0,33.0
2024-09-29,4,두산,144,74,68,2,0.521,12.5,2024,9,,8.0,0.0,2.0,39.0,1.0,31.0,35.0,1.0,37.0
2024-09-29,5,KT,144,72,70,2,0.507,14.5,2024,9,,5.0,0.0,5.0,34.0,1.0,36.0,38.0,1.0,34.0
2024-09-29,6,SSG,143,71,70,2,0.504,15.0,2024,9,,8.0,0.0,2.0,34.0,1.0,35.0,37.0,1.0,35.0
2024-09-29,7,롯데,143,65,74,4,0.468,20.0,2024,9,,4.0,0.0,6.0,37.0,3.0,31.0,28.0,1.0,43.0
2024-09-29,8,한화,144,66,76,2,0.465,20.5,2024,9,,5.0,0.0,5.0,30.0,2.0,39.0,36.0,0.0,37.0
2024-09-29,9,NC,142,61,79,2,0.436,24.5,2024,9,,3.0,0.0,7.0,34.0,0.0,38.0,27.0,2.0,41.0
2024-09-29,10,키움,143,58,85,0,0.406,29.0,2024,9,,2.0,0.0,8.0,32.0,0.0,41.0,26.0,0.0,44.0
2024-09-30,1,KIA,144,87,55,2,0.613,0.0,2024,9,,5.0,0.0,5.0,42.0,1.0,30.0,45.0,1.0,25.0
2024-09-30,2,삼성,144,78,64,2,0.549,9.0,2024,9,,3.0,0.0,7.0,41.0,0.0,32.0,37.0,2.0,32.0
2024-09-30,3,LG,144,76,66,2,0.535,11.0,2024,9,,7.0,0.0,3.0,39.0,1.0,33.0,37.0,1.0,33.0
2024-09-30,4,두산,144,74,68,2,0.521,13.0,2024,9,,8.0,0.0,2.0,39.0,1.0,31.0,35.0,1.0,37.0
2024-09-30,5,KT,144,72,70,2,0.507,15.0,2024,9,,5.0,0.0,5.0,34.0,1.0,36.0,38.0,1.0,34.0
2024-09-30,5,SSG,144,72,70,2,0.507,15.0,2024,9,,8.0,0.0,2.0,35.0,1.0,35.0,37.0,1.0,35.0
2024-09-30,7,롯데,143,65,74,4,0.468,20.5,2024,9,,4.0,0.0,6.0,37.0,3.0,31.0,28.0,1.0,43.0
2024-09-30,8,한화,144,66,76,2,0.465,21.0,2024,9,,5.0,0.0,5.0,30.0,2.0,39.0,36.0,0.0,37.0
2024-09-30,9,NC,143,61,80,2,0.433,25.5,2024,9,,2.0,0.0,8.0,34.0,0.0,38.0,27.0,2.0,42.0
2024-09-30,10,키움,144,58,86,0,0.403,30.0,2024,9,,1.0,0.0,9.0,32.0,0.0,41.0,26.0,0.0,45.0
2024-10-01,1,KIA,144,87,55,2,0.613,0.0,2024,10,,5.0,0.0,5.0,42.0,1.0,30.0,45.0,1.0,25.0
2024-10-01,2,삼성,144,78,64,2,0.549,9.0,2024,10,,3.0,0.0,7.0,41.0,0.0,32.0,37.0,2.0,32.0
2024-10-01,3,LG,144,76,66,2,0.535,11.0,2024,10,,7.0,0.0,3.0,39.0,1.0,33.0,37.0,1.0,33.0
2024-10-01,4,두산,144,74,68,2,0.521,13.0,2024,10,,8.0,0.0,2.0,39.0,1.0,31.0,35.0,1.0,37.0
2024-10-01,5,KT,144,72,70,2,0.507,15.0,2024,10,,5.0,0.0,5.0,34.0,1.0,36.0,38.0,1.0,34.0
2024-10-01,6,SSG,144,72,70,2,0.507,15.0,2024,10,,8.0,0.0,2.0,35.0,1.0,35.0,37.0,1.0,35.0
2024-10-01,7,롯데,144,66,74,4,0.471,20.0,2024,10,,4.0,0.0,6.0,37.0,3.0,31.0,29.0,1.0,43.0
2024-10-01,8,한화,144,66,76,2,0.465,21.0,2024,10,,5.0,0.0,5.0,30.0,2.0,39.0,36.0,0.0,37.0
2024-10-01,9,NC,144,61,81,2,0.43,26.0,2024,10,,2.0,0.0,8.0,34.0,0.0,39.0,27.0,2.0,42.0
2024-10-01,10,키움,144,58,86,0,0.403,30.0,2024,10,,1.0,0.0,9.0,32.0,0.0,41.0,26.0,0.0,45.0
2025-03-22,1,KIA,1,1,0,0,1.0,0.0,2025,3,,1.0,0.0,0.0,1.0,0.0,0.0,0.0,0.0,0.0
2025-03-22,1,삼성,1,1,0,0,1.0,0.0,2025,3,,1.0,0.0,0.0,1.0,0.0,0.0,0.0,0.0,0.0
2025-03-22,1,LG,1,1,0,0,1.0,0.0,2025,3,,1.0,0.0,0.0,1.0,0.0,0.0,0.0,0.0,0.0
2025-03-22,1,SSG,1,1,0,0,1.0,0.0,2025,3,,1.0,0.0,0.0,1.0,0.0,0.0,0.0,0.0,0.0
2025-03-22,1,한화,1,1,0,0,1.0,0.0,2025,3,,1.0,0.0,0.0,0.0,0.0,0.0,1.0,0.0,0.0
2025-03-22,6,두산,1,0,1,0,0.0,1.0,2025,3,,0.0,0.0,1.0,0.0,0.0,0.0,0.0,0.0,1.0
2025-03-22,6,KT,1,0,1,0,0.0,1.0,2025,3,,0.0,0.0,1.0,0.0,0.0,1.0,0.0,0.0,0.0
2025-03-22,6,롯데,1,0,1,0,0.0,1.0,2025,3,,0.0,0.0,1.0,0.0,0.0,0.0,0.0,0.0,1.0
2025-03-22,6,NC,1,0,1,0,0.0,1.0,2025,3,,0.0,0.0,1.0,0.0,0.0,0.0,0.0,0.0,1.0
2025-03-22,6,키움,1,0,1,0,0.0,1.0,2025,3,,0.0,0.0,1.0,0.0,0.0,0.0,0.0,0.0,1.0
2025-03-23,1,삼성,2,2,0,0,1.0,0.0,2025,3,,2.0,0.0,0.0,2.0,0.0,0.0,0.0,0.0,0.0
2025-03-23,1,LG,2,2,0,0,1.0,0.0,2025,3,,2.0,0.0,0.0,2.0,0.0,0.0,0.0,0.0,0.0
2025-03-23,1,SSG,2,2,0,0,1.0,0.0,2025,3,,2.0,0.0,0.0,2.0,0.0,0.0,0.0,0.0,0.0
2025-03-23,4,KIA,2,1,1,0,0.5,1.0,2025,3,,1.0,0.0,1.0,1.0,0.0,1.0,0.0,0.0,0.0
2025-03-23,4,KT,2,1,1,0,0.5,1.0,2025,3,,1.0,0.0,1.0,1.0,0.0,1.0,0.0,0.0,0.0
2025-03-23,4,한화,2,1,1,0,0.5,1.0,2025,3,,1.0,0.0,1.0,0.0,0.0,0.0,1.0,0.0,1.0
2025-03-23,4,NC,2,1,1,0,0.5,1.0,2025,3,,1.0,0.0,1.0,0.0,0.0,0.0,1.0,0.0,1.0
2025-03-23,8,두산,2,0,2,0,0.0,2.0,2025,3,,0.0,0.0,2.0,0.0,0.0,0.0,0.0,0.0,2.0
2025-03-23,8,롯데,2,0,2,0,0.0,2.0,2025,3,,0.0,0.0,2.0,0.0,0.0,0.0,0.0,0.0,2.0
2025-03-23,8,키움,2,0,2,0,0.0,2.0,2025,3,,0.0,0.0,2.0,0.0,0.0,0.0,0.0,0.0,2.0
2025-03-25,1,삼성,3,3,0,0,1.0,0.0,2025,3,,3.0,0.0,0.0,3.0,0.0,0.0,0.0,0.0,0.0
2025-03-25,1,LG,3,3,0,0,1.0,0.0,2025,3,,3.0,0.0,0.0,3.0,0.0,0.0,0.0,0.0,0.0
2025-03-25,3,KIA,3,2,1,0,0.667,1.0,2025,3,,2.0,0.0,1.0,2.0,0.0,1.0,0.0,0.0,0.0
2025-03-25,3,KT,3,2,1,0,0.667,1.0,2025,3,,2.0,0.0,1.0,2.0,0.0,1.0,0.0,0.0,0.0
2025-03-25,3,SSG,3,2,1,0,0.667,1.0,2025,3,,2.0,0.0,1.0,2.0,0.0,1.0,0.0,0.0,0.0
2025-03-25,6,롯데,3,1,2,0,0.333,2.0,2025,3,,1.0,0.0,2.0,0.0,0.0,0.0,1.0,0.0,2.0
2025-03-25,6,한화,3,1,2,0,0.333,2.0,2025,3,,1.0,0.0,2.0,0.0,0.0,0.0,1.0,0.0,2.0
2025-03-25,6,NC,3,1,2,0,0.333,2.0,2025,3,,1.0,0.0,2.0,0.0,0.0,0.0,1.0,0.0,2.0
2025-03-25,9,두산,3,0,3,0,0.0,3.0,2025,3,,0.0,0.0,3.0,0.0,0.0,0.0,0.0,0.0,3.0
2025-03-25,9,키움,3,0,3,0,0.0,3.0,2025,3,,0.0,0.0,3.0,0.0,0.0,0.0,0.0,0.0,3.0
2025-03-26,1,LG,4,4,0,0,1.0,0.0,2025,3,,4.0,0.0,0.0,4.0,0.0,0.0,0.0,0.0,0.0
2025-03-26,2,삼성,4,3,1,0,0.75,1.0,2025,3,,3.0,0.0,1.0,3.0,0.0,1.0,0.0,0.0,0.0
2025-03-26,2,SSG,4,3,1,0,0.75,1.0,2025,3,,3.0,0.0,1.0,3.0,0.0,1.0,0.0,0.0,0.0
2025-03-26,4,KIA,4,2,2,0,0.5,2.0,2025,3,,2.0,0.0,2.0,2.0,0.0,2.0,0.0,0.0,0.0
2025-03-26,4,KT,4,2,2,0,0.5,2.0,2025,3,,2.0,0.0,2.0,2.0,0.0,2.0,0.0,0.0,0.0
2025-03-26,4,NC,4,2,2,0,0.5,2.0,2025,3,,2.0,0.0,2.0,0.0,0.0,0.0,2.0,0.0,2.0
2025-03-26,7,두산,4,1,3,0,0.25,3.0,2025,3,,1.0,0.0,3.0,0.0,0.0,0.0,1.0,0.0,3.0
2025-03-26,7,롯데,4,1,3,0,0.25,3.0,2025,3,,1.0,0.0,3.0,0.0,0.0,0.0,1.0,0.0,3.0
2025-03-26,7,한화,4,1,3,0,0.25,3.0,2025,3,,1.0,0.0,3.0,0.0,0.0,0.0,1.0,0.0,3.0
2025-03-26,7,키움,4,1,3,0,0.25,3.0,2025,3,,1.0,0.0,3.0,0.0,0.0,0.0,1.0,0.0,3.0
2025-03-27,1,LG,5,5,0,0,1.0,0.0,2025,3,,5.0,0.0,0.0,5.0,0.0,0.0,0.0,0.0,0.0
2025-03-27,2,SSG,5,4,1,0,0.8,1.0,2025,3,,4.0,0.0,1.0,4.0,0.0,1.0,0.0,0.0,0.0
2025-03-27,3,삼성,5,3,2,0,0.6,2.0,2025,3,,3.0,0.0,2.0,3.0,0.0,2.0,0.0,0.0,0.0
2025-03-27,3,KT,5,3,2,0,0.6,2.0,2025,3,,3.0,0.0,2.0,3.0,0.0,2.0,0.0,0.0,0.0
2025-03-27,3,NC,5,3,2,0,0.6,2.0,2025,3,,3.0,0.0,2.0,0.0,0.0,0.0,3.0,0.0,2.0
2025-03-27,6,KIA,5,2,3,0,0.4,3.0,2025,3,,2.0,0.0,3.0,2.0,0.0,3.0,0.0,0.0,0.0
2025-03-27,6,키움,5,2,3,0,0.4,3.0,2025,3,,2.0,0.0,3.0,0.0,0.0,0.0,2.0,0.0,3.0
2025-03-27,8,두산,5,1,4,0,0.2,4.0,2025,3,,1.0,0.0,4.0,0.0,0.0,0.0,1.0,0.0,4.0
2025-03-27,8,롯데,5,1,4,0,0.2,4.0,2025,3,,1.0,0.0,4.0,0.0,0.0,0.0,1.0,0.0,4.0
2025-03-27,8,한화,5,1,4,0,0.2,4.0,2025,3,,1.0,0.0,4.0,0.0,0.0,0.0,1.0,0.0,4.0
2025-03-28,1,LG,6,6,0,0,1.0,0.0,2025,3,,6.0,0.0,0.0,5.0,0.0,0.0,1.0,0.0,0.0
2025-03-28,2,KT,6,4,2,0,0.667,2.0,2025,3,,4.0,0.0,2.0,3.0,0.0,2.0,1.0,0.0,0.0
2025-03-28,2,SSG,6,4,2,0,0.667,2.0,2025,3,,4.0,0.0,2.0,4.0,0.0,1.0,0.0,0.0,1.0
2025-03-28,4,삼성,6,3,3,0,0.5,3.0,2025,3,,3.0,0.0,3.0,3.0,0.0,2.0,0.0,0.0,1.0
2025-03-28,4,NC,6,3,3,0,0.5,3.0,2025,3,,3.0,0.0,3.0,0.0,0.0,1.0,3.0,0.0,2.0
2025-03-28,4,키움,6,3,3,0,0.5,3.0,2025,3,,3.0,0.0,3.0,1.0,0.0,0.0,2.0,0.0,3.0
2025-03-28,7,KIA,6,2,4,0,0.333,4.0,2025,3,,2.0,0.0,4.0,2.0,0.0,3.0,0.0,0.0,1.0
2025-03-28,7,두산,6,2,4,0,0.333,4.0,2025,3,,2.0,0.0,4.0,1.0,0.0,0.0,1.0,0.0,4.0
2025-03-28,7,한화,6,2,4,0,0.333,4.0,2025,3,,2.0,0.0,4.0,1.0,0.0,0.0,1.0,0.0,4.0
2025-03-28,10,롯데,6,1,5,0,0.167,5.0,2025,3,,1.0,0.0,5.0,0.0,0.0,1.0,1.0,0.0,4.0
2025-03-29,1,LG,7,7,0,0,1.0,0.0,2025,3,,7.0,0.0,0.0,5.0,0.0,0.0,2.0,0.0,0.0
2025-03-29,2,삼성,7,4,3,0,0.571,3.0,2025,3,,4.0,0.0,3.0,3.0,0.0,2.0,1.0,0.0,1.0
2025-03-29,2,KT,7,4,3,0,0.571,3.0,2025,3,,4.0,0.0,3.0,3.0,0.0,2.0,1.0,0.0,1.0
2025-03-29,2,SSG,7,4,3,0,0.571,3.0,2025,3,,4.0,0.0,3.0,4.0,0.0,1.0,0.0,0.0,2.0
2025-03-29,2,키움,7,4,3,0,0.571,3.0,2025,3,,4.0,0.0,3.0,2.0,0.0,0.0,2.0,0.0,3.0
2025-03-29,6,한화,7,3,4,0,0.429,4.0,2025,3,,3.0,0.0,4.0,2.0,0.0,0.0,1.0,0.0,4.0
2025-03-29,6,NC,7,3,4,0,0.429,4.0,2025,3,,3.0,0.0,4.0,0.0,0.0,2.0,3.0,0.0,2.0
2025-03-29,8,KIA,7,2,5,0,0.286,5.0,2025,3,,2.0,0.0,5.0,2.0,0.0,3.0,0.0,0.0,2.0
2025-03-29,8,두산,7,2,5,0,0.286,5.0,2025,3,,2.0,0.0,5.0,1.0,0.0,1.0,1.0,0.0,4.0
2025-03-29,8,롯데,7,2,5,0,0.286,5.0,2025,3,,2.0,0.0,5.0,1.0,0.0,1.0,1.0,0.0,4.0
2025-03-30,1,LG,7,7,0,0,1.0,0.0,2025,3,,7.0,0.0,0.0,5.0,0.0,0.0,2.0,0.0,0.0
2025-03-30,2,삼성,8,5,3,0,0.625,2.5,2025,3,,5.0,0.0,3.0,3.0,0.0,2.0,2.0,0.0,1.0
2025-03-30,2,SSG,8,5,3,0,0.625,2.5,2025,3,,5.0,0.0,3.0,4.0,0.0,1.0,1.0,0.0,2.0
2025-03-30,4,KT,8,4,3,1,0.571,3.0,2025,3,,4.0,1.0,3.0,3.0,0.0,2.0,1.0,1.0,1.0
2025-03-30,5,키움,8,4,4,0,0.5,3.5,2025,3,,4.0,0.0,4.0,2.0,0.0,1.0,2.0,0.0,3.0
2025-03-30,6,NC,7,3,4,0,0.429,4.0,2025,3,,3.0,0.0,4.0,0.0,0.0,2.0,3.0,0.0,2.0
2025-03-30,7,KIA,8,3,5,0,0.375,4.5,2025,3,,3.0,0.0,5.0,2.0,0.0,3.0,1.0,0.0,2.0
2025-03-30,7,한화,8,3,5,0,0.375,4.5,2025,3,,3.0,0.0,5.0,2.0,0.0,1.0,1.0,0.0,4.0
2025-03-30,9,롯데,8,2,5,1,0.286,5.0,2025,3,,2.0,1.0,5.0,1.0,1.0,1.0,1.0,0.0,4.0
2025-03-30,10,두산,8,2,6,0,0.25,5.5,2025,3,,2.0,0.0,6.0,1.0,0.0,2.0,1.0,0.0,4.0
2025-04-02,1,LG,8,7,1,0,0.875,0.0,2025,4,,7.0,0.0,1.0,5.0,0.0,0.0,2.0,0.0,1.0
2025-04-02,2,삼성,9,6,3,0,0.667,1.5,2025,4,,6.0,0.0,3.0,3.0,0.0,2.0,3.0,0.0,1.0
2025-04-02,3,KT,9,5,3,1,0.625,2.0,2025,4,,5.0,1.0,3.0,4.0,0.0,2.0,1.0,1.0,1.0
2025-04-02,3,SSG,8,5,3,0,0.625,2.0,2025,4,,5.0,0.0,3.0,4.0,0.0,1.0,1.0,0.0,2.0
2025-04-02,5,키움,9,4,5,0,0.444,3.5,2025,4,,4.0,0.0,5.0,2.0,0.0,1.0,2.0,0.0,4.0
2025-04-02,6,NC,7,3,4,0,0.429,3.5,2025,4,,3.0,0.0,4.0,0.0,0.0,2.0,3.0,0.0,2.0
2025-04-02,7,롯데,9,3,5,1,0.375,4.0,2025,4,,3.0,1.0,5.0,1.0,1.0,1.0,2.0,0.0,4.0
2025-04-02,8,KIA,9,3,6,0,0.333,4.5,2025,4,,3.0,0.0,6.0,2.0,0.0,4.0,1.0,0.0,2.0
2025-04-02,8,두산,9,3,6,0,0.333,4.5,2025,4,,3.0,0.0,6.0,2.0,0.0,2.0,1.0,0.0,4.0
2025-04-02,8,한화,9,3,6,0,0.333,4.5,2025,4,,3.0,0.0,6.0,2.0,0.0,2.0,1.0,0.0,4.0
2025-04-03,1,LG,9,8,1,0,0.889,0.0,2025,4,,8.0,0.0,1.0,5.0,0.0,0.0,3.0,0.0,1.0
2025-04-03,2,SSG,8,5,3,0,0.625,2.5,2025,4,,5.0,0.0,3.0,4.0,0.0,1.0,1.0,0.0,2.0
2025-04-03,3,삼성,10,6,4,0,0.6,2.5,2025,4,,6.0,0.0,4.0,3.0,0.0,2.0,3.0,0.0,2.0
2025-04-03,4,KT,10,5,4,1,0.556,3.0,2025,4,,5.0,1.0,4.0,4.0,0.0,3.0,1.0,1.0,1.0
2025-04-03,5,롯데,10,4,5,1,0.444,4.0,2025,4,,4.0,1.0,5.0,1.0,1.0,1.0,3.0,0.0,4.0
2025-04-03,6,NC,7,3,4,0,0.429,4.0,2025,4,,3.0,0.0,4.0,0.0,0.0,2.0,3.0,0.0,2.0
2025-04-03,7,KIA,10,4,6,0,0.4,4.5,2025,4,,4.0,0.0,6.0,3.0,0.0,4.0,1.0,0.0,2.0
2025-04-03,7,두산,10,4,6,0,0.4,4.5,2025,4,,4.0,0.0,6.0,3.0,0.0,2.0,1.0,0.0,4.0
2025-04-03,7,키움,10,4,6,0,0.4,4.5,2025,4,,4.0,0.0,6.0,2.0,0.0,1.0,2.0,0.0,5.0
2025-04-03,10,한화,10,3,7,0,0.3,5.5,2025,4,,3.0,0.0,7.0,2.0,0.0,3.0,1.0,0.0,4.0
2025-04-04,1,LG,10,9,1,0,0.9,0.0,2025,4,,9.0,0.0,1.0,6.0,0.0,0.0,3.0,0.0,1.0
2025-04-04,2,SSG,9,6,3,0,0.667,2.5,2025,4,,6.0,0.0,3.0,5.0,0.0,1.0,1.0,0.0,2.0
2025-04-04,3,삼성,11,7,4,0,0.636,2.5,2025,4,,6.0,0.0,4.0,4.0,0.0,2.0,3.0,0.0,2.0
2025-04-04,4,KT,11,5,5,1,0.5,4.0,2025,4,,5.0,1.0,4.0,4.0,0.0,3.0,1.0,1.0,2.0
2025-04-04,5,두산,11,5,6,0,0.455,4.5,2025,4,,5.0,0.0,5.0,3.0,0.0,2.0,2.0,0.0,4.0
2025-04-04,5,키움,11,5,6,0,0.455,4.5,2025,4,,5.0,0.0,5.0,3.0,0.0,1.0,2.0,0.0,5.0
2025-04-04,7,롯데,11,4,6,1,0.4,5.0,2025,4,,4.0,1.0,5.0,1.0,1.0,2.0,3.0,0.0,4.0
2025-04-04,8,NC,8,3,5,0,0.375,5.0,2025,4,,3.0,0.0,5.0,0.0,0.0,2.0,3.0,0.0,3.0
2025-04-04,9,KIA,11,4,7,0,0.364,5.5,2025,4,,3.0,0.0,7.0,3.0,0.0,4.0,1.0,0.0,3.0
2025-04-04,10,한화,11,3,8,0,0.273,6.5,2025,4,,2.0,0.0,8.0,2.0,0.0,3.0,1.0,0.0,5.0
2025-04-05,1,LG,10,9,1,0,0.9,0.0,2025,4,,9.0,0.0,1.0,6.0,0.0,0.0,3.0,0.0,1.0
2025-04-05,2,SSG,9,6,3,0,0.667,2.5,2025,4,,6.0,0.0,3.0,5.0,0.0,1.0,1.0,0.0,2.0
2025-04-05,3,삼성,12,7,5,0,0.583,3.0,2025,4,,5.0,0.0,5.0,4.0,0.0,3.0,3.0,0.0,2.0
2025-04-05,4,KT,11,5,5,1,0.5,4.0,2025,4,,5.0,1.0,4.0,4.0,0.0,3.0,1.0,1.0,2.0
2025-04-05,5,롯데,12,5,6,1,0.455,4.5,2025,4,,5.0,1.0,4.0,2.0,1.0,2.0,3.0,0.0,4.0
2025-04-05,6,NC,9,4,5,0,0.444,4.5,2025,4,,4.0,0.0,5.0,0.0,0.0,2.0,4.0,0.0,3.0
2025-04-05,7,두산,12,5,7,0,0.417,5.0,2025,4,,5.0,0.0,5.0,3.0,0.0,2.0,2.0,0.0,5.0
2025-04-05,7,키움,12,5,7,0,0.417,5.0,2025,4,,5.0,0.0,5.0,3.0,0.0,2.0,2.0,0.0,5.0
2025-04-05,9,KIA,11,4,7,0,0.364,5.5,2025,4,,3.0,0.0,7.0,3.0,0.0,4.0,1.0,0.0,3.0
2025-04-05,10,한화,12,4,8,0,0.333,6.0,2025,4,,3.0,0.0,7.0,2.0,0.0,3.0,2.0,0.0,5.0
2025-04-06,1,LG,11,10,1,0,0.909,0.0,2025,4,,9.0,0.0,1.0,7.0,0.0,0.0,3.0,0.0,1.0
2025-04-06,2,SSG,10,7,3,0,0.7,2.5,2025,4,,7.0,0.0,3.0,6.0,0.0,1.0,1.0,0.0,2.0
2025-04-06,3,삼성,13,8,5,0,0.615,3.0,2025,4,,5.0,0.0,5.0,5.0,0.0,3.0,3.0,0.0,2.0
2025-04-06,4,NC,10,5,5,0,0.5,4.5,2025,4,,5.0,0.0,5.0,0.0,0.0,2.0,5.0,0.0,3.0
2025-04-06,5,두산,13,6,7,0,0.462,5.0,2025,4,,6.0,0.0,4.0,3.0,0.0,2.0,3.0,0.0,5.0
2025-04-06,6,KT,12,5,6,1,0.455,5.0,2025,4,,4.0,1.0,5.0,4.0,0.0,3.0,1.0,1.0,3.0
2025-04-06,7,롯데,13,5,7,1,0.417,5.5,2025,4,,4.0,1.0,5.0,2.0,1.0,3.0,3.0,0.0,4.0
2025-04-06,8,키움,13,5,8,0,0.385,6.0,2025,4,,5.0,0.0,5.0,3.0,0.0,3.0,2.0,0.0,5.0
2025-04-06,9,KIA,12,4,8,0,0.333,6.5,2025,4,,3.0,0.0,7.0,3.0,0.0,4.0,1.0,0.0,4.0
2025-04-06,10,한화,13,4,9,0,0.308,7.0,2025,4,,3.0,0.0,7.0,2.0,0.0,3.0,2.0,0.0,6.0
2025-04-08,1,LG,12,11,1,0,0.917,0.0,2025,4,,9.0,0.0,1.0,7.0,0.0,0.0,4.0,0.0,1.0
2025-04-08,2,삼성,14,9,5,0,0.643,3.0,2025,4,,6.0,0.0,4.0,6.0,0.0,3.0,3.0,0.0,2.0
2025-04-08,3,SSG,11,7,4,0,0.636,3.5,2025,4,,6.0,0.0,4.0,6.0,0.0,1.0,1.0,0.0,3.0
2025-04-08,4,두산,14,7,7,0,0.5,5.0,2025,4,,6.0,0.0,4.0,4.0,0.0,2.0,3.0,0.0,5.0
2025-04-08,4,KT,13,6,6,1,0.5,5.0,2025,4,,4.0,1.0,5.0,5.0,0.0,3.0,1.0,1.0,3.0
2025-04-08,6,NC,11,5,6,0,0.455,5.5,2025,4,,5.0,0.0,5.0,0.0,0.0,2.0,5.0,0.0,4.0
2025-04-08,7,KIA,13,5,8,0,0.385,6.5,2025,4,,3.0,0.0,7.0,3.0,0.0,4.0,2.0,0.0,4.0
2025-04-08,7,롯데,14,5,8,1,0.385,6.5,2025,4,,4.0,1.0,5.0,2.0,1.0,4.0,3.0,0.0,4.0
2025-04-08,9,키움,14,5,9,0,0.357,7.0,2025,4,,4.0,0.0,6.0,3.0,0.0,4.0,2.0,0.0,5.0
2025-04-08,10,한화,14,4,10,0,0.286,8.0,2025,4,,3.0,0.0,7.0,2.0,0.0,3.0,2.0,0.0,7.0
2025-04-09,1,LG,13,11,2,0,0.846,0.0,2025,4,,8.0,0.0,2.0,7.0,0.0,0.0,4.0,0.0,2.0
2025-04-09,2,SSG,12,8,4,0,0.667,2.5,2025,4,,6.0,0.0,4.0,6.0,0.0,1.0,2.0,0.0,3.0
2025-04-09,3,삼성,15,9,6,0,0.6,3.0,2025,4,,6.0,0.0,4.0,6.0,0.0,4.0,3.0,0.0,2.0
2025-04-09,4,KT,14,7,6,1,0.538,4.0,2025,4,,5.0,1.0,4.0,6.0,0.0,3.0,1.0,1.0,3.0
2025-04-09,5,두산,15,7,8,0,0.467,5.0,2025,4,,6.0,0.0,4.0,4.0,0.0,3.0,3.0,0.0,5.0
2025-04-09,6,KIA,14,6,8,0,0.429,5.5,2025,4,,4.0,0.0,6.0,3.0,0.0,4.0,3.0,0.0,4.0
2025-04-09,7,NC,12,5,7,0,0.417,5.5,2025,4,,4.0,0.0,6.0,0.0,0.0,2.0,5.0,0.0,5.0
2025-04-09,8,키움,15,6,9,0,0.4,6.0,2025,4,,4.0,0.0,6.0,4.0,0.0,4.0,2.0,0.0,5.0
2025-04-09,9,롯데,15,5,9,1,0.357,6.5,2025,4,,4.0,1.0,5.0,2.0,1.0,5.0,3.0,0.0,4.0
2025-04-09,10,한화,15,5,10,0,0.333,7.0,2025,4,,4.0,0.0,6.0,2.0,0.0,3.0,3.0,0.0,7.0
2025-04-10,1,LG,14,12,2,0,0.857,0.0,2025,4,,8.0,0.0,2.0,7.0,0.0,0.0,5.0,0.0,2.0
2025-04-10,2,삼성,16,10,6,0,0.625,3.0,2025,4,,7.0,0.0,3.0,7.0,0.0,4.0,3.0,0.0,2.0
2025-04-10,3,SSG,13,8,5,0,0.615,3.5,2025,4,,6.0,0.0,4.0,6.0,0.0,1.0,2.0,0.0,4.0
2025-04-10,4,KT,15,7,7,1,0.5,5.0,2025,4,,4.0,1.0,5.0,6.0,0.0,4.0,1.0,1.0,3.0
2025-04-10,5,NC,13,6,7,0,0.462,5.5,2025,4,,5.0,0.0,5.0,0.0,0.0,2.0,6.0,0.0,5.0
2025-04-10,6,두산,16,7,9,0,0.438,6.0,2025,4,,5.0,0.0,5.0,4.0,0.0,4.0,3.0,0.0,5.0
2025-04-10,7,KIA,15,6,9,0,0.4,6.5,2025,4,,4.0,0.0,6.0,3.0,0.0,4.0,3.0,0.0,5.0
2025-04-10,7,롯데,16,6,9,1,0.4,6.5,2025,4,,5.0,1.0,4.0,3.0,1.0,5.0,3.0,0.0,4.0
2025-04-10,9,한화,16,6,10,0,0.375,7.0,2025,4,,4.0,0.0,6.0,2.0,0.0,3.0,4.0,0.0,7.0
2025-04-10,9,키움,16,6,10,0,0.375,7.0,2025,4,,3.0,0.0,7.0,4.0,0.0,5.0,2.0,0.0,5.0
2025-04-11,1,LG,15,13,2,0,0.867,0.0,2025,4,,8.0,0.0,2.0,8.0,0.0,0.0,5.0,0.0,2.0
2025-04-11,2,SSG,14,9,5,0,0.643,3.5,2025,4,,6.0,0.0,4.0,6.0,0.0,1.0,3.0,0.0,4.0
2025-04-11,3,삼성,17,10,7,0,0.588,4.0,2025,4,,6.0,0.0,4.0,7.0,0.0,4.0,3.0,0.0,3.0
2025-04-11,4,KT,16,8,7,1,0.533,5.0,2025,4,,4.0,1.0,5.0,7.0,0.0,4.0,1.0,1.0,3.0
2025-04-11,5,롯데,17,7,9,1,0.438,6.5,2025,4,,5.0,1.0,4.0,3.0,1.0,5.0,4.0,0.0,4.0
2025-04-11,6,NC,14,6,8,0,0.429,6.5,2025,4,,4.0,0.0,6.0,0.0,0.0,3.0,6.0,0.0,5.0
2025-04-11,7,두산,17,7,10,0,0.412,7.0,2025,4,,5.0,0.0,5.0,4.0,0.0,4.0,3.0,0.0,6.0
2025-04-11,7,한화,17,7,10,0,0.412,7.0,2025,4,,4.0,0.0,6.0,3.0,0.0,3.0,4.0,0.0,7.0
2025-04-11,9,KIA,16,6,10,0,0.375,7.5,2025,4,,4.0,0.0,6.0,3.0,0.0,5.0,3.0,0.0,5.0
2025-04-11,10,키움,17,6,11,0,0.353,8.0,2025,4,,2.0,0.0,8.0,4.0,0.0,5.0,2.0,0.0,6.0
2025-04-12,1,LG,16,14,2,0,0.875,0.0,2025,4,,8.0,0.0,2.0,9.0,0.0,0.0,5.0,0.0,2.0
2025-04-12,2,SSG,14,9,5,0,0.643,4.0,2025,4,,6.0,0.0,4.0,6.0,0.0,1.0,3.0,0.0,4.0
2025-04-12,3,삼성,17,10,7,0,0.588,4.5,2025,4,,6.0,0.0,4.0,7.0,0.0,4.0,3.0,0.0,3.0
2025-04-12,4,KT,16,8,7,1,0.533,5.5,2025,4,,4.0,1.0,5.0,7.0,0.0,4.0,1.0,1.0,3.0
2025-04-12,5,롯데,18,8,9,1,0.471,6.5,2025,4,,6.0,0.0,4.0,3.0,1.0,5.0,5.0,0.0,4.0
2025-04-12,6,NC,15,6,9,0,0.4,7.5,2025,4,,3.0,0.0,7.0,0.0,0.0,4.0,6.0,0.0,5.0
2025-04-12,7,두산,18,7,11,0,0.389,8.0,2025,4,,5.0,0.0,5.0,4.0,0.0,4.0,3.0,0.0,7.0
2025-04-12,7,한화,18,7,11,0,0.389,8.0,2025,4,,4.0,0.0,6.0,3.0,0.0,4.0,4.0,0.0,7.0
2025-04-12,7,키움,18,7,11,0,0.389,8.0,2025,4,,3.0,0.0,7.0,4.0,0.0,5.0,3.0,0.0,6.0
2025-04-12,10,KIA,16,6,10,0,0.375,8.0,2025,4,,4.0,0.0,6.0,3.0,0.0,5.0,3.0,0.0,5.0
2025-04-13,1,LG,17,14,3,0,0.824,0.0,2025,4,,7.0,0.0,3.0,9.0,0.0,1.0,5.0,0.0,2.0
2025-04-13,2,SSG,15,9,6,0,0.6,4.0,2025,4,,5.0,0.0,5.0,6.0,0.0,1.0,3.0,0.0,5.0
2025-04-13,3,KT,17,9,7,1,0.563,4.5,2025,4,,5.0,1.0,4.0,8.0,0.0,4.0,1.0,1.0,3.0
2025-04-13,4,삼성,18,10,8,0,0.556,4.5,2025,4,,5.0,0.0,5.0,7.0,0.0,4.0,3.0,0.0,4.0
2025-04-13,5,롯데,19,8,10,1,0.444,6.5,2025,4,,5.0,0.0,5.0,3.0,1.0,5.0,5.0,0.0,5.0
2025-04-13,6,NC,16,7,9,0,0.438,6.5,2025,4,,4.0,0.0,6.0,1.0,0.0,4.0,6.0,0.0,5.0
2025-04-13,7,두산,19,8,11,0,0.421,7.0,2025,4,,5.0,0.0,5.0,4.0,0.0,4.0,4.0,0.0,7.0
2025-04-13,7,한화,19,8,11,0,0.421,7.0,2025,4,,5.0,0.0,5.0,4.0,0.0,4.0,4.0,0.0,7.0
2025-04-13,9,KIA,17,7,10,0,0.412,7.0,2025,4,,5.0,0.0,5.0,4.0,0.0,5.0,3.0,0.0,5.0
2025-04-13,10,키움,19,7,12,0,0.368,8.0,2025,4,,3.0,0.0,7.0,4.0,0.0,5.0,3.0,0.0,7.0
2025-04-15,1,LG,18,15,3,0,0.833,0.0,2025,4,,8.0,0.0,2.0,10.0,0.0,1.0,5.0,0.0,2.0
2025-04-15,2,SSG,16,9,7,0,0.563,5.0,2025,4,,5.0,0.0,5.0,6.0,0.0,2.0,3.0,0.0,5.0
2025-04-15,3,KT,18,9,8,1,0.529,5.5,2025,4,,5.0,0.0,5.0,8.0,0.0,4.0,1.0,1.0,4.0
2025-04-15,4,삼성,19,10,9,0,0.526,5.5,2025,4,,4.0,0.0,6.0,7.0,0.0,4.0,3.0,0.0,5.0
2025-04-15,5,롯데,20,9,10,1,0.474,6.5,2025,4,,5.0,0.0,5.0,4.0,1.0,5.0,5.0,0.0,5.0
2025-04-15,6,한화,20,9,11,0,0.45,7.0,2025,4,,6.0,0.0,4.0,4.0,0.0,4.0,5.0,0.0,7.0
2025-04-15,7,KIA,18,8,10,0,0.444,7.0,2025,4,,5.0,0.0,5.0,5.0,0.0,5.0,3.0,0.0,5.0
2025-04-15,8,NC,16,7,9,0,0.438,7.0,2025,4,,4.0,0.0,6.0,1.0,0.0,4.0,6.0,0.0,5.0
2025-04-15,9,두산,19,8,11,0,0.421,7.5,2025,4,,5.0,0.0,5.0,4.0,0.0,4.0,4.0,0.0,7.0
2025-04-15,10,키움,20,7,13,0,0.35,9.0,2025,4,,3.0,0.0,7.0,4.0,0.0,5.0,3.0,0.0,8.0
2025-04-16,1,LG,19,16,3,0,0.842,0.0,2025,4,,8.0,0.0,2.0,11.0,0.0,1.0,5.0,0.0,2.0
2025-04-16,2,KT,19,10,8,1,0.556,5.5,2025,4,,5.0,0.0,5.0,8.0,0.0,4.0,2.0,1.0,4.0
2025-04-16,3,SSG,17,9,8,0,0.529,6.0,2025,4,,5.0,0.0,5.0,6.0,0.0,3.0,3.0,0.0,5.0
2025-04-16,4,삼성,20,10,10,0,0.5,6.5,2025,4,,4.0,0.0,6.0,7.0,0.0,4.0,3.0,0.0,6.0
2025-04-16,4,롯데,21,10,10,1,0.5,6.5,2025,4,,6.0,0.0,4.0,5.0,1.0,5.0,5.0,0.0,5.0
2025-04-16,6,한화,21,10,11,0,0.476,7.0,2025,4,,7.0,0.0,3.0,4.0,0.0,4.0,6.0,0.0,7.0
2025-04-16,7,NC,16,7,9,0,0.438,7.5,2025,4,,4.0,0.0,6.0,1.0,0.0,4.0,6.0,0.0,5.0
2025-04-16,8,KIA,19,8,11,0,0.421,8.0,2025,4,,5.0,0.0,5.0,5.0,0.0,6.0,3.0,0.0,5.0
2025-04-16,8,두산,19,8,11,0,0.421,8.0,2025,4,,5.0,0.0,5.0,4.0,0.0,4.0,4.0,0.0,7.0
2025-04-16,10,키움,21,7,14,0,0.333,10.0,2025,4,,2.0,0.0,8.0,4.0,0.0,5.0,3.0,0.0,9.0
2025-04-17,1,LG,20,16,4,0,0.8,0.0,2025,4,,7.0,0.0,3.0,11.0,0.0,2.0,5.0,0.0,2.0
2025-04-17,2,KT,20,10,9,1,0.526,5.5,2025,4,,5.0,0.0,5.0,8.0,0.0,4.0,2.0,1.0,5.0
2025-04-17,3,삼성,21,11,10,0,0.524,5.5,2025,4,,4.0,0.0,6.0,7.0,0.0,4.0,4.0,0.0,6.0
2025-04-17,3,롯데,22,11,10,1,0.524,5.5,2025,4,,6.0,0.0,4.0,6.0,1.0,5.0,5.0,0.0,5.0
2025-04-17,5,SSG,18,9,9,0,0.5,6.0,2025,4,,4.0,0.0,6.0,6.0,0.0,4.0,3.0,0.0,5.0
2025-04-17,5,한화,22,11,11,0,0.5,6.0,2025,4,,7.0,0.0,3.0,4.0,0.0,4.0,7.0,0.0,7.0
2025-04-17,7,KIA,20,9,11,0,0.45,7.0,2025,4,,5.0,0.0,5.0,6.0,0.0,6.0,3.0,0.0,5.0
2025-04-17,8,NC,16,7,9,0,0.438,7.0,2025,4,,4.0,0.0,6.0,1.0,0.0,4.0,6.0,0.0,5.0
2025-04-17,9,두산,19,8,11,0,0.421,7.5,2025,4,,5.0,0.0,5.0,4.0,0.0,4.0,4.0,0.0,7.0
2025-04-17,10,키움,22,7,15,0,0.318,10.0,2025,4,,2.0,0.0,8.0,4.0,0.0,5.0,3.0,0.0,10.0
2025-04-18,1,LG,21,17,4,0,0.81,0.0,2025,4,,7.0,0.0,3.0,11.0,0.0,2.0,6.0,0.0,2.0
2025-04-18,2,롯데,23,12,10,1,0.545,5.5,2025,4,,7.0,0.0,3.0,6.0,1.0,5.0,6.0,0.0,5.0
2025-04-18,3,한화,23,12,11,0,0.522,6.0,2025,4,,8.0,0.0,2.0,5.0,0.0,4.0,7.0,0.0,7.0
2025-04-18,4,삼성,22,11,11,0,0.5,6.5,2025,4,,4.0,0.0,6.0,7.0,0.0,5.0,4.0,0.0,6.0
2025-04-18,4,KT,21,10,10,1,0.5,6.5,2025,4,,5.0,0.0,5.0,8.0,0.0,4.0,2.0,1.0,6.0
2025-04-18,6,SSG,19,9,10,0,0.474,7.0,2025,4,,3.0,0.0,7.0,6.0,0.0,5.0,3.0,0.0,5.0
2025-04-18,7,두산,20,9,11,0,0.45,7.5,2025,4,,5.0,0.0,5.0,5.0,0.0,4.0,4.0,0.0,7.0
2025-04-18,8,KIA,21,9,12,0,0.429,8.0,2025,4,,5.0,0.0,5.0,6.0,0.0,6.0,3.0,0.0,6.0
2025-04-18,9,NC,17,7,10,0,0.412,8.0,2025,4,,4.0,0.0,6.0,1.0,0.0,4.0,6.0,0.0,6.0
2025-04-18,10,키움,23,8,15,0,0.348,10.0,2025,4,,3.0,0.0,7.0,5.0,0.0,5.0,3.0,0.0,10.0
2025-04-19,1,LG,22,18,4,0,0.818,0.0,2025,4,,7.0,0.0,3.0,11.0,0.0,2.0,7.0,0.0,2.0
2025-04-19,2,한화,24,13,11,0,0.542,6.0,2025,4,,9.0,0.0,1.0,6.0,0.0,4.0,7.0,0.0,7.0
2025-04-19,3,KT,22,11,10,1,0.524,6.5,2025,4,,6.0,0.0,4.0,8.0,0.0,4.0,3.0,1.0,6.0
2025-04-19,4,삼성,23,12,11,0,0.522,6.5,2025,4,,4.0,0.0,6.0,8.0,0.0,5.0,4.0,0.0,6.0
2025-04-19,4,롯데,24,12,11,1,0.522,6.5,2025,4,,7.0,0.0,3.0,6.0,1.0,5.0,6.0,0.0,6.0
2025-04-19,6,KIA,22,10,12,0,0.455,8.0,2025,4,,6.0,0.0,4.0,6.0,0.0,6.0,4.0,0.0,6.0
2025-04-19,7,SSG,20,9,11,0,0.45,8.0,2025,4,,2.0,0.0,8.0,6.0,0.0,6.0,3.0,0.0,5.0
2025-04-19,8,두산,21,9,12,0,0.429,8.5,2025,4,,4.0,0.0,6.0,5.0,0.0,5.0,4.0,0.0,7.0
2025-04-19,9,NC,18,7,11,0,0.389,9.0,2025,4,,4.0,0.0,6.0,1.0,0.0,4.0,6.0,0.0,7.0
2025-04-19,10,키움,24,8,16,0,0.333,11.0,2025,4,,3.0,0.0,7.0,5.0,0.0,6.0,3.0,0.0,10.0
2025-04-20,1,LG,23,18,5,0,0.783,0.0,2025,4,,7.0,0.0,3.0,11.0,0.0,2.0,7.0,0.0,3.0
2025-04-20,2,한화,25,14,11,0,0.56,5.0,2025,4,,9.0,0.0,1.0,7.0,0.0,4.0,7.0,0.0,7.0
2025-04-20,3,KT,23,12,10,1,0.545,5.5,2025,4,,6.0,0.0,4.0,8.0,0.0,4.0,4.0,1.0,6.0
2025-04-20,4,롯데,25,13,11,1,0.542,5.5,2025,4,,8.0,0.0,2.0,6.0,1.0,5.0,7.0,0.0,6.0
2025-04-20,5,삼성,24,12,12,0,0.5,6.5,2025,4,,3.0,0.0,7.0,8.0,0.0,6.0,4.0,0.0,6.0
2025-04-20,6,KIA,23,11,12,0,0.478,7.0,2025,4,,6.0,0.0,4.0,6.0,0.0,6.0,5.0,0.0,6.0
2025-04-20,7,SSG,21,10,11,0,0.476,7.0,2025,4,,3.0,0.0,7.0,7.0,0.0,6.0,3.0,0.0,5.0
2025-04-20,8,두산,22,9,13,0,0.409,8.5,2025,4,,4.0,0.0,6.0,5.0,0.0,6.0,4.0,0.0,7.0
2025-04-20,9,NC,19,7,12,0,0.368,9.0,2025,4,,3.0,0.0,7.0,1.0,0.0,4.0,6.0,0.0,8.0
2025-04-20,10,키움,25,8,17,0,0.32,11.0,2025,4,,2.0,0.0,8.0,5.0,0.0,7.0,3.0,0.0,10.0
2025-04-22,1,LG,24,18,6,0,0.75,0.0,2025,4,,6.0,0.0,4.0,11.0,0.0,3.0,7.0,0.0,3.0
2025-04-22,2,KT,24,13,10,1,0.565,4.5,2025,4,,6.0,0.0,4.0,9.0,0.0,4.0,4.0,1.0,6.0
2025-04-22,3,한화,25,14,11,0,0.56,4.5,2025,4,,9.0,0.0,1.0,7.0,0.0,4.0,7.0,0.0,7.0
2025-04-22,4,롯데,25,13,11,1,0.542,5.0,2025,4,,8.0,0.0,2.0,6.0,1.0,5.0,7.0,0.0,6.0
2025-04-22,5,삼성,24,12,12,0,0.5,6.0,2025,4,,3.0,0.0,7.0,8.0,0.0,6.0,4.0,0.0,6.0
2025-04-22,6,KIA,23,11,12,0,0.478,6.5,2025,4,,6.0,0.0,4.0,6.0,0.0,6.0,5.0,0.0,6.0
2025-04-22,7,SSG,22,10,12,0,0.455,7.0,2025,4,,2.0,0.0,8.0,7.0,0.0,6.0,3.0,0.0,6.0
2025-04-22,8,NC,20,8,12,0,0.4,8.0,2025,4,,3.0,0.0,7.0,1.0,0.0,4.0,7.0,0.0,8.0
2025-04-22,9,두산,23,9,14,0,0.391,8.5,2025,4,,3.0,0.0,7.0,5.0,0.0,6.0,4.0,0.0,8.0
2025-04-22,10,키움,26,9,17,0,0.346,10.0,2025,4,,3.0,0.0,7.0,6.0,0.0,7.0,3.0,0.0,10.0
2025-04-23,1,LG,25,19,6,0,0.76,0.0,2025,4,,6.0,0.0,4.0,12.0,0.0,3.0,7.0,0.0,3.0
2025-04-23,2,한화,26,15,11,0,0.577,4.5,2025,4,,9.0,0.0,1.0,7.0,0.0,4.0,8.0,0.0,7.0
2025-04-23,3,KT,25,13,11,1,0.542,5.5,2025,4,,6.0,0.0,4.0,9.0,0.0,5.0,4.0,1.0,6.0
2025-04-23,4,삼성,25,13,12,0,0.52,6.0,2025,4,,4.0,0.0,6.0,9.0,0.0,6.0,4.0,0.0,6.0
2025-04-23,4,롯데,26,13,12,1,0.52,6.0,2025,4,,7.0,0.0,3.0,6.0,1.0,6.0,7.0,0.0,6.0
2025-04-23,6,SSG,23,11,12,0,0.478,7.0,2025,4,,3.0,0.0,7.0,7.0,0.0,6.0,4.0,0.0,6.0
2025-04-23,7,KIA,24,11,13,0,0.458,7.5,2025,4,,5.0,0.0,5.0,6.0,0.0,6.0,5.0,0.0,7.0
2025-04-23,8,두산,24,10,14,0,0.417,8.5,2025,4,,3.0,0.0,7.0,5.0,0.0,6.0,5.0,0.0,8.0
2025-04-23,9,NC,21,8,13,0,0.381,9.0,2025,4,,3.0,0.0,7.0,1.0,0.0,4.0,7.0,0.0,9.0
2025-04-23,10,키움,27,9,18,0,0.333,11.0,2025,4,,3.0,0.0,7.0,6.0,0.0,8.0,3.0,0.0,10.0
2025-04-24,1,LG,26,19,7,0,0.731,0.0,2025,4,,5.0,0.0,5.0,12.0,0.0,4.0,7.0,0.0,3.0
2025-04-24,2,한화,27,15,12,0,0.556,4.5,2025,4,,8.0,0.0,2.0,7.0,0.0,4.0,8.0,0.0,8.0
2025-04-24,3,삼성,26,14,12,0,0.538,5.0,2025,4,,4.0,0.0,6.0,10.0,0.0,6.0,4.0,0.0,6.0
2025-04-24,3,롯데,27,14,12,1,0.538,5.0,2025,4,,7.0,0.0,3.0,7.0,1.0,6.0,7.0,0.0,6.0
2025-04-24,5,KT,26,13,12,1,0.52,5.5,2025,4,,5.0,0.0,5.0,9.0,0.0,6.0,4.0,1.0,6.0
2025-04-24,6,SSG,24,12,12,0,0.5,6.0,2025,4,,3.0,0.0,7.0,7.0,0.0,6.0,5.0,0.0,6.0
2025-04-24,7,KIA,25,11,14,0,0.44,7.5,2025,4,,5.0,0.0,5.0,6.0,0.0,6.0,5.0,0.0,8.0
2025-04-24,7,두산,25,11,14,0,0.44,7.5,2025,4,,4.0,0.0,6.0,5.0,0.0,6.0,6.0,0.0,8.0
2025-04-24,9,NC,22,9,13,0,0.409,8.0,2025,4,,4.0,0.0,6.0,1.0,0.0,4.0,8.0,0.0,9.0
2025-04-24,10,키움,28,9,19,0,0.321,11.0,2025,4,,2.0,0.0,8.0,6.0,0.0,9.0,3.0,0.0,10.0
2025-04-25,1,LG,27,20,7,0,0.741,0.0,2025,4,,6.0,0.0,4.0,12.0,0.0,4.0,8.0,0.0,3.0
2025-04-25,2,삼성,27,15,12,0,0.556,5.0,2025,4,,5.0,0.0,5.0,11.0,0.0,6.0,4.0,0.0,6.0
2025-04-25,2,롯데,28,15,12,1,0.556,5.0,2025,4,,7.0,0.0,3.0,7.0,1.0,6.0,8.0,0.0,6.0
2025-04-25,4,KT,27,14,12,1,0.538,5.5,2025,4,,5.0,0.0,5.0,9.0,0.0,6.0,5.0,1.0,6.0
2025-04-25,5,한화,28,15,13,0,0.536,5.5,2025,4,,8.0,0.0,2.0,7.0,0.0,5.0,8.0,0.0,8.0
2025-04-25,6,SSG,25,13,12,0,0.52,6.0,2025,4,,4.0,0.0,6.0,8.0,0.0,6.0,5.0,0.0,6.0
2025-04-25,7,KIA,26,11,15,0,0.423,8.5,2025,4,,5.0,0.0,5.0,6.0,0.0,7.0,5.0,0.0,8.0
2025-04-25,7,두산,26,11,15,0,0.423,8.5,2025,4,,4.0,0.0,6.0,5.0,0.0,7.0,6.0,0.0,8.0
2025-04-25,9,NC,23,9,14,0,0.391,9.0,2025,4,,3.0,0.0,7.0,1.0,0.0,4.0,8.0,0.0,10.0
2025-04-25,10,키움,29,9,20,0,0.31,12.0,2025,4,,2.0,0.0,8.0,6.0,0.0,9.0,3.0,0.0,11.0
2025-04-26,1,LG,28,20,8,0,0.714,0.0,2025,4,,5.0,0.0,5.0,12.0,0.0,4.0,8.0,0.0,4.0
2025-04-26,2,삼성,28,16,12,0,0.571,4.0,2025,4,,6.0,0.0,4.0,12.0,0.0,6.0,4.0,0.0,6.0
2025-04-26,2,롯데,29,16,12,1,0.571,4.0,2025,4,,8.0,0.0,2.0,7.0,1.0,6.0,9.0,0.0,6.0
2025-04-26,4,한화,29,16,13,0,0.552,4.5,2025,4,,8.0,0.0,2.0,8.0,0.0,5.0,8.0,0.0,8.0
2025-04-26,5,KT,28,14,13,1,0.519,5.5,2025,4,,5.0,0.0,5.0,9.0,0.0,6.0,5.0,1.0,7.0
2025-04-26,6,SSG,26,13,13,0,0.5,6.0,2025,4,,4.0,0.0,6.0,8.0,0.0,7.0,5.0,0.0,6.0
2025-04-26,7,KIA,27,12,15,0,0.444,7.5,2025,4,,5.0,0.0,5.0,7.0,0.0,7.0,5.0,0.0,8.0
2025-04-26,8,두산,27,11,16,0,0.407,8.5,2025,4,,4.0,0.0,6.0,5.0,0.0,8.0,6.0,0.0,8.0
2025-04-26,9,NC,24,9,15,0,0.375,9.0,2025,4,,3.0,0.0,7.0,1.0,0.0,4.0,8.0,0.0,11.0
2025-04-26,10,키움,30,10,20,0,0.333,11.0,2025,4,,3.0,0.0,7.0,6.0,0.0,9.0,4.0,0.0,11.0
2025-04-27,1,LG,29,20,9,0,0.69,0.0,2025,4,,4.0,0.0,6.0,12.0,0.0,4.0,8.0,0.0,5.0
2025-04-27,2,삼성,29,17,12,0,0.586,3.0,2025,4,,7.0,0.0,3.0,13.0,0.0,6.0,4.0,0.0,6.0
2025-04-27,3,한화,30,17,13,0,0.567,3.5,2025,4,,8.0,0.0,2.0,9.0,0.0,5.0,8.0,0.0,8.0
2025-04-27,4,롯데,30,16,13,1,0.552,4.0,2025,4,,7.0,0.0,3.0,7.0,1.0,6.0,9.0,0.0,7.0
2025-04-27,5,KT,29,14,14,1,0.5,5.5,2025,4,,4.0,0.0,6.0,9.0,0.0,6.0,5.0,1.0,8.0
2025-04-27,6,SSG,27,13,14,0,0.481,6.0,2025,4,,4.0,0.0,6.0,8.0,0.0,8.0,5.0,0.0,6.0
2025-04-27,7,KIA,28,13,15,0,0.464,6.5,2025,4,,5.0,0.0,5.0,8.0,0.0,7.0,5.0,0.0,8.0
2025-04-27,8,두산,28,12,16,0,0.429,7.5,2025,4,,5.0,0.0,5.0,6.0,0.0,8.0,6.0,0.0,8.0
2025-04-27,9,NC,25,9,16,0,0.36,9.0,2025,4,,3.0,0.0,7.0,1.0,0.0,4.0,8.0,0.0,12.0
2025-04-27,10,키움,31,11,20,0,0.355,10.0,2025,4,,4.0,0.0,6.0,6.0,0.0,9.0,5.0,0.0,11.0
2025-04-29,1,LG,30,20,10,0,0.667,0.0,2025,4,,4.0,0.0,6.0,12.0,0.0,4.0,8.0,0.0,6.0
2025-04-29,2,삼성,30,18,12,0,0.6,2.0,2025,4,,8.0,0.0,2.0,13.0,0.0,6.0,5.0,0.0,6.0
2025-04-29,3,한화,31,18,13,0,0.581,2.5,2025,4,,8.0,0.0,2.0,10.0,0.0,5.0,8.0,0.0,8.0
2025-04-29,4,롯데,31,17,13,1,0.567,3.0,2025,4,,7.0,0.0,3.0,7.0,1.0,6.0,10.0,0.0,7.0
2025-04-29,5,KT,30,15,14,1,0.517,4.5,2025,4,,5.0,0.0,5.0,9.0,0.0,6.0,6.0,1.0,8.0
2025-04-29,6,KIA,29,14,15,0,0.483,5.5,2025,4,,6.0,0.0,4.0,9.0,0.0,7.0,5.0,0.0,8.0
2025-04-29,7,SSG,28,13,15,0,0.464,6.0,2025,4,,4.0,0.0,6.0,8.0,0.0,9.0,5.0,0.0,6.0
2025-04-29,8,두산,29,12,17,0,0.414,7.5,2025,4,,4.0,0.0,6.0,6.0,0.0,9.0,6.0,0.0,8.0
2025-04-29,9,NC,26,9,17,0,0.346,9.0,2025,4,,2.0,0.0,8.0,1.0,0.0,4.0,8.0,0.0,13.0
2025-04-29,10,키움,32,11,21,0,0.344,10.0,2025,4,,4.0,0.0,6.0,6.0,0.0,10.0,5.0,0.0,11.0
2025-04-30,1,LG,31,20,11,0,0.645,0.0,2025,4,,3.0,0.0,7.0,12.0,0.0,4.0,8.0,0.0,7.0
2025-04-30,2,삼성,31,18,12,1,0.6,1.5,2025,4,,7.0,1.0,2.0,13.0,0.0,6.0,5.0,1.0,6.0
2025-04-30,3,한화,32,19,13,0,0.594,1.5,2025,4,,8.0,0.0,2.0,11.0,0.0,5.0,8.0,0.0,8.0
2025-04-30,4,롯데,32,18,13,1,0.581,2.0,2025,4,,7.0,0.0,3.0,7.0,1.0,6.0,11.0,0.0,7.0
2025-04-30,5,KT,31,16,14,1,0.533,3.5,2025,4,,6.0,0.0,4.0,9.0,0.0,6.0,7.0,1.0,8.0
2025-04-30,6,KIA,30,14,16,0,0.467,5.5,2025,4,,5.0,0.0,5.0,9.0,0.0,8.0,5.0,0.0,8.0
2025-04-30,7,SSG,29,13,15,1,0.464,5.5,2025,4,,4.0,1.0,5.0,8.0,1.0,9.0,5.0,0.0,6.0
2025-04-30,8,두산,30,12,18,0,0.4,7.5,2025,4,,3.0,0.0,7.0,6.0,0.0,10.0,6.0,0.0,8.0
2025-04-30,9,NC,27,10,17,0,0.37,8.0,2025,4,,3.0,0.0,7.0,1.0,0.0,4.0,9.0,0.0,13.0
2025-04-30,10,키움,33,11,22,0,0.333,10.0,2025,4,,3.0,0.0,7.0,6.0,0.0,11.0,5.0,0.0,11.0
2025-05-01,1,LG,31,20,11,0,0.645,0.0,2025,5,,3.0,0.0,7.0,12.0,0.0,4.0,8.0,0.0,7.0
2025-05-01,2,롯데,33,19,13,1,0.594,1.5,2025,5,,7.0,0.0,3.0,7.0,1.0,6.0,12.0,0.0,7.0
2025-05-01,2,한화,32,19,13,0,0.594,1.5,2025,5,,8.0,0.0,2.0,11.0,0.0,5.0,8.0,0.0,8.0
2025-05-01,4,삼성,32,18,13,1,0.581,2.0,2025,5,,7.0,1.0,2.0,13.0,0.0,6.0,5.0,1.0,7.0
2025-05-01,5,KT,32,16,14,2,0.533,3.5,2025,5,,5.0,1.0,4.0,9.0,0.0,6.0,7.0,2.0,8.0
2025-05-01,6,SSG,30,14,15,1,0.483,5.0,2025,5,,5.0,1.0,4.0,9.0,1.0,9.0,5.0,0.0,6.0
2025-05-01,7,KIA,30,14,16,0,0.467,5.5,2025,5,,5.0,0.0,5.0,9.0,0.0,8.0,5.0,0.0,8.0
2025-05-01,8,두산,31,12,18,1,0.4,7.5,2025,5,,3.0,1.0,6.0,6.0,1.0,10.0,6.0,0.0,8.0
2025-05-01,9,NC,27,10,17,0,0.37,8.0,2025,5,,3.0,0.0,7.0,1.0,0.0,4.0,9.0,0.0,13.0
2025-05-01,10,키움,34,11,23,0,0.324,10.5,2025,5,,3.0,0.0,7.0,6.0,0.0,12.0,5.0,0.0,11.0
2025-05-02,1,LG,32,20,12,0,0.625,0.0,2025,5,,2.0,0.0,8.0,12.0,0.0,5.0,8.0,0.0,7.0
2025-05-02,2,롯데,34,20,13,1,0.606,0.5,2025,5,,8.0,0.0,2.0,8.0,1.0,6.0,12.0,0.0,7.0
2025-05-02,2,한화,33,20,13,0,0.606,0.5,2025,5,,8.0,0.0,2.0,11.0,0.0,5.0,9.0,0.0,8.0
2025-05-02,4,삼성,33,19,13,1,0.594,1.0,2025,5,,7.0,1.0,2.0,14.0,0.0,6.0,5.0,1.0,7.0
2025-05-02,5,KT,33,16,15,2,0.516,3.5,2025,5,,4.0,1.0,5.0,9.0,0.0,7.0,7.0,2.0,8.0
2025-05-02,6,SSG,31,15,15,1,0.5,4.0,2025,5,,5.0,1.0,4.0,9.0,1.0,9.0,6.0,0.0,6.0
2025-05-02,7,KIA,31,14,17,0,0.452,5.5,2025,5,,5.0,0.0,5.0,9.0,0.0,9.0,5.0,0.0,8.0
2025-05-02,8,두산,32,12,19,1,0.387,7.5,2025,5,,3.0,1.0,6.0,6.0,1.0,10.0,6.0,0.0,9.0
2025-05-02,9,NC,28,10,18,0,0.357,8.0,2025,5,,3.0,0.0,7.0,1.0,0.0,4.0,9.0,0.0,14.0
2025-05-02,10,키움,35,12,23,0,0.343,9.5,2025,5,,4.0,0.0,6.0,6.0,0.0,12.0,6.0,0.0,11.0
2025-05-03,1,LG,33,21,12,0,0.636,0.0,2025,5,,3.0,0.0,7.0,13.0,0.0,5.0,8.0,0.0,7.0
2025-05-03,2,한화,33,20,13,0,0.606,1.0,2025,5,,8.0,0.0,2.0,11.0,0.0,5.0,9.0,0.0,8.0
2025-05-03,3,롯데,35,20,14,1,0.588,1.5,2025,5,,7.0,0.0,3.0,8.0,1.0,7.0,12.0,0.0,7.0
2025-05-03,4,삼성,34,19,14,1,0.576,2.0,2025,5,,7.0,1.0,2.0,14.0,0.0,7.0,5.0,1.0,7.0
2025-05-03,5,KT,34,17,15,2,0.531,3.5,2025,5,,4.0,1.0,5.0,10.0,0.0,7.0,7.0,2.0,8.0
2025-05-03,6,SSG,32,15,16,1,0.484,5.0,2025,5,,5.0,1.0,4.0,9.0,1.0,9.0,6.0,0.0,7.0
2025-05-03,7,KIA,31,14,17,0,0.452,6.0,2025,5,,5.0,0.0,5.0,9.0,0.0,9.0,5.0,0.0,8.0
2025-05-03,8,두산,33,13,19,1,0.406,7.5,2025,5,,4.0,1.0,5.0,6.0,1.0,10.0,7.0,0.0,9.0
2025-05-03,9,NC,29,11,18,0,0.379,8.0,2025,5,,4.0,0.0,6.0,1.0,0.0,4.0,10.0,0.0,14.0
2025-05-03,10,키움,36,12,24,0,0.333,10.5,2025,5,,3.0,0.0,7.0,6.0,0.0,12.0,6.0,0.0,12.0
2025-05-04,1,LG,34,22,12,0,0.647,0.0,2025,5,,4.0,0.0,6.0,14.0,0.0,5.0,8.0,0.0,7.0
2025-05-04,2,한화,34,21,13,0,0.618,1.0,2025,5,,8.0,0.0,2.0,11.0,0.0,5.0,10.0,0.0,8.0
2025-05-04,3,롯데,36,20,15,1,0.571,2.5,2025,5,,7.0,0.0,3.0,8.0,1.0,8.0,12.0,0.0,7.0
2025-05-04,4,삼성,35,19,15,1,0.559,3.0,2025,5,,6.0,1.0,3.0,14.0,0.0,8.0,5.0,1.0,7.0
2025-05-04,5,KT,35,18,15,2,0.545,3.5,2025,5,,5.0,1.0,4.0,11.0,0.0,7.0,7.0,2.0,8.0
2025-05-04,6,SSG,33,15,17,1,0.469,6.0,2025,5,,4.0,1.0,5.0,9.0,1.0,9.0,6.0,0.0,8.0
2025-05-04,7,KIA,32,14,18,0,0.438,7.0,2025,5,,4.0,0.0,6.0,9.0,0.0,10.0,5.0,0.0,8.0
2025-05-04,8,두산,34,14,19,1,0.424,7.5,2025,5,,4.0,1.0,5.0,6.0,1.0,10.0,8.0,0.0,9.0
2025-05-04,9,NC,30,12,18,0,0.4,8.0,2025,5,,4.0,0.0,6.0,1.0,0.0,4.0,11.0,0.0,14.0
2025-05-04,10,키움,37,12,25,0,0.324,11.5,2025,5,,3.0,0.0,7.0,6.0,0.0,12.0,6.0,0.0,13.0
2025-05-05,1,LG,35,22,13,0,0.629,0.0,2025,5,,3.0,0.0,7.0,14.0,0.0,5.0,8.0,0.0,8.0
2025-05-05,1,한화,35,22,13,0,0.629,0.0,2025,5,,8.0,0.0,2.0,12.0,0.0,5.0,10.0,0.0,8.0
2025-05-05,3,롯데,37,20,16,1,0.556,2.5,2025,5,,6.0,0.0,4.0,8.0,1.0,9.0,12.0,0.0,7.0
2025-05-05,4,삼성,36,19,16,1,0.543,3.0,2025,5,,5.0,1.0,4.0,14.0,0.0,8.0,5.0,1.0,8.0
2025-05-05,5,KT,36,18,16,2,0.529,3.5,2025,5,,5.0,1.0,4.0,11.0,0.0,8.0,7.0,2.0,8.0
2025-05-05,6,SSG,34,16,17,1,0.485,5.0,2025,5,,4.0,1.0,5.0,9.0,1.0,9.0,7.0,0.0,8.0
2025-05-05,7,KIA,33,15,18,0,0.455,6.0,2025,5,,4.0,0.0,6.0,9.0,0.0,10.0,6.0,0.0,8.0
2025-05-05,8,두산,35,15,19,1,0.441,6.5,2025,5,,4.0,1.0,5.0,7.0,1.0,10.0,8.0,0.0,9.0
2025-05-05,9,NC,31,13,18,0,0.419,7.0,2025,5,,5.0,0.0,5.0,1.0,0.0,4.0,12.0,0.0,14.0
2025-05-05,10,키움,38,12,26,0,0.316,11.5,2025,5,,3.0,0.0,7.0,6.0,0.0,13.0,6.0,0.0,13.0
2025-05-06,1,LG,36,23,13,0,0.639,0.0,2025,5,,4.0,0.0,6.0,14.0,0.0,5.0,9.0,0.0,8.0
2025-05-06,1,한화,36,23,13,0,0.639,0.0,2025,5,,8.0,0.0,2.0,13.0,0.0,5.0,10.0,0.0,8.0
2025-05-06,3,롯데,38,21,16,1,0.568,2.5,2025,5,,6.0,0.0,4.0,9.0,1.0,9.0,12.0,0.0,7.0
2025-05-06,4,삼성,37,19,17,1,0.528,4.0,2025,5,,4.0,1.0,5.0,14.0,0.0,8.0,5.0,1.0,9.0
2025-05-06,5,KT,37,18,17,2,0.514,4.5,2025,5,,4.0,1.0,5.0,11.0,0.0,9.0,7.0,2.0,8.0
2025-05-06,6,KIA,34,16,18,0,0.471,6.0,2025,5,,5.0,0.0,5.0,9.0,0.0,10.0,7.0,0.0,8.0
2025-05-06,6,SSG,35,16,18,1,0.471,6.0,2025,5,,3.0,1.0,6.0,9.0,1.0,9.0,7.0,0.0,9.0
2025-05-06,8,NC,32,14,18,0,0.438,7.0,2025,5,,5.0,0.0,5.0,1.0,0.0,4.0,13.0,0.0,14.0
2025-05-06,9,두산,36,15,20,1,0.429,7.5,2025,5,,4.0,1.0,5.0,7.0,1.0,11.0,8.0,0.0,9.0
2025-05-06,10,키움,39,12,27,0,0.308,12.5,2025,5,,3.0,0.0,7.0,6.0,0.0,14.0,6.0,0.0,13.0
2025-05-07,1,한화,37,24,13,0,0.649,0.0,2025,5,,9.0,0.0,1.0,14.0,0.0,5.0,10.0,0.0,8.0
2025-05-07,2,LG,37,23,14,0,0.622,1.0,2025,5,,3.0,0.0,7.0,14.0,0.0,5.0,9.0,0.0,9.0
2025-05-07,3,롯데,39,22,16,1,0.579,2.5,2025,5,,6.0,0.0,4.0,10.0,1.0,9.0,12.0,0.0,7.0
2025-05-07,4,삼성,38,19,18,1,0.514,5.0,2025,5,,3.0,1.0,6.0,14.0,0.0,8.0,5.0,1.0,10.0
2025-05-07,5,KT,38,18,18,2,0.5,5.5,2025,5,,4.0,1.0,5.0,11.0,0.0,10.0,7.0,2.0,8.0
2025-05-07,6,KIA,35,16,19,0,0.457,7.0,2025,5,,5.0,0.0,5.0,9.0,0.0,10.0,7.0,0.0,9.0
2025-05-07,6,SSG,36,16,19,1,0.457,7.0,2025,5,,3.0,1.0,6.0,9.0,1.0,9.0,7.0,0.0,10.0
2025-05-07,8,NC,33,15,18,0,0.455,7.0,2025,5,,6.0,0.0,4.0,1.0,0.0,4.0,14.0,0.0,14.0
2025-05-07,9,두산,37,16,20,1,0.444,7.5,2025,5,,5.0,1.0,4.0,8.0,1.0,11.0,8.0,0.0,9.0
2025-05-07,10,키움,40,13,27,0,0.325,12.5,2025,5,,3.0,0.0,7.0,7.0,0.0,14.0,6.0,0.0,13.0
2025-05-09,1,한화,38,25,13,0,0.658,0.0,2025,5,,10.0,0.0,0.0,14.0,0.0,5.0,11.0,0.0,8.0
2025-05-09,2,LG,37,23,14,0,0.622,1.5,2025,5,,3.0,0.0,7.0,14.0,0.0,5.0,9.0,0.0,9.0
2025-05-09,3,롯데,39,22,16,1,0.579,3.0,2025,5,,6.0,0.0,4.0,10.0,1.0,9.0,12.0,0.0,7.0
2025-05-09,4,삼성,38,19,18,1,0.514,5.5,2025,5,,3.0,1.0,6.0,14.0,0.0,8.0,5.0,1.0,10.0
2025-05-09,5,KT,38,18,18,2,0.5,6.0,2025,5,,4.0,1.0,5.0,11.0,0.0,10.0,7.0,2.0,8.0
2025-05-09,6,KIA,35,16,19,0,0.457,7.5,2025,5,,5.0,0.0,5.0,9.0,0.0,10.0,7.0,0.0,9.0
2025-05-09,6,SSG,36,16,19,1,0.457,7.5,2025,5,,3.0,1.0,6.0,9.0,1.0,9.0,7.0,0.0,10.0
2025-05-09,8,NC,33,15,18,0,0.455,7.5,2025,5,,6.0,0.0,4.0,1.0,0.0,4.0,14.0,0.0,14.0
2025-05-09,9,두산,37,16,20,1,0.444,8.0,2025,5,,5.0,1.0,4.0,8.0,1.0,11.0,8.0,0.0,9.0
2025-05-09,10,키움,41,13,28,0,0.317,13.5,2025,5,,2.0,0.0,8.0,7.0,0.0,15.0,6.0,0.0,13.0
2025-05-10,1,한화,39,26,13,0,0.667,0.0,2025,5,,10.0,0.0,0.0,14.0,0.0,5.0,12.0,0.0,8.0
2025-05-10,2,LG,39,25,14,0,0.641,1.0,2025,5,,5.0,0.0,5.0,14.0,0.0,5.0,11.0,0.0,9.0
2025-05-10,3,롯데,40,23,16,1,0.59,3.0,2025,5,,7.0,0.0,3.0,10.0,1.0,9.0,13.0,0.0,7.0
2025-05-10,4,삼성,40,19,20,1,0.487,7.0,2025,5,,1.0,1.0,8.0,14.0,0.0,10.0,5.0,1.0,10.0
2025-05-10,5,KT,39,18,19,2,0.486,7.0,2025,5,,4.0,1.0,5.0,11.0,0.0,11.0,7.0,2.0,8.0
2025-05-10,6,KIA,36,17,19,0,0.472,7.5,2025,5,,6.0,0.0,4.0,9.0,0.0,10.0,8.0,0.0,9.0
2025-05-10,7,NC,34,15,18,1,0.455,8.0,2025,5,,6.0,1.0,3.0,1.0,0.0,4.0,14.0,1.0,14.0
2025-05-10,8,두산,38,16,20,2,0.444,8.5,2025,5,,4.0,2.0,4.0,8.0,2.0,11.0,8.0,0.0,9.0
2025-05-10,8,SSG,37,16,20,1,0.444,8.5,2025,5,,3.0,1.0,6.0,9.0,1.0,10.0,7.0,0.0,10.0
2025-05-10,10,키움,42,13,29,0,0.31,14.5,2025,5,,2.0,0.0,8.0,7.0,0.0,16.0,6.0,0.0,13.0
2025-05-11,1,한화,40,27,13,0,0.675,0.0,2025,5,,10.0,0.0,0.0,14.0,0.0,5.0,13.0,0.0,8.0
2025-05-11,2,LG,40,26,14,0,0.65,1.0,2025,5,,6.0,0.0,4.0,14.0,0.0,5.0,12.0,0.0,9.0
2025-05-11,3,롯데,42,24,16,2,0.6,3.0,2025,5,,6.0,1.0,3.0,10.0,1.0,9.0,14.0,1.0,7.0
2025-05-11,4,NC,36,17,18,1,0.486,7.5,2025,5,,8.0,1.0,1.0,1.0,0.0,4.0,16.0,1.0,14.0
2025-05-11,5,삼성,41,19,21,1,0.475,8.0,2025,5,,1.0,0.0,9.0,14.0,0.0,11.0,5.0,1.0,10.0
2025-05-11,6,KT,41,18,20,3,0.474,8.0,2025,5,,2.0,2.0,6.0,11.0,1.0,12.0,7.0,2.0,8.0
2025-05-11,6,SSG,39,18,20,1,0.474,8.0,2025,5,,5.0,0.0,5.0,11.0,1.0,10.0,7.0,0.0,10.0
2025-05-11,8,KIA,38,17,21,0,0.447,9.0,2025,5,,4.0,0.0,6.0,9.0,0.0,10.0,8.0,0.0,11.0
2025-05-11,9,두산,40,16,22,2,0.421,10.0,2025,5,,4.0,2.0,4.0,8.0,2.0,13.0,8.0,0.0,9.0
2025-05-11,10,키움,43,13,30,0,0.302,15.5,2025,5,,2.0,0.0,8.0,7.0,0.0,17.0,6.0,0.0,13.0
2025-05-13,1,LG,41,27,14,0,0.659,0.0,2025,5,,7.0,0.0,3.0,15.0,0.0,5.0,12.0,0.0,9.0
2025-05-13,1,한화,41,27,14,0,0.659,0.0,2025,5,,9.0,0.0,1.0,14.0,0.0,6.0,13.0,0.0,8.0
2025-05-13,3,롯데,43,24,17,2,0.585,3.0,2025,5,,5.0,1.0,4.0,10.0,1.0,9.0,14.0,1.0,8.0
2025-05-13,4,삼성,42,20,21,1,0.488,7.0,2025,5,,2.0,0.0,8.0,15.0,0.0,11.0,5.0,1.0,10.0
2025-05-13,5,SSG,40,19,20,1,0.487,7.0,2025,5,,5.0,0.0,5.0,12.0,1.0,10.0,7.0,0.0,10.0
2025-05-13,6,NC,37,17,19,1,0.472,7.5,2025,5,,7.0,1.0,2.0,1.0,0.0,4.0,16.0,1.0,15.0
2025-05-13,7,KIA,39,18,21,0,0.462,8.0,2025,5,,4.0,0.0,6.0,10.0,0.0,10.0,8.0,0.0,11.0
2025-05-13,7,KT,42,18,21,3,0.462,8.0,2025,5,,2.0,1.0,7.0,11.0,1.0,12.0,7.0,2.0,9.0
2025-05-13,9,두산,41,17,22,2,0.436,9.0,2025,5,,5.0,1.0,4.0,8.0,2.0,13.0,9.0,0.0,9.0
2025-05-13,10,키움,44,13,31,0,0.295,15.5,2025,5,,2.0,0.0,8.0,7.0,0.0,17.0,6.0,0.0,14.0
2025-05-14,1,LG,42,28,14,0,0.667,0.0,2025,5,,8.0,0.0,2.0,16.0,0.0,5.0,12.0,0.0,9.0
2025-05-14,2,한화,42,27,15,0,0.643,1.0,2025,5,,8.0,0.0,2.0,14.0,0.0,7.0,13.0,0.0,8.0
2025-05-14,3,롯데,44,25,17,2,0.595,3.0,2025,5,,5.0,1.0,4.0,10.0,1.0,9.0,15.0,1.0,8.0
2025-05-14,4,NC,38,18,19,1,0.486,7.5,2025,5,,8.0,1.0,1.0,1.0,0.0,4.0,17.0,1.0,15.0
2025-05-14,5,삼성,43,20,22,1,0.476,8.0,2025,5,,1.0,0.0,9.0,15.0,0.0,12.0,5.0,1.0,10.0
2025-05-14,6,KT,43,19,21,3,0.475,8.0,2025,5,,3.0,1.0,6.0,11.0,1.0,12.0,8.0,2.0,9.0
2025-05-14,6,SSG,41,19,21,1,0.475,8.0,2025,5,,4.0,0.0,6.0,12.0,1.0,11.0,7.0,0.0,10.0
2025-05-14,8,KIA,40,18,22,0,0.45,9.0,2025,5,,4.0,0.0,6.0,10.0,0.0,11.0,8.0,0.0,11.0
2025-05-14,8,두산,42,18,22,2,0.45,9.0,2025,5,,6.0,1.0,3.0,8.0,2.0,13.0,10.0,0.0,9.0
2025-05-14,10,키움,45,13,32,0,0.289,16.5,2025,5,,1.0,0.0,9.0,7.0,0.0,17.0,6.0,0.0,15.0
2025-05-15,1,LG,43,29,14,0,0.674,0.0,2025,5,,8.0,0.0,2.0,17.0,0.0,5.0,12.0,0.0,9.0
2025-05-15,2,한화,43,27,16,0,0.628,2.0,2025,5,,7.0,0.0,3.0,14.0,0.0,8.0,13.0,0.0,8.0
2025-05-15,3,롯데,45,25,18,2,0.581,4.0,2025,5,,5.0,1.0,4.0,10.0,1.0,9.0,15.0,1.0,9.0
2025-05-15,4,삼성,44,21,22,1,0.488,8.0,2025,5,,2.0,0.0,8.0,16.0,0.0,12.0,5.0,1.0,10.0
2025-05-15,5,SSG,42,20,21,1,0.488,8.0,2025,5,,5.0,0.0,5.0,13.0,1.0,11.0,7.0,0.0,10.0
2025-05-15,6,NC,39,18,20,1,0.474,8.5,2025,5,,7.0,1.0,2.0,1.0,0.0,4.0,17.0,1.0,16.0
2025-05-15,7,KIA,41,19,22,0,0.463,9.0,2025,5,,5.0,0.0,5.0,11.0,0.0,11.0,8.0,0.0,11.0
2025-05-15,7,두산,43,19,22,2,0.463,9.0,2025,5,,6.0,1.0,3.0,8.0,2.0,13.0,11.0,0.0,9.0
2025-05-15,7,KT,44,19,22,3,0.463,9.0,2025,5,,2.0,1.0,7.0,11.0,1.0,12.0,8.0,2.0,10.0
2025-05-15,10,키움,46,13,33,0,0.283,17.5,2025,5,,1.0,0.0,9.0,7.0,0.0,17.0,6.0,0.0,16.0
2025-05-17,1,LG,45,29,16,0,0.644,0.0,2025,5,,7.0,0.0,3.0,17.0,0.0,7.0,12.0,0.0,9.0
2025-05-17,2,한화,45,28,17,0,0.622,1.0,2025,5,,6.0,0.0,4.0,15.0,0.0,9.0,13.0,0.0,8.0
2025-05-17,3,롯데,47,27,18,2,0.6,2.0,2025,5,,7.0,1.0,2.0,12.0,1.0,9.0,15.0,1.0,9.0
2025-05-17,4,KIA,43,21,22,0,0.488,7.0,2025,5,,6.0,0.0,4.0,13.0,0.0,11.0,8.0,0.0,11.0
2025-05-17,4,KT,46,21,22,3,0.488,7.0,2025,5,,3.0,1.0,6.0,11.0,1.0,12.0,10.0,2.0,10.0
2025-05-17,4,SSG,44,21,22,1,0.488,7.0,2025,5,,5.0,0.0,5.0,13.0,1.0,11.0,8.0,0.0,11.0
2025-05-17,7,NC,41,19,21,1,0.475,7.5,2025,5,,6.0,1.0,3.0,2.0,0.0,5.0,17.0,1.0,16.0
2025-05-17,8,삼성,46,21,24,1,0.467,8.0,2025,5,,2.0,0.0,8.0,16.0,0.0,12.0,5.0,1.0,12.0
2025-05-17,9,두산,45,19,24,2,0.442,9.0,2025,5,,4.0,1.0,5.0,8.0,2.0,13.0,11.0,0.0,11.0
2025-05-17,10,키움,48,14,34,0,0.292,16.5,2025,5,,2.0,0.0,8.0,7.0,0.0,17.0,7.0,0.0,17.0
2025-05-18,1,LG,46,30,16,0,0.652,0.0,2025,5,,7.0,0.0,3.0,18.0,0.0,7.0,12.0,0.0,9.0
2025-05-18,2,롯데,48,28,18,2,0.609,2.0,2025,5,,7.0,1.0,2.0,13.0,1.0,9.0,15.0,1.0,9.0
2025-05-18,2,한화,46,28,18,0,0.609,2.0,2025,5,,5.0,0.0,5.0,15.0,0.0,10.0,13.0,0.0,8.0
2025-05-18,4,KIA,44,22,22,0,0.5,7.0,2025,5,,6.0,0.0,4.0,14.0,0.0,11.0,8.0,0.0,11.0
2025-05-18,4,SSG,45,22,22,1,0.5,7.0,2025,5,,6.0,0.0,4.0,13.0,1.0,11.0,9.0,0.0,11.0
2025-05-18,6,NC,42,20,21,1,0.488,7.5,2025,5,,6.0,1.0,3.0,3.0,0.0,5.0,17.0,1.0,16.0
2025-05-18,7,KT,47,21,23,3,0.477,8.0,2025,5,,3.0,1.0,6.0,11.0,1.0,12.0,10.0,2.0,11.0
2025-05-18,8,삼성,47,21,25,1,0.457,9.0,2025,5,,2.0,0.0,8.0,16.0,0.0,12.0,5.0,1.0,13.0
2025-05-18,9,두산,46,19,25,2,0.432,10.0,2025,5,,4.0,1.0,5.0,8.0,2.0,13.0,11.0,0.0,12.0
2025-05-18,10,키움,49,14,35,0,0.286,17.5,2025,5,,2.0,0.0,8.0,7.0,0.0,17.0,7.0,0.0,18.0
2025-05-20,1,LG,47,31,16,0,0.66,0.0,2025,5,,8.0,0.0,2.0,18.0,0.0,7.0,13.0,0.0,9.0
2025-05-20,2,한화,47,29,18,0,0.617,2.0,2025,5,,5.0,0.0,5.0,15.0,0.0,10.0,14.0,0.0,8.0
2025-05-20,3,롯데,49,28,19,2,0.596,3.0,2025,5,,6.0,1.0,3.0,13.0,1.0,10.0,15.0,1.0,9.0
2025-05-20,4,SSG,46,23,22,1,0.511,7.0,2025,5,,7.0,0.0,3.0,13.0,1.0,11.0,10.0,0.0,11.0
2025-05-20,5,KIA,45,22,23,0,0.489,8.0,2025,5,,6.0,0.0,4.0,14.0,0.0,11.0,8.0,0.0,12.0
2025-05-20,5,KT,48,22,23,3,0.489,8.0,2025,5,,4.0,1.0,5.0,12.0,1.0,12.0,10.0,2.0,11.0
2025-05-20,7,NC,43,20,22,1,0.476,8.5,2025,5,,5.0,1.0,4.0,3.0,0.0,6.0,17.0,1.0,16.0
2025-05-20,8,삼성,48,22,25,1,0.468,9.0,2025,5,,3.0,0.0,7.0,16.0,0.0,12.0,6.0,1.0,13.0
2025-05-20,9,두산,47,19,26,2,0.422,11.0,2025,5,,3.0,1.0,6.0,8.0,2.0,14.0,11.0,0.0,12.0
2025-05-20,10,키움,50,14,36,0,0.28,18.5,2025,5,,1.0,0.0,9.0,7.0,0.0,18.0,7.0,0.0,18.0
2025-05-21,1,LG,48,31,16,1,0.66,0.0,2025,5,,7.0,1.0,2.0,18.0,0.0,7.0,13.0,1.0,9.0
2025-05-21,2,한화,48,29,19,0,0.604,2.5,2025,5,,4.0,0.0,6.0,15.0,0.0,10.0,14.0,0.0,9.0
2025-05-21,3,롯데,50,28,19,3,0.596,3.0,2025,5,,5.0,2.0,3.0,13.0,2.0,10.0,15.0,1.0,9.0
2025-05-21,4,SSG,47,24,22,1,0.522,6.5,2025,5,,8.0,0.0,2.0,13.0,1.0,11.0,11.0,0.0,11.0
2025-05-21,5,KT,49,23,23,3,0.5,7.5,2025,5,,5.0,1.0,4.0,13.0,1.0,12.0,10.0,2.0,11.0
2025-05-21,6,NC,44,21,22,1,0.488,8.0,2025,5,,6.0,0.0,4.0,4.0,0.0,6.0,17.0,1.0,16.0
2025-05-21,7,삼성,49,23,25,1,0.479,8.5,2025,5,,4.0,0.0,6.0,16.0,0.0,12.0,7.0,1.0,13.0
2025-05-21,8,KIA,46,22,24,0,0.478,8.5,2025,5,,5.0,0.0,5.0,14.0,0.0,11.0,8.0,0.0,13.0
2025-05-21,9,두산,48,19,27,2,0.413,11.5,2025,5,,3.0,0.0,7.0,8.0,2.0,15.0,11.0,0.0,12.0
2025-05-21,10,키움,51,14,37,0,0.275,19.0,2025,5,,1.0,0.0,9.0,7.0,0.0,19.0,7.0,0.0,18.0
2025-05-22,1,LG,49,31,17,1,0.646,0.0,2025,5,,6.0,1.0,3.0,18.0,0.0,7.0,13.0,1.0,10.0
2025-05-22,2,롯데,51,29,19,3,0.604,2.0,2025,5,,5.0,2.0,3.0,14.0,2.0,10.0,15.0,1.0,9.0
2025-05-22,3,한화,49,29,20,0,0.592,2.5,2025,5,,3.0,0.0,7.0,15.0,0.0,10.0,14.0,0.0,10.0
2025-05-22,4,SSG,48,24,23,1,0.511,6.5,2025,5,,7.0,0.0,3.0,13.0,1.0,11.0,11.0,0.0,12.0
2025-05-22,5,NC,45,22,22,1,0.5,7.0,2025,5,,6.0,0.0,4.0,5.0,0.0,6.0,17.0,1.0,16.0
2025-05-22,6,삼성,50,24,25,1,0.49,7.5,2025,5,,5.0,0.0,5.0,16.0,0.0,12.0,8.0,1.0,13.0
2025-05-22,7,KIA,47,23,24,0,0.489,7.5,2025,5,,6.0,0.0,4.0,14.0,0.0,11.0,9.0,0.0,13.0
2025-05-22,7,KT,50,23,24,3,0.489,7.5,2025,5,,5.0,1.0,4.0,13.0,1.0,13.0,10.0,2.0,11.0
2025-05-22,9,두산,49,20,27,2,0.426,10.5,2025,5,,4.0,0.0,6.0,9.0,2.0,15.0,11.0,0.0,12.0
2025-05-22,10,키움,52,14,38,0,0.269,19.0,2025,5,,1.0,0.0,9.0,7.0,0.0,20.0,7.0,0.0,18.0
2025-05-23,1,LG,50,32,17,1,0.653,0.0,2025,5,,6.0,1.0,3.0,18.0,0.0,7.0,14.0,1.0,10.0
2025-05-23,2,한화,50,30,20,0,0.6,2.5,2025,5,,3.0,0.0,7.0,16.0,0.0,10.0,14.0,0.0,10.0
2025-05-23,3,롯데,52,29,20,3,0.592,3.0,2025,5,,5.0,1.0,4.0,14.0,2.0,10.0,15.0,1.0,10.0
2025-05-23,4,KIA,48,24,24,0,0.5,7.5,2025,5,,7.0,0.0,3.0,14.0,0.0,11.0,10.0,0.0,13.0
2025-05-23,4,KT,51,24,24,3,0.5,7.5,2025,5,,6.0,0.0,4.0,13.0,1.0,13.0,11.0,2.0,11.0
2025-05-23,4,SSG,49,24,24,1,0.5,7.5,2025,5,,6.0,0.0,4.0,13.0,1.0,12.0,11.0,0.0,12.0
2025-05-23,4,NC,46,22,22,2,0.5,7.5,2025,5,,5.0,1.0,4.0,5.0,0.0,6.0,17.0,2.0,16.0
2025-05-23,8,삼성,51,24,26,1,0.48,8.5,2025,5,,5.0,0.0,5.0,16.0,0.0,13.0,8.0,1.0,13.0
2025-05-23,9,두산,50,20,27,3,0.426,11.0,2025,5,,4.0,1.0,5.0,9.0,3.0,15.0,11.0,0.0,12.0
2025-05-23,10,키움,53,14,39,0,0.264,20.0,2025,5,,1.0,0.0,9.0,7.0,0.0,21.0,7.0,0.0,18.0
2025-05-24,1,LG,51,32,18,1,0.64,0.0,2025,5,,5.0,1.0,4.0,18.0,0.0,7.0,14.0,1.0,11.0
2025-05-24,2,롯데,53,30,20,3,0.6,2.0,2025,5,,6.0,1.0,3.0,14.0,2.0,10.0,16.0,1.0,10.0
2025-05-24,3,한화,51,30,21,0,0.588,2.5,2025,5,,3.0,0.0,7.0,16.0,0.0,11.0,14.0,0.0,10.0
2025-05-24,4,NC,47,23,22,2,0.511,6.5,2025,5,,6.0,1.0,3.0,5.0,0.0,6.0,18.0,2.0,16.0
2025-05-24,5,KT,52,25,24,3,0.51,6.5,2025,5,,7.0,0.0,3.0,13.0,1.0,13.0,12.0,2.0,11.0
2025-05-24,5,SSG,50,25,24,1,0.51,6.5,2025,5,,6.0,0.0,4.0,14.0,1.0,12.0,11.0,0.0,12.0
2025-05-24,7,삼성,52,25,26,1,0.49,7.5,2025,5,,5.0,0.0,5.0,17.0,0.0,13.0,8.0,1.0,13.0
2025-05-24,8,KIA,49,24,25,0,0.49,7.5,2025,5,,6.0,0.0,4.0,14.0,0.0,11.0,10.0,0.0,14.0
2025-05-24,9,두산,51,20,28,3,0.417,11.0,2025,5,,3.0,1.0,6.0,9.0,3.0,16.0,11.0,0.0,12.0
2025-05-24,10,키움,54,14,40,0,0.259,20.0,2025,5,,1.0,0.0,9.0,7.0,0.0,22.0,7.0,0.0,18.0
2025-05-25,1,LG,52,33,18,1,0.647,0.0,2025,5,,5.0,1.0,4.0,18.0,0.0,7.0,15.0,1.0,11.0
2025-05-25,2,한화,52,31,21,0,0.596,2.5,2025,5,,4.0,0.0,6.0,17.0,0.0,11.0,14.0,0.0,10.0
2025-05-25,3,롯데,54,30,21,3,0.588,3.0,2025,5,,5.0,1.0,4.0,14.0,2.0,10.0,16.0,1.0,11.0
2025-05-25,4,KT,53,26,24,3,0.52,6.5,2025,5,,7.0,0.0,3.0,13.0,1.0,13.0,13.0,2.0,11.0
2025-05-25,5,삼성,53,26,26,1,0.5,7.5,2025,5,,6.0,0.0,4.0,18.0,0.0,13.0,8.0,1.0,13.0
2025-05-25,5,SSG,51,25,25,1,0.5,7.5,2025,5,,6.0,0.0,4.0,14.0,1.0,13.0,11.0,0.0,12.0
2025-05-25,5,NC,48,23,23,2,0.5,7.5,2025,5,,5.0,1.0,4.0,5.0,0.0,6.0,18.0,2.0,17.0
2025-05-25,8,KIA,50,24,26,0,0.48,8.5,2025,5,,6.0,0.0,4.0,14.0,0.0,11.0,10.0,0.0,15.0
2025-05-25,9,두산,52,21,28,3,0.429,11.0,2025,5,,3.0,1.0,6.0,10.0,3.0,16.0,11.0,0.0,12.0
2025-05-25,10,키움,55,14,41,0,0.255,21.0,2025,5,,1.0,0.0,9.0,7.0,0.0,23.0,7.0,0.0,18.0
2025-05-27,1,LG,53,34,18,1,0.654,0.0,2025,5,,5.0,1.0,4.0,19.0,0.0,7.0,15.0,1.0,11.0
2025-05-27,2,한화,53,31,22,0,0.585,3.5,2025,5,,4.0,0.0,6.0,17.0,0.0,11.0,14.0,0.0,11.0
2025-05-27,3,롯데,55,30,22,3,0.577,4.0,2025,5,,5.0,1.0,4.0,14.0,2.0,10.0,16.0,1.0,12.0
2025-05-27,4,KT,54,27,24,3,0.529,6.5,2025,5,,8.0,0.0,2.0,14.0,1.0,13.0,13.0,2.0,11.0
2025-05-27,5,삼성,54,27,26,1,0.509,7.5,2025,5,,6.0,0.0,4.0,19.0,0.0,13.0,8.0,1.0,13.0
2025-05-27,6,SSG,52,25,25,2,0.5,8.0,2025,5,,5.0,1.0,4.0,14.0,2.0,13.0,11.0,0.0,12.0
2025-05-27,6,NC,49,23,23,3,0.5,8.0,2025,5,,5.0,2.0,3.0,5.0,0.0,6.0,18.0,3.0,17.0
2025-05-27,8,KIA,51,25,26,0,0.49,8.5,2025,5,,6.0,0.0,4.0,15.0,0.0,11.0,10.0,0.0,15.0
2025-05-27,9,두산,53,21,29,3,0.42,12.0,2025,5,,2.0,1.0,7.0,10.0,3.0,16.0,11.0,0.0,13.0
2025-05-27,10,키움,56,14,42,0,0.25,22.0,2025,5,,1.0,0.0,9.0,7.0,0.0,23.0,7.0,0.0,19.0
2025-05-28,1,LG,54,34,19,1,0.642,0.0,2025,5,,5.0,1.0,4.0,19.0,0.0,8.0,15.0,1.0,11.0
2025-05-28,2,한화,54,32,22,0,0.593,2.5,2025,5,,4.0,0.0,6.0,17.0,0.0,11.0,15.0,0.0,11.0
2025-05-28,3,롯데,55,30,22,3,0.577,3.5,2025,5,,5.0,1.0,4.0,14.0,2.0,10.0,16.0,1.0,12.0
2025-05-28,4,KT,55,27,25,3,0.519,6.5,2025,5,,7.0,0.0,3.0,14.0,1.0,14.0,13.0,2.0,11.0
2025-05-28,5,SSG,53,26,25,2,0.51,7.0,2025,5,,6.0,1.0,3.0,15.0,2.0,13.0,11.0,0.0,12.0
2025-05-28,6,삼성,54,27,26,1,0.509,7.0,2025,5,,6.0,0.0,4.0,19.0,0.0,13.0,8.0,1.0,13.0
2025-05-28,7,KIA,52,26,26,0,0.5,7.5,2025,5,,6.0,0.0,4.0,16.0,0.0,11.0,10.0,0.0,15.0
2025-05-28,8,NC,50,23,24,3,0.489,8.0,2025,5,,4.0,2.0,4.0,5.0,0.0,6.0,18.0,3.0,18.0
2025-05-28,9,두산,54,22,29,3,0.431,11.0,2025,5,,3.0,1.0,6.0,10.0,3.0,16.0,12.0,0.0,13.0
2025-05-28,10,키움,57,14,43,0,0.246,22.0,2025,5,,1.0,0.0,9.0,7.0,0.0,23.0,7.0,0.0,20.0
2025-05-29,1,LG,55,35,19,1,0.648,0.0,2025,5,,6.0,1.0,3.0,20.0,0.0,8.0,15.0,1.0,11.0
2025-05-29,2,한화,55,32,23,0,0.582,3.5,2025,5,,4.0,0.0,6.0,17.0,0.0,11.0,15.0,0.0,12.0
2025-05-29,3,롯데,56,30,23,3,0.566,4.5,2025,5,,4.0,1.0,5.0,14.0,2.0,10.0,16.0,1.0,13.0
2025-05-29,4,KT,56,28,25,3,0.528,6.5,2025,5,,7.0,0.0,3.0,15.0,1.0,14.0,13.0,2.0,11.0
2025-05-29,5,SSG,54,27,25,2,0.519,7.0,2025,5,,6.0,1.0,3.0,16.0,2.0,13.0,11.0,0.0,12.0
2025-05-29,6,삼성,55,28,26,1,0.519,7.0,2025,5,,7.0,0.0,3.0,20.0,0.0,13.0,8.0,1.0,13.0
2025-05-29,7,KIA,53,26,26,1,0.5,8.0,2025,5,,5.0,1.0,4.0,16.0,1.0,11.0,10.0,0.0,15.0
2025-05-29,8,NC,51,23,25,3,0.479,9.0,2025,5,,4.0,2.0,4.0,5.0,0.0,6.0,18.0,3.0,19.0
2025-05-29,9,두산,55,22,30,3,0.423,12.0,2025,5,,3.0,1.0,6.0,10.0,3.0,16.0,12.0,0.0,14.0
2025-05-29,10,키움,58,14,43,1,0.246,22.5,2025,5,,0.0,1.0,9.0,7.0,0.0,23.0,7.0,1.0,20.0
2025-05-30,1,LG,56,35,20,1,0.636,0.0,2025,5,,5.0,1.0,4.0,20.0,0.0,9.0,15.0,1.0,11.0
2025-05-30,2,한화,56,33,23,0,0.589,2.5,2025,5,,5.0,0.0,5.0,17.0,0.0,11.0,16.0,0.0,12.0
2025-05-30,3,롯데,57,31,23,3,0.574,3.5,2025,5,,4.0,1.0,5.0,15.0,2.0,10.0,16.0,1.0,13.0
2025-05-30,4,KT,57,29,25,3,0.537,5.5,2025,5,,8.0,0.0,2.0,16.0,1.0,14.0,13.0,2.0,11.0
2025-05-30,5,삼성,56,29,26,1,0.527,6.0,2025,5,,8.0,0.0,2.0,20.0,0.0,13.0,9.0,1.0,13.0
2025-05-30,6,SSG,55,27,26,2,0.509,7.0,2025,5,,5.0,1.0,4.0,16.0,2.0,13.0,11.0,0.0,13.0
2025-05-30,7,KIA,54,26,27,1,0.491,8.0,2025,5,,4.0,1.0,5.0,16.0,1.0,11.0,10.0,0.0,16.0
2025-05-30,8,NC,52,23,26,3,0.469,9.0,2025,5,,3.0,2.0,5.0,5.0,0.0,7.0,18.0,3.0,19.0
2025-05-30,9,두산,56,23,30,3,0.434,11.0,2025,5,,4.0,1.0,5.0,10.0,3.0,16.0,13.0,0.0,14.0
2025-05-30,10,키움,59,14,44,1,0.241,22.5,2025,5,,0.0,1.0,9.0,7.0,0.0,24.0,7.0,1.0,20.0
2025-05-31,1,LG,57,35,21,1,0.625,0.0,2025,5,,4.0,1.0,5.0,20.0,0.0,10.0,15.0,1.0,11.0
2025-05-31,2,한화,57,34,23,0,0.596,1.5,2025,5,,5.0,0.0,5.0,17.0,0.0,11.0,17.0,0.0,12.0
2025-05-31,3,롯데,58,31,24,3,0.564,3.5,2025,5,,3.0,1.0,6.0,15.0,2.0,11.0,16.0,1.0,13.0
2025-05-31,4,KT,58,30,25,3,0.545,4.5,2025,5,,8.0,0.0,2.0,17.0,1.0,14.0,13.0,2.0,11.0
2025-05-31,5,삼성,57,30,26,1,0.536,5.0,2025,5,,9.0,0.0,1.0,20.0,0.0,13.0,10.0,1.0,13.0
2025-05-31,6,SSG,56,28,26,2,0.519,6.0,2025,5,,5.0,1.0,4.0,16.0,2.0,13.0,12.0,0.0,13.0
2025-05-31,7,KIA,55,26,28,1,0.481,8.0,2025,5,,4.0,1.0,5.0,16.0,1.0,11.0,10.0,0.0,17.0
2025-05-31,8,NC,53,23,27,3,0.46,9.0,2025,5,,3.0,2.0,5.0,5.0,0.0,8.0,18.0,3.0,19.0
2025-05-31,9,두산,57,23,31,3,0.426,11.0,2025,5,,4.0,1.0,5.0,10.0,3.0,16.0,13.0,0.0,15.0
2025-05-31,10,키움,60,15,44,1,0.254,21.5,2025,5,,1.0,1.0,8.0,8.0,0.0,24.0,7.0,1.0,20.0
2025-06-01,1,LG,58,35,22,1,0.614,0.0,2025,6,,4.0,0.0,6.0,20.0,0.0,11.0,15.0,1.0,11.0
2025-06-01,2,한화,58,34,24,0,0.586,1.5,2025,6,,5.0,0.0,5.0,17.0,0.0,11.0,17.0,0.0,13.0
2025-06-01,3,롯데,59,31,25,3,0.554,3.5,2025,6,,3.0,1.0,6.0,15.0,2.0,12.0,16.0,1.0,13.0
2025-06-01,4,삼성,58,31,26,1,0.544,4.0,2025,6,,9.0,0.0,1.0,20.0,0.0,13.0,11.0,1.0,13.0
2025-06-01,5,KT,59,30,26,3,0.536,4.5,2025,6,,7.0,0.0,3.0,17.0,1.0,15.0,13.0,2.0,11.0
2025-06-01,6,SSG,57,29,26,2,0.527,5.0,2025,6,,5.0,1.0,4.0,16.0,2.0,13.0,13.0,0.0,13.0
2025-06-01,7,KIA,56,27,28,1,0.491,7.0,2025,6,,5.0,1.0,4.0,16.0,1.0,11.0,11.0,0.0,17.0
2025-06-01,8,NC,54,24,27,3,0.471,8.0,2025,6,,3.0,2.0,5.0,6.0,0.0,8.0,18.0,3.0,19.0
2025-06-01,9,두산,58,23,32,3,0.418,11.0,2025,6,,4.0,1.0,5.0,10.0,3.0,16.0,13.0,0.0,16.0
2025-06-01,10,키움,61,16,44,1,0.267,20.5,2025,6,,2.0,1.0,7.0,9.0,0.0,24.0,7.0,1.0,20.0
2025-06-03,1,LG,59,36,22,1,0.621,0.0,2025,6,,5.0,0.0,5.0,20.0,0.0,11.0,16.0,1.0,11.0
2025-06-03,2,한화,59,35,24,0,0.593,1.5,2025,6,,6.0,0.0,4.0,18.0,0.0,11.0,17.0,0.0,13.0
2025-06-03,3,롯데,60,32,25,3,0.561,3.5,2025,6,,4.0,0.0,6.0,16.0,2.0,12.0,16.0,1.0,13.0
2025-06-03,4,SSG,58,30,26,2,0.536,5.0,2025,6,,6.0,1.0,3.0,17.0,2.0,13.0,13.0,0.0,13.0
2025-06-03,5,삼성,59,31,27,1,0.534,5.0,2025,6,,8.0,0.0,2.0,20.0,0.0,13.0,11.0,1.0,14.0
2025-06-03,6,KT,60,30,27,3,0.526,5.5,2025,6,,7.0,0.0,3.0,17.0,1.0,15.0,13.0,2.0,12.0
2025-06-03,7,KIA,57,28,28,1,0.5,7.0,2025,6,,5.0,1.0,4.0,16.0,1.0,11.0,12.0,0.0,17.0
2025-06-03,8,NC,55,24,28,3,0.462,9.0,2025,6,,2.0,2.0,6.0,6.0,0.0,9.0,18.0,3.0,19.0
2025-06-03,9,두산,59,23,33,3,0.411,12.0,2025,6,,3.0,1.0,6.0,10.0,3.0,17.0,13.0,0.0,16.0
2025-06-03,10,키움,62,16,45,1,0.262,21.5,2025,6,,2.0,1.0,7.0,9.0,0.0,24.0,7.0,1.0,21.0
2025-06-04,1,LG,60,36,23,1,0.61,0.0,2025,6,,4.0,0.0,6.0,20.0,0.0,11.0,16.0,1.0,12.0
2025-06-04,2,한화,60,36,24,0,0.6,0.5,2025,6,,6.0,0.0,4.0,19.0,0.0,11.0,17.0,0.0,13.0
2025-06-04,3,롯데,61,32,26,3,0.552,3.5,2025,6,,3.0,0.0,7.0,16.0,2.0,13.0,16.0,1.0,13.0
2025-06-04,4,SSG,59,31,26,2,0.544,4.0,2025,6,,7.0,1.0,2.0,18.0,2.0,13.0,13.0,0.0,13.0
2025-06-04,5,삼성,60,31,28,1,0.525,5.0,2025,6,,7.0,0.0,3.0,20.0,0.0,13.0,11.0,1.0,15.0
2025-06-04,6,KT,61,30,28,3,0.517,5.5,2025,6,,6.0,0.0,4.0,17.0,1.0,15.0,13.0,2.0,13.0
2025-06-04,7,KIA,58,29,28,1,0.509,6.0,2025,6,,5.0,1.0,4.0,16.0,1.0,11.0,13.0,0.0,17.0
2025-06-04,8,NC,56,25,28,3,0.472,8.0,2025,6,,3.0,1.0,6.0,7.0,0.0,9.0,18.0,3.0,19.0
2025-06-04,9,두산,60,23,34,3,0.404,12.0,2025,6,,3.0,0.0,7.0,10.0,3.0,18.0,13.0,0.0,16.0
2025-06-04,10,키움,63,17,45,1,0.274,20.5,2025,6,,3.0,1.0,6.0,9.0,0.0,24.0,8.0,1.0,21.0
2025-06-05,1,LG,61,37,23,1,0.617,0.0,2025,6,,5.0,0.0,5.0,20.0,0.0,11.0,17.0,1.0,12.0
2025-06-05,2,한화,61,36,25,0,0.59,1.5,2025,6,,6.0,0.0,4.0,19.0,0.0,12.0,17.0,0.0,13.0
2025-06-05,3,롯데,62,32,27,3,0.542,4.5,2025,6,,3.0,0.0,7.0,16.0,2.0,14.0,16.0,1.0,13.0
2025-06-05,4,SSG,60,31,27,2,0.534,5.0,2025,6,,6.0,1.0,3.0,18.0,2.0,14.0,13.0,0.0,13.0
2025-06-05,5,삼성,61,32,28,1,0.533,5.0,2025,6,,8.0,0.0,2.0,20.0,0.0,13.0,12.0,1.0,15.0
2025-06-05,6,KT,62,31,28,3,0.525,5.5,2025,6,,6.0,0.0,4.0,17.0,1.0,15.0,14.0,2.0,13.0
2025-06-05,7,KIA,59,29,29,1,0.5,7.0,2025,6,,5.0,1.0,4.0,16.0,1.0,11.0,13.0,0.0,18.0
2025-06-05,8,NC,57,25,29,3,0.463,9.0,2025,6,,2.0,1.0,7.0,7.0,0.0,10.0,18.0,3.0,19.0
2025-06-05,9,두산,61,24,34,3,0.414,12.0,2025,6,,4.0,0.0,6.0,11.0,3.0,18.0,13.0,0.0,16.0
2025-06-05,10,키움,64,18,45,1,0.286,20.5,2025,6,,4.0,1.0,5.0,9.0,0.0,24.0,9.0,1.0,21.0
2025-06-06,1,LG,62,37,24,1,0.607,0.0,2025,6,,4.0,0.0,6.0,20.0,0.0,11.0,17.0,1.0,13.0
2025-06-06,2,한화,62,36,26,0,0.581,1.5,2025,6,,5.0,0.0,5.0,19.0,0.0,12.0,17.0,0.0,14.0
2025-06-06,3,삼성,62,33,28,1,0.541,4.0,2025,6,,8.0,0.0,2.0,21.0,0.0,13.0,12.0,1.0,15.0
2025-06-06,4,KT,63,32,28,3,0.533,4.5,2025,6,,6.0,0.0,4.0,18.0,1.0,15.0,14.0,2.0,13.0
2025-06-06,4,롯데,63,32,28,3,0.533,4.5,2025,6,,2.0,0.0,8.0,16.0,2.0,14.0,16.0,1.0,14.0
2025-06-06,6,SSG,61,31,28,2,0.525,5.0,2025,6,,6.0,1.0,3.0,18.0,2.0,14.0,13.0,0.0,14.0
2025-06-06,7,KIA,60,30,29,1,0.508,6.0,2025,6,,6.0,1.0,3.0,17.0,1.0,11.0,13.0,0.0,18.0
2025-06-06,8,NC,58,25,30,3,0.455,9.0,2025,6,,2.0,1.0,7.0,7.0,0.0,10.0,18.0,3.0,20.0
2025-06-06,9,두산,62,25,34,3,0.424,11.0,2025,6,,4.0,0.0,6.0,12.0,3.0,18.0,13.0,0.0,16.0
2025-06-06,10,키움,65,19,45,1,0.297,19.5,2025,6,,5.0,1.0,4.0,10.0,0.0,24.0,9.0,1.0,21.0
2025-06-07,1,LG,63,37,25,1,0.597,0.0,2025,6,,3.0,0.0,7.0,20.0,0.0,11.0,17.0,1.0,14.0
2025-06-07,2,한화,63,37,26,0,0.587,0.5,2025,6,,6.0,0.0,4.0,19.0,0.0,12.0,18.0,0.0,14.0
2025-06-07,3,KT,64,33,28,3,0.541,3.5,2025,6,,6.0,0.0,4.0,19.0,1.0,15.0,14.0,2.0,13.0
2025-06-07,3,롯데,64,33,28,3,0.541,3.5,2025,6,,3.0,0.0,7.0,16.0,2.0,14.0,17.0,1.0,14.0
2025-06-07,5,삼성,63,33,29,1,0.532,4.0,2025,6,,7.0,0.0,3.0,21.0,0.0,14.0,12.0,1.0,15.0
2025-06-07,6,SSG,62,31,29,2,0.517,5.0,2025,6,,6.0,0.0,4.0,18.0,2.0,14.0,13.0,0.0,15.0
2025-06-07,7,KIA,61,30,30,1,0.5,6.0,2025,6,,5.0,1.0,4.0,17.0,1.0,12.0,13.0,0.0,18.0
2025-06-07,8,NC,59,26,30,3,0.464,8.0,2025,6,,3.0,0.0,7.0,7.0,0.0,10.0,19.0,3.0,20.0
2025-06-07,9,두산,63,25,35,3,0.417,11.0,2025,6,,4.0,0.0,6.0,12.0,3.0,19.0,13.0,0.0,16.0
2025-06-07,10,키움,66,20,45,1,0.308,18.5,2025,6,,6.0,1.0,3.0,11.0,0.0,24.0,9.0,1.0,21.0
2025-06-08,1,LG,64,38,25,1,0.603,0.0,2025,6,,4.0,0.0,6.0,20.0,0.0,11.0,18.0,1.0,14.0
2025-06-08,2,한화,64,37,27,0,0.578,1.5,2025,6,,5.0,0.0,5.0,19.0,0.0,12.0,18.0,0.0,15.0
2025-06-08,3,롯데,65,34,28,3,0.548,3.5,2025,6,,4.0,0.0,6.0,16.0,2.0,14.0,18.0,1.0,14.0
2025-06-08,4,삼성,64,34,29,1,0.54,4.0,2025,6,,7.0,0.0,3.0,22.0,0.0,14.0,12.0,1.0,15.0
2025-06-08,5,KT,65,33,29,3,0.532,4.5,2025,6,,6.0,0.0,4.0,19.0,1.0,16.0,14.0,2.0,13.0
2025-06-08,6,SSG,63,32,29,2,0.525,5.0,2025,6,,6.0,0.0,4.0,18.0,2.0,14.0,14.0,0.0,15.0
2025-06-08,7,KIA,62,31,30,1,0.508,6.0,2025,6,,5.0,1.0,4.0,18.0,1.0,12.0,13.0,0.0,18.0
2025-06-08,8,NC,60,26,31,3,0.456,9.0,2025,6,,3.0,0.0,7.0,7.0,0.0,10.0,19.0,3.0,21.0
2025-06-08,9,두산,64,25,36,3,0.41,12.0,2025,6,,3.0,0.0,7.0,12.0,3.0,20.0,13.0,0.0,16.0
2025-06-08,10,키움,67,20,46,1,0.303,19.5,2025,6,,6.0,1.0,3.0,11.0,0.0,25.0,9.0,1.0,21.0
2025-06-10,1,LG,65,38,26,1,0.594,0.0,2025,6,,3.0,0.0,7.0,20.0,0.0,12.0,18.0,1.0,14.0
2025-06-10,2,한화,65,38,27,0,0.585,0.5,2025,6,,6.0,0.0,4.0,20.0,0.0,12.0,18.0,0.0,15.0
2025-06-10,3,삼성,65,35,29,1,0.547,3.0,2025,6,,7.0,0.0,3.0,22.0,0.0,14.0,13.0,1.0,15.0
2025-06-10,4,KT,66,34,29,3,0.54,3.5,2025,6,,6.0,0.0,4.0,20.0,1.0,16.0,14.0,2.0,13.0
2025-06-10,4,롯데,66,34,29,3,0.54,3.5,2025,6,,4.0,0.0,6.0,16.0,2.0,14.0,18.0,1.0,15.0
2025-06-10,6,SSG,64,33,29,2,0.532,4.0,2025,6,,6.0,0.0,4.0,18.0,2.0,14.0,15.0,0.0,15.0
2025-06-10,7,KIA,63,31,31,1,0.5,6.0,2025,6,,5.0,0.0,5.0,18.0,1.0,13.0,13.0,0.0,18.0
2025-06-10,8,NC,61,26,31,4,0.456,8.5,2025,6,,3.0,1.0,6.0,7.0,0.0,10.0,19.0,4.0,21.0
2025-06-10,9,두산,65,25,37,3,0.403,12.0,2025,6,,3.0,0.0,7.0,12.0,3.0,20.0,13.0,0.0,17.0
2025-06-10,10,키움,68,20,46,2,0.303,19.0,2025,6,,6.0,1.0,3.0,11.0,1.0,25.0,9.0,1.0,21.0
2025-06-11,1,LG,66,39,26,1,0.6,0.0,2025,6,,4.0,0.0,6.0,21.0,0.0,12.0,18.0,1.0,14.0
2025-06-11,2,한화,66,39,27,0,0.591,0.5,2025,6,,6.0,0.0,4.0,21.0,0.0,12.0,18.0,0.0,15.0
2025-06-11,3,롯데,67,35,29,3,0.547,3.5,2025,6,,4.0,0.0,6.0,16.0,2.0,14.0,19.0,1.0,15.0
2025-06-11,4,삼성,66,35,30,1,0.538,4.0,2025,6,,6.0,0.0,4.0,22.0,0.0,14.0,13.0,1.0,16.0
2025-06-11,5,KT,67,34,30,3,0.531,4.5,2025,6,,5.0,0.0,5.0,20.0,1.0,17.0,14.0,2.0,13.0
2025-06-11,6,SSG,65,33,30,2,0.524,5.0,2025,6,,6.0,0.0,4.0,18.0,2.0,14.0,15.0,0.0,16.0
2025-06-11,7,KIA,64,32,31,1,0.508,6.0,2025,6,,6.0,0.0,4.0,19.0,1.0,13.0,13.0,0.0,18.0
2025-06-11,8,NC,62,27,31,4,0.466,8.5,2025,6,,4.0,1.0,5.0,7.0,0.0,10.0,20.0,4.0,21.0
2025-06-11,9,두산,66,25,38,3,0.397,13.0,2025,6,,2.0,0.0,8.0,12.0,3.0,20.0,13.0,0.0,18.0
2025-06-11,10,키움,69,20,47,2,0.299,20.0,2025,6,,6.0,1.0,3.0,11.0,1.0,26.0,9.0,1.0,21.0
2025-06-12,1,LG,67,40,26,1,0.606,0.0,2025,6,,5.0,0.0,5.0,22.0,0.0,12.0,18.0,1.0,14.0
2025-06-12,2,한화,67,40,27,0,0.597,0.5,2025,6,,6.0,0.0,4.0,22.0,0.0,12.0,18.0,0.0,15.0
2025-06-12,3,롯데,68,36,29,3,0.554,3.5,2025,6,,5.0,0.0,5.0,16.0,2.0,14.0,20.0,1.0,15.0
2025-06-12,4,삼성,67,36,30,1,0.545,4.0,2025,6,,6.0,0.0,4.0,22.0,0.0,14.0,14.0,1.0,16.0
2025-06-12,5,KT,68,34,31,3,0.523,5.5,2025,6,,4.0,0.0,6.0,20.0,1.0,18.0,14.0,2.0,13.0
2025-06-12,6,SSG,66,33,31,2,0.516,6.0,2025,6,,5.0,0.0,5.0,18.0,2.0,14.0,15.0,0.0,17.0
2025-06-12,7,KIA,65,32,32,1,0.5,7.0,2025,6,,6.0,0.0,4.0,19.0,1.0,14.0,13.0,0.0,18.0
2025-06-12,8,NC,63,28,31,4,0.475,8.5,2025,6,,5.0,1.0,4.0,7.0,0.0,10.0,21.0,4.0,21.0
2025-06-12,9,두산,67,25,39,3,0.391,14.0,2025,6,,2.0,0.0,8.0,12.0,3.0,20.0,13.0,0.0,19.0
2025-06-12,10,키움,70,20,48,2,0.294,21.0,2025,6,,5.0,1.0,4.0,11.0,1.0,27.0,9.0,1.0,21.0
2025-06-13,1,LG,67,40,26,1,0.606,0.0,2025,6,,5.0,0.0,5.0,22.0,0.0,12.0,18.0,1.0,14.0
2025-06-13,2,한화,67,40,27,0,0.597,0.5,2025,6,,6.0,0.0,4.0,22.0,0.0,12.0,18.0,0.0,15.0
2025-06-13,3,롯데,68,36,29,3,0.554,3.5,2025,6,,5.0,0.0,5.0,16.0,2.0,14.0,20.0,1.0,15.0
2025-06-13,4,삼성,67,36,30,1,0.545,4.0,2025,6,,6.0,0.0,4.0,22.0,0.0,14.0,14.0,1.0,16.0
2025-06-13,5,KT,68,34,31,3,0.523,5.5,2025,6,,4.0,0.0,6.0,20.0,1.0,18.0,14.0,2.0,13.0
2025-06-13,6,SSG,66,33,31,2,0.516,6.0,2025,6,,5.0,0.0,5.0,18.0,2.0,14.0,15.0,0.0,17.0
2025-06-13,7,KIA,66,32,33,1,0.492,7.5,2025,6,,5.0,0.0,5.0,19.0,1.0,14.0,13.0,0.0,19.0
2025-06-13,8,NC,64,29,31,4,0.483,8.0,2025,6,,5.0,1.0,4.0,8.0,0.0,10.0,21.0,4.0,21.0
2025-06-13,9,두산,67,25,39,3,0.391,14.0,2025,6,,2.0,0.0,8.0,12.0,3.0,20.0,13.0,0.0,19.0
2025-06-13,10,키움,70,20,48,2,0.294,21.0,2025,6,,5.0,1.0,4.0,11.0,1.0,27.0,9.0,1.0,21.0
2025-06-14,1,LG,68,40,26,2,0.606,0.0,2025,6,,5.0,1.0,4.0,22.0,0.0,12.0,18.0,2.0,14.0
2025-06-14,2,한화,68,40,27,1,0.597,0.5,2025,6,,6.0,1.0,3.0,22.0,1.0,12.0,18.0,0.0,15.0
2025-06-14,3,롯데,69,37,29,3,0.561,3.0,2025,6,,6.0,0.0,4.0,16.0,2.0,14.0,21.0,1.0,15.0
2025-06-14,4,삼성,68,36,31,1,0.537,4.5,2025,6,,5.0,0.0,5.0,22.0,0.0,15.0,14.0,1.0,16.0
2025-06-14,5,KT,69,35,31,3,0.53,5.0,2025,6,,5.0,0.0,5.0,20.0,1.0,18.0,15.0,2.0,13.0
2025-06-14,6,SSG,67,33,32,2,0.508,6.5,2025,6,,4.0,0.0,6.0,18.0,2.0,15.0,15.0,0.0,17.0
2025-06-14,7,KIA,67,33,33,1,0.5,7.0,2025,6,,5.0,0.0,5.0,19.0,1.0,14.0,14.0,0.0,19.0
2025-06-14,8,NC,65,29,32,4,0.475,8.5,2025,6,,5.0,1.0,4.0,8.0,0.0,11.0,21.0,4.0,21.0
2025-06-14,9,두산,68,26,39,3,0.4,13.5,2025,6,,3.0,0.0,7.0,13.0,3.0,20.0,13.0,0.0,19.0
2025-06-14,10,키움,71,20,49,2,0.29,21.5,2025,6,,4.0,1.0,5.0,11.0,1.0,27.0,9.0,1.0,22.0
2025-06-15,1,한화,69,41,27,1,0.603,0.0,2025,6,,6.0,1.0,3.0,23.0,1.0,12.0,18.0,0.0,15.0
2025-06-15,2,LG,69,40,27,2,0.597,0.5,2025,6,,4.0,1.0,5.0,22.0,0.0,12.0,18.0,2.0,15.0
2025-06-15,3,롯데,70,37,30,3,0.552,3.5,2025,6,,5.0,0.0,5.0,16.0,2.0,14.0,21.0,1.0,16.0
2025-06-15,4,KT,70,36,31,3,0.537,4.5,2025,6,,6.0,0.0,4.0,20.0,1.0,18.0,16.0,2.0,13.0
2025-06-15,5,삼성,69,36,32,1,0.529,5.0,2025,6,,5.0,0.0,5.0,22.0,0.0,16.0,14.0,1.0,16.0
2025-06-15,6,SSG,68,34,32,2,0.515,6.0,2025,6,,4.0,0.0,6.0,19.0,2.0,15.0,15.0,0.0,17.0
2025-06-15,7,KIA,68,34,33,1,0.507,6.5,2025,6,,5.0,0.0,5.0,19.0,1.0,14.0,15.0,0.0,19.0
2025-06-15,8,NC,66,29,33,4,0.468,9.0,2025,6,,4.0,1.0,5.0,8.0,0.0,12.0,21.0,4.0,21.0
2025-06-15,9,두산,69,27,39,3,0.409,13.0,2025,6,,4.0,0.0,6.0,14.0,3.0,20.0,13.0,0.0,19.0
2025-06-15,10,키움,72,20,50,2,0.286,22.0,2025,6,,4.0,1.0,5.0,11.0,1.0,27.0,9.0,1.0,23.0
2025-06-17,1,한화,70,42,27,1,0.609,0.0,2025,6,,6.0,1.0,3.0,23.0,1.0,12.0,19.0,0.0,15.0
2025-06-17,2,LG,70,40,28,2,0.588,1.5,2025,6,,4.0,1.0,5.0,22.0,0.0,13.0,18.0,2.0,15.0
2025-06-17,3,롯데,71,37,31,3,0.544,4.5,2025,6,,5.0,0.0,5.0,16.0,2.0,15.0,21.0,1.0,16.0
2025-06-17,4,삼성,70,37,32,1,0.536,5.0,2025,6,,6.0,0.0,4.0,23.0,0.0,16.0,14.0,1.0,16.0
2025-06-17,5,KT,71,36,32,3,0.529,5.5,2025,6,,6.0,0.0,4.0,20.0,1.0,18.0,16.0,2.0,14.0
2025-06-17,6,SSG,69,35,32,2,0.522,6.0,2025,6,,4.0,0.0,6.0,19.0,2.0,15.0,16.0,0.0,17.0
2025-06-17,7,KIA,69,35,33,1,0.515,6.5,2025,6,,6.0,0.0,4.0,20.0,1.0,14.0,15.0,0.0,19.0
2025-06-17,8,NC,67,30,33,4,0.476,9.0,2025,6,,5.0,1.0,4.0,8.0,0.0,12.0,22.0,4.0,21.0
2025-06-17,9,두산,70,27,40,3,0.403,14.0,2025,6,,4.0,0.0,6.0,14.0,3.0,20.0,13.0,0.0,20.0
2025-06-17,10,키움,73,20,51,2,0.282,23.0,2025,6,,3.0,1.0,6.0,11.0,1.0,28.0,9.0,1.0,23.0
2025-06-18,1,한화,71,42,28,1,0.6,0.0,2025,6,,6.0,1.0,3.0,23.0,1.0,12.0,19.0,0.0,16.0
2025-06-18,2,LG,71,41,28,2,0.594,0.5,2025,6,,4.0,1.0,5.0,23.0,0.0,13.0,18.0,2.0,15.0
2025-06-18,3,롯데,72,38,31,3,0.551,3.5,2025,6,,6.0,0.0,4.0,17.0,2.0,15.0,21.0,1.0,16.0
2025-06-18,4,삼성,71,38,32,1,0.543,4.0,2025,6,,6.0,0.0,4.0,24.0,0.0,16.0,14.0,1.0,16.0
2025-06-18,5,KIA,70,36,33,1,0.522,5.5,2025,6,,6.0,0.0,4.0,21.0,1.0,14.0,15.0,0.0,19.0
2025-06-18,5,KT,72,36,33,3,0.522,5.5,2025,6,,5.0,0.0,5.0,20.0,1.0,18.0,16.0,2.0,15.0
2025-06-18,7,SSG,70,35,33,2,0.515,6.0,2025,6,,4.0,0.0,6.0,19.0,2.0,15.0,16.0,0.0,18.0
2025-06-18,8,NC,68,30,34,4,0.469,9.0,2025,6,,5.0,1.0,4.0,8.0,0.0,12.0,22.0,4.0,22.0
2025-06-18,9,두산,71,27,41,3,0.397,14.0,2025,6,,3.0,0.0,7.0,14.0,3.0,20.0,13.0,0.0,21.0
2025-06-18,10,키움,74,21,51,2,0.292,22.0,2025,6,,3.0,1.0,6.0,12.0,1.0,28.0,9.0,1.0,23.0
2025-06-19,1,한화,72,42,29,1,0.592,0.0,2025,6,,6.0,1.0,3.0,23.0,1.0,12.0,19.0,0.0,17.0
2025-06-19,2,LG,72,41,29,2,0.586,0.5,2025,6,,4.0,1.0,5.0,23.0,0.0,14.0,18.0,2.0,15.0
2025-06-19,3,롯데,73,39,31,3,0.557,2.5,2025,6,,7.0,0.0,3.0,18.0,2.0,15.0,21.0,1.0,16.0
2025-06-19,4,삼성,72,38,33,1,0.535,4.0,2025,6,,5.0,0.0,5.0,24.0,0.0,17.0,14.0,1.0,16.0
2025-06-19,5,KIA,71,37,33,1,0.529,4.5,2025,6,,7.0,0.0,3.0,22.0,1.0,14.0,15.0,0.0,19.0
2025-06-19,6,SSG,71,36,33,2,0.522,5.0,2025,6,,5.0,0.0,5.0,19.0,2.0,15.0,17.0,0.0,18.0
2025-06-19,7,KT,73,36,34,3,0.514,5.5,2025,6,,4.0,0.0,6.0,20.0,1.0,18.0,16.0,2.0,16.0
2025-06-19,8,NC,69,31,34,4,0.477,8.0,2025,6,,5.0,1.0,4.0,8.0,0.0,12.0,23.0,4.0,22.0
2025-06-19,9,두산,72,28,41,3,0.406,13.0,2025,6,,3.0,0.0,7.0,14.0,3.0,20.0,14.0,0.0,21.0
2025-06-19,10,키움,75,21,52,2,0.288,22.0,2025,6,,2.0,1.0,7.0,12.0,1.0,29.0,9.0,1.0,23.0
2025-06-20,1,한화,72,42,29,1,0.592,0.0,2025,6,,6.0,1.0,3.0,23.0,1.0,12.0,19.0,0.0,17.0
2025-06-20,2,LG,72,41,29,2,0.586,0.5,2025,6,,4.0,1.0,5.0,23.0,0.0,14.0,18.0,2.0,15.0
2025-06-20,3,롯데,74,40,31,3,0.563,2.0,2025,6,,7.0,0.0,3.0,19.0,2.0,15.0,21.0,1.0,16.0
2025-06-20,4,KIA,71,37,33,1,0.529,4.5,2025,6,,7.0,0.0,3.0,22.0,1.0,14.0,15.0,0.0,19.0
2025-06-20,5,삼성,73,38,34,1,0.528,4.5,2025,6,,5.0,0.0,5.0,24.0,0.0,17.0,14.0,1.0,17.0
2025-06-20,6,SSG,71,36,33,2,0.522,5.0,2025,6,,5.0,0.0,5.0,19.0,2.0,15.0,17.0,0.0,18.0
2025-06-20,7,KT,73,36,34,3,0.514,5.5,2025,6,,4.0,0.0,6.0,20.0,1.0,18.0,16.0,2.0,16.0
2025-06-20,8,NC,69,31,34,4,0.477,8.0,2025,6,,5.0,1.0,4.0,8.0,0.0,12.0,23.0,4.0,22.0
2025-06-20,9,두산,72,28,41,3,0.406,13.0,2025,6,,3.0,0.0,7.0,14.0,3.0,20.0,14.0,0.0,21.0
2025-06-20,10,키움,75,21,52,2,0.288,22.0,2025,6,,2.0,1.0,7.0,12.0,1.0,29.0,9.0,1.0,23.0
2025-06-21,1,한화,72,42,29,1,0.592,0.0,2025,6,,6.0,1.0,3.0,23.0,1.0,12.0,19.0,0.0,17.0
2025-06-21,2,LG,73,41,30,2,0.577,1.0,2025,6,,4.0,1.0,5.0,23.0,0.0,15.0,18.0,2.0,15.0
2025-06-21,3,롯데,74,40,31,3,0.563,2.0,2025,6,,7.0,0.0,3.0,19.0,2.0,15.0,21.0,1.0,16.0
2025-06-21,4,KIA,72,37,33,2,0.529,4.5,2025,6,,6.0,1.0,3.0,22.0,1.0,14.0,15.0,1.0,19.0
2025-06-21,5,삼성,73,38,34,1,0.528,4.5,2025,6,,5.0,0.0,5.0,24.0,0.0,17.0,14.0,1.0,17.0
2025-06-21,6,SSG,72,36,33,3,0.522,5.0,2025,6,,5.0,1.0,4.0,19.0,3.0,15.0,17.0,0.0,18.0
2025-06-21,7,KT,74,37,34,3,0.521,5.0,2025,6,,4.0,0.0,6.0,21.0,1.0,18.0,16.0,2.0,16.0
2025-06-21,8,NC,70,31,35,4,0.47,8.5,2025,6,,5.0,1.0,4.0,8.0,0.0,12.0,23.0,4.0,23.0
2025-06-21,9,두산,73,29,41,3,0.414,12.5,2025,6,,4.0,0.0,6.0,14.0,3.0,20.0,15.0,0.0,21.0
2025-06-21,10,키움,75,21,52,2,0.288,22.0,2025,6,,2.0,1.0,7.0,12.0,1.0,29.0,9.0,1.0,23.0
2025-06-22,1,한화,73,43,29,1,0.597,0.0,2025,6,,6.0,1.0,3.0,24.0,1.0,12.0,19.0,0.0,17.0
2025-06-22,2,LG,74,42,30,2,0.583,1.0,2025,6,,4.0,1.0,5.0,24.0,0.0,15.0,18.0,2.0,15.0
2025-06-22,3,롯데,75,41,31,3,0.569,2.0,2025,6,,7.0,0.0,3.0,20.0,2.0,15.0,21.0,1.0,16.0
2025-06-22,4,KIA,73,38,33,2,0.535,4.5,2025,6,,7.0,1.0,2.0,22.0,1.0,14.0,16.0,1.0,19.0
2025-06-22,5,삼성,74,38,35,1,0.521,5.5,2025,6,,4.0,0.0,6.0,24.0,0.0,17.0,14.0,1.0,18.0
2025-06-22,6,SSG,73,36,34,3,0.514,6.0,2025,6,,4.0,1.0,5.0,19.0,3.0,16.0,17.0,0.0,18.0
2025-06-22,7,KT,75,37,35,3,0.514,6.0,2025,6,,4.0,0.0,6.0,21.0,1.0,19.0,16.0,2.0,16.0
2025-06-22,8,NC,71,32,35,4,0.478,8.5,2025,6,,6.0,0.0,4.0,8.0,0.0,12.0,24.0,4.0,23.0
2025-06-22,9,두산,74,29,42,3,0.408,13.5,2025,6,,4.0,0.0,6.0,14.0,3.0,20.0,15.0,0.0,22.0
2025-06-22,10,키움,76,21,53,2,0.284,23.0,2025,6,,1.0,1.0,8.0,12.0,1.0,29.0,9.0,1.0,24.0
2025-06-24,1,한화,73,43,29,1,0.597,0.0,2025,6,,6.0,1.0,3.0,24.0,1.0,12.0,19.0,0.0,17.0
2025-06-24,2,LG,75,42,31,2,0.575,1.5,2025,6,,4.0,1.0,5.0,24.0,0.0,15.0,18.0,2.0,16.0
2025-06-24,3,롯데,75,41,31,3,0.569,2.0,2025,6,,7.0,0.0,3.0,20.0,2.0,15.0,21.0,1.0,16.0
2025-06-24,4,KIA,74,38,34,2,0.528,5.0,2025,6,,6.0,1.0,3.0,22.0,1.0,14.0,16.0,1.0,20.0
2025-06-24,5,삼성,74,38,35,1,0.521,5.5,2025,6,,4.0,0.0,6.0,24.0,0.0,17.0,14.0,1.0,18.0
2025-06-24,5,KT,76,38,35,3,0.521,5.5,2025,6,,4.0,0.0,6.0,22.0,1.0,19.0,16.0,2.0,16.0
2025-06-24,7,SSG,74,36,35,3,0.507,6.5,2025,6,,3.0,1.0,6.0,19.0,3.0,16.0,17.0,0.0,19.0
2025-06-24,8,NC,71,32,35,4,0.478,8.5,2025,6,,6.0,0.0,4.0,8.0,0.0,12.0,24.0,4.0,23.0
2025-06-24,9,두산,75,30,42,3,0.417,13.0,2025,6,,5.0,0.0,5.0,15.0,3.0,20.0,15.0,0.0,22.0
2025-06-24,10,키움,77,22,53,2,0.293,22.5,2025,6,,2.0,1.0,7.0,13.0,1.0,29.0,9.0,1.0,24.0
2025-06-25,1,한화,74,43,30,1,0.589,0.0,2025,6,,6.0,1.0,3.0,24.0,1.0,12.0,19.0,0.0,18.0
2025-06-25,2,LG,75,42,31,2,0.575,1.0,2025,6,,4.0,1.0,5.0,24.0,0.0,15.0,18.0,2.0,16.0
2025-06-25,3,롯데,76,41,32,3,0.562,2.0,2025,6,,7.0,0.0,3.0,20.0,2.0,15.0,21.0,1.0,17.0
2025-06-25,4,KIA,75,39,34,2,0.534,4.0,2025,6,,7.0,1.0,2.0,22.0,1.0,14.0,17.0,1.0,20.0
2025-06-25,5,삼성,75,39,35,1,0.527,4.5,2025,6,,4.0,0.0,6.0,25.0,0.0,17.0,14.0,1.0,18.0
2025-06-25,6,KT,76,38,35,3,0.521,5.0,2025,6,,4.0,0.0,6.0,22.0,1.0,19.0,16.0,2.0,16.0
2025-06-25,7,SSG,74,36,35,3,0.507,6.0,2025,6,,3.0,1.0,6.0,19.0,3.0,16.0,17.0,0.0,19.0
2025-06-25,8,NC,72,33,35,4,0.485,7.5,2025,6,,6.0,0.0,4.0,9.0,0.0,12.0,24.0,4.0,23.0
2025-06-25,9,두산,75,30,42,3,0.417,12.5,2025,6,,5.0,0.0,5.0,15.0,3.0,20.0,15.0,0.0,22.0
2025-06-25,10,키움,78,22,54,2,0.289,22.5,2025,6,,2.0,0.0,8.0,13.0,1.0,30.0,9.0,1.0,24.0
2025-06-26,1,한화,75,44,30,1,0.595,0.0,2025,6,,6.0,1.0,3.0,24.0,1.0,12.0,20.0,0.0,18.0
2025-06-26,2,LG,76,43,31,2,0.581,1.0,2025,6,,4.0,1.0,5.0,24.0,0.0,15.0,19.0,2.0,16.0
2025-06-26,3,롯데,77,42,32,3,0.568,2.0,2025,6,,7.0,0.0,3.0,20.0,2.0,15.0,22.0,1.0,17.0
2025-06-26,4,KIA,76,39,34,3,0.534,4.5,2025,6,,7.0,2.0,1.0,22.0,1.0,14.0,17.0,2.0,20.0
2025-06-26,5,삼성,76,39,36,1,0.52,5.5,2025,6,,4.0,0.0,6.0,25.0,0.0,18.0,14.0,1.0,18.0
2025-06-26,6,SSG,75,37,35,3,0.514,6.0,2025,6,,4.0,1.0,5.0,19.0,3.0,16.0,18.0,0.0,19.0
2025-06-26,7,KT,77,38,36,3,0.514,6.0,2025,6,,4.0,0.0,6.0,22.0,1.0,20.0,16.0,2.0,16.0
2025-06-26,8,NC,73,33,36,4,0.478,8.5,2025,6,,5.0,0.0,5.0,9.0,0.0,13.0,24.0,4.0,23.0
2025-06-26,9,두산,76,30,43,3,0.411,13.5,2025,6,,5.0,0.0,5.0,15.0,3.0,21.0,15.0,0.0,22.0
2025-06-26,10,키움,79,22,54,3,0.289,23.0,2025,6,,2.0,1.0,7.0,13.0,2.0,30.0,9.0,1.0,24.0
2025-06-27,1,LG,77,44,31,2,0.587,0.0,2025,6,,4.0,1.0,5.0,25.0,0.0,15.0,19.0,2.0,16.0
2025-06-27,1,한화,76,44,31,1,0.587,0.0,2025,6,,5.0,1.0,4.0,24.0,1.0,12.0,20.0,0.0,19.0
2025-06-27,3,롯데,78,42,33,3,0.56,2.0,2025,6,,6.0,0.0,4.0,20.0,2.0,16.0,22.0,1.0,17.0
2025-06-27,4,KIA,77,39,35,3,0.527,4.5,2025,6,,6.0,2.0,2.0,22.0,1.0,14.0,17.0,2.0,21.0
2025-06-27,5,SSG,76,38,35,3,0.521,5.0,2025,6,,5.0,1.0,4.0,20.0,3.0,16.0,18.0,0.0,19.0
2025-06-27,6,KT,78,39,36,3,0.52,5.0,2025,6,,5.0,0.0,5.0,22.0,1.0,20.0,17.0,2.0,16.0
2025-06-27,7,삼성,77,39,37,1,0.513,5.5,2025,6,,3.0,0.0,7.0,25.0,0.0,18.0,14.0,1.0,19.0
2025-06-27,8,NC,74,34,36,4,0.486,7.5,2025,6,,5.0,0.0,5.0,10.0,0.0,13.0,24.0,4.0,23.0
2025-06-27,9,두산,77,30,44,3,0.405,13.5,2025,6,,5.0,0.0,5.0,15.0,3.0,21.0,15.0,0.0,23.0
2025-06-27,10,키움,80,23,54,3,0.299,22.0,2025,6,,3.0,1.0,6.0,14.0,2.0,30.0,9.0,1.0,24.0
2025-06-28,1,한화,77,45,31,1,0.592,0.0,2025,6,,5.0,1.0,4.0,24.0,1.0,12.0,21.0,0.0,19.0
2025-06-28,2,LG,78,44,32,2,0.579,1.0,2025,6,,4.0,0.0,6.0,25.0,0.0,16.0,19.0,2.0,16.0
2025-06-28,3,롯데,79,42,34,3,0.553,3.0,2025,6,,5.0,0.0,5.0,20.0,2.0,17.0,22.0,1.0,17.0
2025-06-28,4,KIA,78,40,35,3,0.533,4.5,2025,6,,6.0,2.0,2.0,22.0,1.0,14.0,18.0,2.0,21.0
2025-06-28,5,KT,79,40,36,3,0.526,5.0,2025,6,,5.0,0.0,5.0,22.0,1.0,20.0,18.0,2.0,16.0
2025-06-28,6,SSG,77,38,36,3,0.514,6.0,2025,6,,5.0,1.0,4.0,20.0,3.0,17.0,18.0,0.0,19.0
2025-06-28,7,삼성,78,39,38,1,0.506,6.5,2025,6,,3.0,0.0,7.0,25.0,0.0,18.0,14.0,1.0,20.0
2025-06-28,8,NC,75,35,36,4,0.493,7.5,2025,6,,6.0,0.0,4.0,11.0,0.0,13.0,24.0,4.0,23.0
2025-06-28,9,두산,78,30,45,3,0.4,14.5,2025,6,,4.0,0.0,6.0,15.0,3.0,21.0,15.0,0.0,24.0
2025-06-28,10,키움,81,24,54,3,0.308,22.0,2025,6,,4.0,1.0,5.0,15.0,2.0,30.0,9.0,1.0,24.0
2025-06-29,1,한화,78,45,32,1,0.584,0.0,2025,6,,5.0,0.0,5.0,24.0,1.0,12.0,21.0,0.0,20.0
2025-06-29,2,LG,79,44,33,2,0.571,1.0,2025,6,,4.0,0.0,6.0,25.0,0.0,17.0,19.0,2.0,16.0
2025-06-29,3,롯데,80,43,34,3,0.558,2.0,2025,6,,6.0,0.0,4.0,21.0,2.0,17.0,22.0,1.0,17.0
2025-06-29,4,KIA,79,41,35,3,0.539,3.5,2025,6,,6.0,2.0,2.0,22.0,1.0,14.0,19.0,2.0,21.0
2025-06-29,5,SSG,78,39,36,3,0.52,5.0,2025,6,,5.0,1.0,4.0,21.0,3.0,17.0,18.0,0.0,19.0
2025-06-29,6,KT,80,40,37,3,0.519,5.0,2025,6,,4.0,0.0,6.0,22.0,1.0,20.0,18.0,2.0,17.0
2025-06-29,7,삼성,79,39,39,1,0.5,6.5,2025,6,,3.0,0.0,7.0,25.0,0.0,18.0,14.0,1.0,21.0
2025-06-29,8,NC,76,35,37,4,0.486,7.5,2025,6,,6.0,0.0,4.0,11.0,0.0,14.0,24.0,4.0,23.0
2025-06-29,9,두산,79,31,45,3,0.408,13.5,2025,6,,4.0,0.0,6.0,15.0,3.0,21.0,16.0,0.0,24.0
2025-06-29,10,키움,82,25,54,3,0.316,21.0,2025,6,,5.0,1.0,4.0,16.0,2.0,30.0,9.0,1.0,24.0
2025-07-01,1,한화,79,46,32,1,0.59,0.0,2025,7,,5.0,0.0,5.0,25.0,1.0,12.0,21.0,0.0,20.0
2025-07-01,2,LG,80,45,33,2,0.577,1.0,2025,7,,5.0,0.0,5.0,25.0,0.0,17.0,20.0,2.0,16.0
2025-07-01,3,롯데,81,43,35,3,0.551,3.0,2025,7,,6.0,0.0,4.0,21.0,2.0,18.0,22.0,1.0,17.0
2025-07-01,4,KIA,80,42,35,3,0.545,3.5,2025,7,,6.0,2.0,2.0,23.0,1.0,14.0,19.0,2.0,21.0
2025-07-01,5,SSG,79,39,37,3,0.513,6.0,2025,7,,4.0,1.0,5.0,21.0,3.0,17.0,18.0,0.0,20.0
2025-07-01,6,KT,81,40,38,3,0.513,6.0,2025,7,,4.0,0.0,6.0,22.0,1.0,21.0,18.0,2.0,17.0
2025-07-01,7,삼성,80,40,39,1,0.506,6.5,2025,7,,3.0,0.0,7.0,25.0,0.0,18.0,15.0,1.0,21.0
2025-07-01,8,NC,77,35,38,4,0.479,8.5,2025,7,,5.0,0.0,5.0,11.0,0.0,14.0,24.0,4.0,24.0
2025-07-01,9,두산,80,31,46,3,0.403,14.5,2025,7,,4.0,0.0,6.0,15.0,3.0,22.0,16.0,0.0,24.0
2025-07-01,10,키움,83,26,54,3,0.325,21.0,2025,7,,6.0,1.0,3.0,16.0,2.0,30.0,10.0,1.0,24.0
2025-07-02,1,한화,80,46,33,1,0.582,0.0,2025,7,,4.0,0.0,6.0,25.0,1.0,13.0,21.0,0.0,20.0
2025-07-02,2,LG,81,45,34,2,0.57,1.0,2025,7,,4.0,0.0,6.0,25.0,0.0,17.0,20.0,2.0,17.0
2025-07-02,3,롯데,82,44,35,3,0.557,2.0,2025,7,,6.0,0.0,4.0,22.0,2.0,18.0,22.0,1.0,17.0
2025-07-02,4,KIA,81,42,36,3,0.538,3.5,2025,7,,5.0,2.0,3.0,23.0,1.0,15.0,19.0,2.0,21.0
2025-07-02,5,SSG,80,40,37,3,0.519,5.0,2025,7,,5.0,1.0,4.0,21.0,3.0,17.0,19.0,0.0,20.0
2025-07-02,6,KT,82,41,38,3,0.519,5.0,2025,7,,5.0,0.0,5.0,23.0,1.0,21.0,18.0,2.0,17.0
2025-07-02,7,삼성,81,40,40,1,0.5,6.5,2025,7,,2.0,0.0,8.0,25.0,0.0,18.0,15.0,1.0,22.0
2025-07-02,8,NC,78,36,38,4,0.486,7.5,2025,7,,6.0,0.0,4.0,11.0,0.0,14.0,25.0,4.0,24.0
2025-07-02,9,두산,81,32,46,3,0.41,13.5,2025,7,,5.0,0.0,5.0,16.0,3.0,22.0,16.0,0.0,24.0
2025-07-02,10,키움,84,26,55,3,0.321,21.0,2025,7,,5.0,1.0,4.0,16.0,2.0,30.0,10.0,1.0,25.0
2025-07-03,1,한화,81,46,33,2,0.582,0.0,2025,7,,4.0,1.0,5.0,25.0,2.0,13.0,21.0,0.0,20.0
2025-07-03,2,LG,82,45,35,2,0.563,1.5,2025,7,,4.0,0.0,6.0,25.0,0.0,17.0,20.0,2.0,18.0
2025-07-03,2,롯데,83,45,35,3,0.563,1.5,2025,7,,6.0,0.0,4.0,23.0,2.0,18.0,22.0,1.0,17.0
2025-07-03,4,KIA,82,43,36,3,0.544,3.0,2025,7,,6.0,1.0,3.0,24.0,1.0,15.0,19.0,2.0,21.0
2025-07-03,5,KT,83,42,38,3,0.525,4.5,2025,7,,6.0,0.0,4.0,24.0,1.0,21.0,18.0,2.0,17.0
2025-07-03,6,SSG,81,40,38,3,0.513,5.5,2025,7,,4.0,1.0,5.0,21.0,3.0,17.0,19.0,0.0,21.0
2025-07-03,7,삼성,82,41,40,1,0.506,6.0,2025,7,,3.0,0.0,7.0,25.0,0.0,18.0,16.0,1.0,22.0
2025-07-03,8,NC,79,36,38,5,0.486,7.5,2025,7,,5.0,1.0,4.0,11.0,0.0,14.0,25.0,5.0,24.0
2025-07-03,9,두산,82,32,47,3,0.405,14.0,2025,7,,4.0,0.0,6.0,16.0,3.0,23.0,16.0,0.0,24.0
2025-07-03,10,키움,85,26,56,3,0.317,21.5,2025,7,,5.0,1.0,4.0,16.0,2.0,30.0,10.0,1.0,26.0
2025-07-04,1,한화,82,47,33,2,0.588,0.0,2025,7,,5.0,1.0,4.0,25.0,2.0,13.0,22.0,0.0,20.0
2025-07-04,2,LG,83,45,36,2,0.556,2.5,2025,7,,4.0,0.0,6.0,25.0,0.0,17.0,20.0,2.0,19.0
2025-07-04,2,롯데,84,45,36,3,0.556,2.5,2025,7,,5.0,0.0,5.0,23.0,2.0,18.0,22.0,1.0,18.0
2025-07-04,4,KIA,83,44,36,3,0.55,3.0,2025,7,,6.0,1.0,3.0,25.0,1.0,15.0,19.0,2.0,21.0
2025-07-04,5,KT,84,43,38,3,0.531,4.5,2025,7,,6.0,0.0,4.0,24.0,1.0,21.0,19.0,2.0,17.0
2025-07-04,6,SSG,82,41,38,3,0.519,5.5,2025,7,,5.0,0.0,5.0,21.0,3.0,17.0,20.0,0.0,21.0
2025-07-04,7,삼성,83,42,40,1,0.512,6.0,2025,7,,4.0,0.0,6.0,26.0,0.0,18.0,16.0,1.0,22.0
2025-07-04,8,NC,80,36,39,5,0.48,8.5,2025,7,,5.0,1.0,4.0,11.0,0.0,15.0,25.0,5.0,24.0
2025-07-04,9,두산,83,32,48,3,0.4,15.0,2025,7,,3.0,0.0,7.0,16.0,3.0,24.0,16.0,0.0,24.0
2025-07-04,10,키움,86,26,57,3,0.313,22.5,2025,7,,5.0,1.0,4.0,16.0,2.0,31.0,10.0,1.0,26.0
2025-07-05,1,한화,83,48,33,2,0.593,0.0,2025,7,,5.0,1.0,4.0,25.0,2.0,13.0,23.0,0.0,20.0
2025-07-05,2,KIA,84,45,36,3,0.556,3.0,2025,7,,7.0,1.0,2.0,26.0,1.0,15.0,19.0,2.0,21.0
2025-07-05,3,LG,84,45,37,2,0.549,3.5,2025,7,,3.0,0.0,7.0,25.0,0.0,17.0,20.0,2.0,20.0
2025-07-05,3,롯데,85,45,37,3,0.549,3.5,2025,7,,4.0,0.0,6.0,23.0,2.0,18.0,22.0,1.0,19.0
2025-07-05,5,SSG,83,42,38,3,0.525,5.5,2025,7,,6.0,0.0,4.0,21.0,3.0,17.0,21.0,0.0,21.0
2025-07-05,6,KT,85,43,39,3,0.524,5.5,2025,7,,6.0,0.0,4.0,24.0,1.0,21.0,19.0,2.0,18.0
2025-07-05,7,삼성,84,43,40,1,0.518,6.0,2025,7,,5.0,0.0,5.0,27.0,0.0,18.0,16.0,1.0,22.0
2025-07-05,8,NC,81,36,40,5,0.474,9.5,2025,7,,4.0,1.0,5.0,11.0,0.0,16.0,25.0,5.0,24.0
2025-07-05,9,두산,84,33,48,3,0.407,15.0,2025,7,,4.0,0.0,6.0,17.0,3.0,24.0,16.0,0.0,24.0
2025-07-05,10,키움,87,26,58,3,0.31,23.5,2025,7,,4.0,1.0,5.0,16.0,2.0,32.0,10.0,1.0,26.0
2025-07-06,1,한화,84,49,33,2,0.598,0.0,2025,7,,6.0,1.0,3.0,25.0,2.0,13.0,24.0,0.0,20.0
2025-07-06,2,LG,85,46,37,2,0.554,3.5,2025,7,,4.0,0.0,6.0,25.0,0.0,17.0,21.0,2.0,20.0
2025-07-06,2,롯데,86,46,37,3,0.554,3.5,2025,7,,5.0,0.0,5.0,23.0,2.0,18.0,23.0,1.0,19.0
2025-07-06,4,KIA,85,45,37,3,0.549,4.0,2025,7,,6.0,1.0,3.0,26.0,1.0,16.0,19.0,2.0,21.0
2025-07-06,5,SSG,84,42,39,3,0.519,6.5,2025,7,,6.0,0.0,4.0,21.0,3.0,17.0,21.0,0.0,22.0
2025-07-06,6,KT,86,43,40,3,0.518,6.5,2025,7,,5.0,0.0,5.0,24.0,1.0,21.0,19.0,2.0,19.0
2025-07-06,7,삼성,85,43,41,1,0.512,7.0,2025,7,,4.0,0.0,6.0,27.0,0.0,19.0,16.0,1.0,22.0
2025-07-06,8,NC,82,37,40,5,0.481,9.5,2025,7,,4.0,1.0,5.0,12.0,0.0,16.0,25.0,5.0,24.0
2025-07-06,9,두산,85,34,48,3,0.415,15.0,2025,7,,4.0,0.0,6.0,18.0,3.0,24.0,16.0,0.0,24.0
2025-07-06,10,키움,88,26,59,3,0.306,24.5,2025,7,,4.0,1.0,5.0,16.0,2.0,33.0,10.0,1.0,26.0
2025-07-08,1,한화,85,50,33,2,0.602,0.0,2025,7,,6.0,1.0,3.0,26.0,2.0,13.0,24.0,0.0,20.0
2025-07-08,2,LG,86,47,37,2,0.56,3.5,2025,7,,4.0,0.0,6.0,26.0,0.0,17.0,21.0,2.0,20.0
2025-07-08,3,롯데,87,46,38,3,0.548,4.5,2025,7,,4.0,0.0,6.0,23.0,2.0,19.0,23.0,1.0,19.0
2025-07-08,4,KIA,86,45,38,3,0.542,5.0,2025,7,,6.0,0.0,4.0,26.0,1.0,16.0,19.0,2.0,22.0
2025-07-08,5,SSG,85,43,39,3,0.524,6.5,2025,7,,6.0,0.0,4.0,22.0,3.0,17.0,21.0,0.0,22.0
2025-07-08,6,KT,87,43,41,3,0.512,7.5,2025,7,,5.0,0.0,5.0,24.0,1.0,21.0,19.0,2.0,20.0
2025-07-08,7,삼성,86,43,42,1,0.506,8.0,2025,7,,4.0,0.0,6.0,27.0,0.0,19.0,16.0,1.0,23.0
2025-07-08,8,NC,83,38,40,5,0.487,9.5,2025,7,,5.0,1.0,4.0,13.0,0.0,16.0,25.0,5.0,24.0
2025-07-08,9,두산,86,35,48,3,0.422,15.0,2025,7,,5.0,0.0,5.0,18.0,3.0,24.0,17.0,0.0,24.0
2025-07-08,10,키움,89,26,60,3,0.302,25.5,2025,7,,4.0,0.0,6.0,16.0,2.0,33.0,10.0,1.0,27.0
2025-07-09,1,한화,86,51,33,2,0.607,0.0,2025,7,,7.0,1.0,2.0,27.0,2.0,13.0,24.0,0.0,20.0
2025-07-09,2,LG,87,48,37,2,0.565,3.5,2025,7,,4.0,0.0,6.0,27.0,0.0,17.0,21.0,2.0,20.0
2025-07-09,3,롯데,88,47,38,3,0.553,4.5,2025,7,,5.0,0.0,5.0,24.0,2.0,19.0,23.0,1.0,19.0
2025-07-09,4,KIA,87,45,39,3,0.536,6.0,2025,7,,6.0,0.0,4.0,26.0,1.0,16.0,19.0,2.0,23.0
2025-07-09,5,SSG,86,43,40,3,0.518,7.5,2025,7,,5.0,0.0,5.0,22.0,3.0,18.0,21.0,0.0,22.0
2025-07-09,6,KT,88,44,41,3,0.518,7.5,2025,7,,5.0,0.0,5.0,24.0,1.0,21.0,20.0,2.0,20.0
2025-07-09,7,삼성,87,43,43,1,0.5,9.0,2025,7,,4.0,0.0,6.0,27.0,0.0,19.0,16.0,1.0,24.0
2025-07-09,8,NC,84,39,40,5,0.494,9.5,2025,7,,5.0,1.0,4.0,14.0,0.0,16.0,25.0,5.0,24.0
2025-07-09,9,두산,87,35,49,3,0.417,16.0,2025,7,,5.0,0.0,5.0,18.0,3.0,24.0,17.0,0.0,25.0
2025-07-09,10,키움,90,26,61,3,0.299,26.5,2025,7,,3.0,0.0,7.0,16.0,2.0,33.0,10.0,1.0,28.0
2025-07-10,1,한화,87,52,33,2,0.612,0.0,2025,7,,7.0,1.0,2.0,28.0,2.0,13.0,24.0,0.0,20.0
2025-07-10,2,LG,88,48,38,2,0.558,4.5,2025,7,,4.0,0.0,6.0,27.0,0.0,18.0,21.0,2.0,20.0
2025-07-10,3,롯데,89,47,39,3,0.547,5.5,2025,7,,5.0,0.0,5.0,24.0,2.0,20.0,23.0,1.0,19.0
2025-07-10,4,KIA,88,45,40,3,0.529,7.0,2025,7,,5.0,0.0,5.0,26.0,1.0,16.0,19.0,2.0,24.0
2025-07-10,5,KT,89,45,41,3,0.523,7.5,2025,7,,5.0,0.0,5.0,24.0,1.0,21.0,21.0,2.0,20.0
2025-07-10,6,SSG,87,43,41,3,0.512,8.5,2025,7,,5.0,0.0,5.0,22.0,3.0,19.0,21.0,0.0,22.0
2025-07-10,7,NC,85,40,40,5,0.5,9.5,2025,7,,5.0,1.0,4.0,15.0,0.0,16.0,25.0,5.0,24.0
2025-07-10,8,삼성,88,43,44,1,0.494,10.0,2025,7,,4.0,0.0,6.0,27.0,0.0,19.0,16.0,1.0,25.0
2025-07-10,9,두산,88,36,49,3,0.424,16.0,2025,7,,6.0,0.0,4.0,18.0,3.0,24.0,18.0,0.0,25.0
2025-07-10,10,키움,91,27,61,3,0.307,26.5,2025,7,,3.0,0.0,7.0,16.0,2.0,33.0,11.0,1.0,28.0
2025-07-18,1,한화,88,53,33,2,0.616,0.0,2025,7,,8.0,1.0,1.0,28.0,2.0,13.0,25.0,0.0,20.0
2025-07-18,2,LG,89,49,38,2,0.563,4.5,2025,7,,5.0,0.0,5.0,28.0,0.0,18.0,21.0,2.0,20.0
2025-07-18,3,롯데,90,47,40,3,0.54,6.5,2025,7,,4.0,0.0,6.0,24.0,2.0,20.0,23.0,1.0,20.0
2025-07-18,4,KIA,88,45,40,3,0.529,7.5,2025,7,,5.0,0.0,5.0,26.0,1.0,16.0,19.0,2.0,24.0
2025-07-18,5,KT,90,45,42,3,0.517,8.5,2025,7,,5.0,0.0,5.0,24.0,1.0,22.0,21.0,2.0,20.0
2025-07-18,6,SSG,87,43,41,3,0.512,9.0,2025,7,,5.0,0.0,5.0,22.0,3.0,19.0,21.0,0.0,22.0
2025-07-18,7,NC,85,40,40,5,0.5,10.0,2025,7,,5.0,1.0,4.0,15.0,0.0,16.0,25.0,5.0,24.0
2025-07-18,8,삼성,88,43,44,1,0.494,10.5,2025,7,,4.0,0.0,6.0,27.0,0.0,19.0,16.0,1.0,25.0
2025-07-18,9,두산,88,36,49,3,0.424,16.5,2025,7,,6.0,0.0,4.0,18.0,3.0,24.0,18.0,0.0,25.0
2025-07-18,10,키움,91,27,61,3,0.307,27.0,2025,7,,3.0,0.0,7.0,16.0,2.0,33.0,11.0,1.0,28.0
2025-07-19,1,한화,89,54,33,2,0.621,0.0,2025,7,,8.0,1.0,1.0,28.0,2.0,13.0,26.0,0.0,20.0
2025-07-19,2,LG,90,49,39,2,0.557,5.5,2025,7,,4.0,0.0,6.0,28.0,0.0,19.0,21.0,2.0,20.0
2025-07-19,3,롯데,91,48,40,3,0.545,6.5,2025,7,,5.0,0.0,5.0,24.0,2.0,20.0,24.0,1.0,20.0
2025-07-19,4,KIA,88,45,40,3,0.529,8.0,2025,7,,5.0,0.0,5.0,26.0,1.0,16.0,19.0,2.0,24.0
2025-07-19,5,KT,91,45,43,3,0.511,9.5,2025,7,,5.0,0.0,5.0,24.0,1.0,23.0,21.0,2.0,20.0
2025-07-19,6,SSG,88,43,42,3,0.506,10.0,2025,7,,4.0,0.0,6.0,22.0,3.0,20.0,21.0,0.0,22.0
2025-07-19,7,NC,85,40,40,5,0.5,10.5,2025,7,,5.0,1.0,4.0,15.0,0.0,16.0,25.0,5.0,24.0
2025-07-19,8,삼성,88,43,44,1,0.494,11.0,2025,7,,4.0,0.0,6.0,27.0,0.0,19.0,16.0,1.0,25.0
2025-07-19,9,두산,89,37,49,3,0.43,16.5,2025,7,,6.0,0.0,4.0,18.0,3.0,24.0,19.0,0.0,25.0
2025-07-19,10,키움,91,27,61,3,0.307,27.5,2025,7,,3.0,0.0,7.0,16.0,2.0,33.0,11.0,1.0,28.0
2025-07-20,1,한화,90,55,33,2,0.625,0.0,2025,7,,9.0,1.0,0.0,28.0,2.0,13.0,27.0,0.0,20.0
2025-07-20,2,LG,91,50,39,2,0.562,5.5,2025,7,,5.0,0.0,5.0,29.0,0.0,19.0,21.0,2.0,20.0
2025-07-20,3,롯데,92,48,41,3,0.539,7.5,2025,7,,4.0,0.0,6.0,24.0,2.0,20.0,24.0,1.0,21.0
2025-07-20,4,KIA,89,46,40,3,0.535,8.0,2025,7,,5.0,0.0,5.0,27.0,1.0,16.0,19.0,2.0,24.0
2025-07-20,5,KT,92,45,44,3,0.506,10.5,2025,7,,4.0,0.0,6.0,24.0,1.0,24.0,21.0,2.0,20.0
2025-07-20,6,삼성,89,44,44,1,0.5,11.0,2025,7,,5.0,0.0,5.0,28.0,0.0,19.0,16.0,1.0,25.0
2025-07-20,6,SSG,89,43,43,3,0.5,11.0,2025,7,,4.0,0.0,6.0,22.0,3.0,21.0,21.0,0.0,22.0
2025-07-20,8,NC,86,40,41,5,0.494,11.5,2025,7,,5.0,1.0,4.0,15.0,0.0,16.0,25.0,5.0,25.0
2025-07-20,9,두산,90,38,49,3,0.437,16.5,2025,7,,7.0,0.0,3.0,18.0,3.0,24.0,20.0,0.0,25.0
2025-07-20,10,키움,92,27,62,3,0.303,28.5,2025,7,,2.0,0.0,8.0,16.0,2.0,33.0,11.0,1.0,29.0
2025-07-22,1,한화,91,56,33,2,0.629,0.0,2025,7,,10.0,0.0,0.0,28.0,2.0,13.0,28.0,0.0,20.0
2025-07-22,2,LG,92,51,39,2,0.567,5.5,2025,7,,6.0,0.0,4.0,29.0,0.0,19.0,22.0,2.0,20.0
2025-07-22,3,롯데,93,48,42,3,0.533,8.5,2025,7,,3.0,0.0,7.0,24.0,2.0,20.0,24.0,1.0,22.0
2025-07-22,4,KIA,90,46,41,3,0.529,9.0,2025,7,,4.0,0.0,6.0,27.0,1.0,17.0,19.0,2.0,24.0
2025-07-22,5,KT,93,46,44,3,0.511,10.5,2025,7,,4.0,0.0,6.0,24.0,1.0,24.0,22.0,2.0,20.0
2025-07-22,6,삼성,90,45,44,1,0.506,11.0,2025,7,,5.0,0.0,5.0,29.0,0.0,19.0,16.0,1.0,25.0
2025-07-22,7,SSG,90,43,44,3,0.494,12.0,2025,7,,3.0,0.0,7.0,22.0,3.0,21.0,21.0,0.0,23.0
2025-07-22,8,NC,87,40,42,5,0.488,12.5,2025,7,,5.0,1.0,4.0,15.0,0.0,17.0,25.0,5.0,25.0
2025-07-22,9,두산,91,38,50,3,0.432,17.5,2025,7,,6.0,0.0,4.0,18.0,3.0,25.0,20.0,0.0,25.0
2025-07-22,10,키움,93,28,62,3,0.311,28.5,2025,7,,2.0,0.0,8.0,17.0,2.0,33.0,11.0,1.0,29.0
2025-07-23,1,한화,92,56,34,2,0.622,0.0,2025,7,,9.0,0.0,1.0,28.0,2.0,13.0,28.0,0.0,21.0
2025-07-23,2,LG,93,52,39,2,0.571,4.5,2025,7,,7.0,0.0,3.0,29.0,0.0,19.0,23.0,2.0,20.0
2025-07-23,3,롯데,94,49,42,3,0.538,7.5,2025,7,,4.0,0.0,6.0,24.0,2.0,20.0,25.0,1.0,22.0
2025-07-23,4,KIA,91,46,42,3,0.523,9.0,2025,7,,4.0,0.0,6.0,27.0,1.0,18.0,19.0,2.0,24.0
2025-07-23,5,KT,94,47,44,3,0.516,9.5,2025,7,,4.0,0.0,6.0,24.0,1.0,24.0,23.0,2.0,20.0
2025-07-23,6,삼성,91,46,44,1,0.511,10.0,2025,7,,6.0,0.0,4.0,30.0,0.0,19.0,16.0,1.0,25.0
2025-07-23,7,SSG,91,43,45,3,0.489,12.0,2025,7,,3.0,0.0,7.0,22.0,3.0,21.0,21.0,0.0,24.0
2025-07-23,8,NC,88,40,43,5,0.482,12.5,2025,7,,4.0,1.0,5.0,15.0,0.0,18.0,25.0,5.0,25.0
2025-07-23,9,두산,92,39,50,3,0.438,16.5,2025,7,,7.0,0.0,3.0,19.0,3.0,25.0,20.0,0.0,25.0
2025-07-23,10,키움,94,28,63,3,0.308,28.5,2025,7,,2.0,0.0,8.0,17.0,2.0,34.0,11.0,1.0,29.0
2025-07-24,1,한화,93,56,34,3,0.622,0.0,2025,7,,8.0,1.0,1.0,28.0,2.0,13.0,28.0,1.0,21.0
2025-07-24,2,LG,94,53,39,2,0.576,4.0,2025,7,,8.0,0.0,2.0,29.0,0.0,19.0,24.0,2.0,20.0
2025-07-24,3,롯데,95,50,42,3,0.543,7.0,2025,7,,5.0,0.0,5.0,24.0,2.0,20.0,26.0,1.0,22.0
2025-07-24,4,KT,95,48,44,3,0.522,9.0,2025,7,,5.0,0.0,5.0,24.0,1.0,24.0,24.0,2.0,20.0
2025-07-24,5,KIA,92,46,43,3,0.517,9.5,2025,7,,3.0,0.0,7.0,27.0,1.0,19.0,19.0,2.0,24.0
2025-07-24,6,삼성,92,46,45,1,0.505,10.5,2025,7,,5.0,0.0,5.0,30.0,0.0,20.0,16.0,1.0,25.0
2025-07-24,7,SSG,92,44,45,3,0.494,11.5,2025,7,,3.0,0.0,7.0,22.0,3.0,21.0,22.0,0.0,24.0
2025-07-24,8,NC,89,40,44,5,0.476,13.0,2025,7,,4.0,0.0,6.0,15.0,0.0,19.0,25.0,5.0,25.0
2025-07-24,9,두산,93,39,50,4,0.438,16.5,2025,7,,7.0,1.0,2.0,19.0,4.0,25.0,20.0,0.0,25.0
2025-07-24,10,키움,95,28,64,3,0.304,29.0,2025,7,,2.0,0.0,8.0,17.0,2.0,35.0,11.0,1.0,29.0
2025-07-25,1,한화,94,57,34,3,0.626,0.0,2025,7,,8.0,1.0,1.0,29.0,2.0,13.0,28.0,1.0,21.0
2025-07-25,2,LG,95,54,39,2,0.581,4.0,2025,7,,8.0,0.0,2.0,29.0,0.0,19.0,25.0,2.0,20.0
2025-07-25,3,롯데,96,51,42,3,0.548,7.0,2025,7,,5.0,0.0,5.0,25.0,2.0,20.0,26.0,1.0,22.0
2025-07-25,4,KT,96,49,44,3,0.527,9.0,2025,7,,6.0,0.0,4.0,25.0,1.0,24.0,24.0,2.0,20.0
2025-07-25,5,KIA,93,46,44,3,0.511,10.5,2025,7,,2.0,0.0,8.0,27.0,1.0,19.0,19.0,2.0,25.0
2025-07-25,6,삼성,93,46,46,1,0.5,11.5,2025,7,,4.0,0.0,6.0,30.0,0.0,20.0,16.0,1.0,26.0
2025-07-25,7,SSG,93,44,46,3,0.489,12.5,2025,7,,2.0,0.0,8.0,22.0,3.0,21.0,22.0,0.0,25.0
2025-07-25,8,NC,90,41,44,5,0.482,13.0,2025,7,,5.0,0.0,5.0,16.0,0.0,19.0,25.0,5.0,25.0
2025-07-25,9,두산,94,39,51,4,0.433,17.5,2025,7,,6.0,1.0,3.0,19.0,4.0,26.0,20.0,0.0,25.0
2025-07-25,10,키움,96,28,65,3,0.301,30.0,2025,7,,2.0,0.0,8.0,17.0,2.0,35.0,11.0,1.0,30.0
2025-07-26,1,한화,95,57,35,3,0.62,0.0,2025,7,,7.0,1.0,2.0,29.0,2.0,14.0,28.0,1.0,21.0
2025-07-26,2,LG,96,55,39,2,0.585,3.0,2025,7,,8.0,0.0,2.0,29.0,0.0,19.0,26.0,2.0,20.0
2025-07-26,3,롯데,97,52,42,3,0.553,6.0,2025,7,,6.0,0.0,4.0,26.0,2.0,20.0,26.0,1.0,22.0
2025-07-26,4,KT,97,49,45,3,0.521,9.0,2025,7,,6.0,0.0,4.0,25.0,1.0,25.0,24.0,2.0,20.0
2025-07-26,5,KIA,94,46,45,3,0.505,10.5,2025,7,,1.0,0.0,9.0,27.0,1.0,19.0,19.0,2.0,26.0
2025-07-26,6,삼성,94,47,46,1,0.505,10.5,2025,7,,4.0,0.0,6.0,30.0,0.0,20.0,17.0,1.0,26.0
2025-07-26,7,SSG,94,45,46,3,0.495,11.5,2025,7,,3.0,0.0,7.0,22.0,3.0,21.0,23.0,0.0,25.0
2025-07-26,8,NC,91,42,44,5,0.488,12.0,2025,7,,6.0,0.0,4.0,17.0,0.0,19.0,25.0,5.0,25.0
2025-07-26,9,두산,95,39,52,4,0.429,17.5,2025,7,,5.0,1.0,4.0,19.0,4.0,27.0,20.0,0.0,25.0
2025-07-26,10,키움,97,28,66,3,0.298,30.0,2025,7,,2.0,0.0,8.0,17.0,2.0,35.0,11.0,1.0,31.0
2025-07-27,1,한화,96,57,36,3,0.613,0.0,2025,7,,6.0,1.0,3.0,29.0,2.0,15.0,28.0,1.0,21.0
2025-07-27,2,LG,97,55,40,2,0.579,3.0,2025,7,,7.0,0.0,3.0,29.0,0.0,19.0,26.0,2.0,21.0
2025-07-27,3,롯데,98,53,42,3,0.558,5.0,2025,7,,6.0,0.0,4.0,27.0,2.0,20.0,26.0,1.0,22.0
2025-07-27,4,KT,98,50,45,3,0.526,8.0,2025,7,,6.0,0.0,4.0,26.0,1.0,25.0,24.0,2.0,20.0
2025-07-27,5,KIA,95,46,46,3,0.5,10.5,2025,7,,1.0,0.0,9.0,27.0,1.0,19.0,19.0,2.0,27.0
2025-07-27,5,삼성,95,47,47,1,0.5,10.5,2025,7,,4.0,0.0,6.0,30.0,0.0,20.0,17.0,1.0,27.0
2025-07-27,5,SSG,95,46,46,3,0.5,10.5,2025,7,,3.0,0.0,7.0,22.0,3.0,21.0,24.0,0.0,25.0
2025-07-27,8,NC,92,43,44,5,0.494,11.0,2025,7,,6.0,0.0,4.0,18.0,0.0,19.0,25.0,5.0,25.0
2025-07-27,9,두산,96,40,52,4,0.435,16.5,2025,7,,5.0,1.0,4.0,20.0,4.0,27.0,20.0,0.0,25.0
2025-07-27,10,키움,98,28,67,3,0.295,30.0,2025,7,,2.0,0.0,8.0,17.0,2.0,35.0,11.0,1.0,32.0
2025-07-29,1,한화,97,57,37,3,0.606,0.0,2025,7,,5.0,1.0,4.0,29.0,2.0,16.0,28.0,1.0,21.0
2025-07-29,2,LG,98,56,40,2,0.583,2.0,2025,7,,8.0,0.0,2.0,30.0,0.0,19.0,26.0,2.0,21.0
2025-07-29,3,롯데,99,54,42,3,0.563,4.0,2025,7,,7.0,0.0,3.0,28.0,2.0,20.0,26.0,1.0,22.0
2025-07-29,4,KT,99,50,46,3,0.521,8.0,2025,7,,5.0,0.0,5.0,26.0,1.0,25.0,24.0,2.0,21.0
2025-07-29,5,SSG,96,47,46,3,0.505,9.5,2025,7,,4.0,0.0,6.0,23.0,3.0,21.0,24.0,0.0,25.0
2025-07-29,6,삼성,96,48,47,1,0.505,9.5,2025,7,,5.0,0.0,5.0,30.0,0.0,20.0,18.0,1.0,27.0
2025-07-29,7,KIA,96,46,47,3,0.495,10.5,2025,7,,1.0,0.0,9.0,27.0,1.0,20.0,19.0,2.0,27.0
2025-07-29,8,NC,93,43,45,5,0.489,11.0,2025,7,,5.0,0.0,5.0,18.0,0.0,19.0,25.0,5.0,26.0
2025-07-29,9,두산,97,41,52,4,0.441,15.5,2025,7,,6.0,1.0,3.0,20.0,4.0,27.0,21.0,0.0,25.0
2025-07-29,10,키움,99,28,68,3,0.292,30.0,2025,7,,2.0,0.0,8.0,17.0,2.0,35.0,11.0,1.0,33.0
2025-07-30,1,한화,98,58,37,3,0.611,0.0,2025,7,,5.0,1.0,4.0,30.0,2.0,16.0,28.0,1.0,21.0
2025-07-30,2,LG,99,57,40,2,0.588,2.0,2025,7,,8.0,0.0,2.0,31.0,0.0,19.0,26.0,2.0,21.0
2025-07-30,3,롯데,100,54,43,3,0.557,5.0,2025,7,,7.0,0.0,3.0,28.0,2.0,21.0,26.0,1.0,22.0
2025-07-30,4,KT,100,50,47,3,0.515,9.0,2025,7,,5.0,0.0,5.0,26.0,1.0,25.0,24.0,2.0,22.0
2025-07-30,5,SSG,97,47,46,4,0.505,10.0,2025,7,,4.0,1.0,5.0,23.0,4.0,21.0,24.0,0.0,25.0
2025-07-30,6,삼성,97,48,48,1,0.5,10.5,2025,7,,5.0,0.0,5.0,30.0,0.0,20.0,18.0,1.0,28.0
2025-07-30,7,KIA,97,46,47,4,0.495,11.0,2025,7,,1.0,1.0,8.0,27.0,2.0,20.0,19.0,2.0,27.0
2025-07-30,8,NC,94,44,45,5,0.494,11.0,2025,7,,5.0,0.0,5.0,18.0,0.0,19.0,26.0,5.0,26.0
2025-07-30,9,두산,98,41,52,5,0.441,16.0,2025,7,,5.0,2.0,3.0,20.0,4.0,27.0,21.0,1.0,25.0
2025-07-30,10,키움,100,28,68,4,0.292,30.5,2025,7,,2.0,1.0,7.0,17.0,2.0,35.0,11.0,2.0,33.0
2025-07-31,1,한화,99,59,37,3,0.615,0.0,2025,7,,5.0,1.0,4.0,31.0,2.0,16.0,28.0,1.0,21.0
2025-07-31,2,LG,100,58,40,2,0.592,2.0,2025,7,,9.0,0.0,1.0,32.0,0.0,19.0,26.0,2.0,21.0
2025-07-31,3,롯데,101,55,43,3,0.561,5.0,2025,7,,7.0,0.0,3.0,29.0,2.0,21.0,26.0,1.0,22.0
2025-07-31,4,SSG,98,48,46,4,0.511,10.0,2025,7,,5.0,1.0,4.0,24.0,4.0,21.0,24.0,0.0,25.0
2025-07-31,5,KT,101,50,48,3,0.51,10.0,2025,7,,5.0,0.0,5.0,26.0,1.0,25.0,24.0,2.0,23.0
2025-07-31,6,KIA,98,47,47,4,0.5,11.0,2025,7,,2.0,1.0,7.0,28.0,2.0,20.0,19.0,2.0,27.0
2025-07-31,7,삼성,98,48,49,1,0.495,11.5,2025,7,,5.0,0.0,5.0,30.0,0.0,20.0,18.0,1.0,29.0
2025-07-31,8,NC,95,44,46,5,0.489,12.0,2025,7,,4.0,0.0,6.0,18.0,0.0,19.0,26.0,5.0,27.0
2025-07-31,9,두산,99,41,53,5,0.436,17.0,2025,7,,4.0,2.0,4.0,20.0,4.0,27.0,21.0,1.0,26.0
2025-07-31,10,키움,101,28,69,4,0.289,31.5,2025,7,,1.0,1.0,8.0,17.0,2.0,35.0,11.0,2.0,34.0
2025-08-01,1,한화,100,59,38,3,0.608,0.0,2025,8,,4.0,1.0,5.0,31.0,2.0,16.0,28.0,1.0,22.0
2025-08-01,2,LG,101,59,40,2,0.596,1.0,2025,8,,9.0,0.0,1.0,32.0,0.0,19.0,27.0,2.0,21.0
2025-08-01,3,롯데,102,55,44,3,0.556,5.0,2025,8,,7.0,0.0,3.0,29.0,2.0,21.0,26.0,1.0,23.0
2025-08-01,4,SSG,99,49,46,4,0.516,9.0,2025,8,,6.0,1.0,3.0,24.0,4.0,21.0,25.0,0.0,25.0
2025-08-01,5,KIA,99,48,47,4,0.505,10.0,2025,8,,2.0,1.0,7.0,29.0,2.0,20.0,19.0,2.0,27.0
2025-08-01,6,KT,102,50,49,3,0.505,10.0,2025,8,,5.0,0.0,5.0,26.0,1.0,25.0,24.0,2.0,24.0
2025-08-01,7,NC,96,45,46,5,0.495,11.0,2025,8,,5.0,0.0,5.0,19.0,0.0,19.0,26.0,5.0,27.0
2025-08-01,8,삼성,99,48,50,1,0.49,11.5,2025,8,,4.0,0.0,6.0,30.0,0.0,21.0,18.0,1.0,29.0
2025-08-01,9,두산,100,41,54,5,0.432,17.0,2025,8,,3.0,2.0,5.0,20.0,4.0,28.0,21.0,1.0,26.0
2025-08-01,10,키움,102,29,69,4,0.296,30.5,2025,8,,2.0,1.0,7.0,18.0,2.0,35.0,11.0,2.0,34.0
2025-08-02,1,한화,100,59,38,3,0.608,0.0,2025,8,,4.0,1.0,5.0,31.0,2.0,16.0,28.0,1.0,22.0
2025-08-02,2,LG,102,60,40,2,0.6,0.5,2025,8,,9.0,0.0,1.0,32.0,0.0,19.0,28.0,2.0,21.0
2025-08-02,3,롯데,103,56,44,3,0.56,4.5,2025,8,,8.0,0.0,2.0,29.0,2.0,21.0,27.0,1.0,23.0
2025-08-02,4,SSG,100,49,47,4,0.51,9.5,2025,8,,6.0,1.0,3.0,24.0,4.0,21.0,25.0,0.0,26.0
2025-08-02,5,KIA,99,48,47,4,0.505,10.0,2025,8,,2.0,1.0,7.0,29.0,2.0,20.0,19.0,2.0,27.0
2025-08-02,6,KT,103,50,50,3,0.5,10.5,2025,8,,4.0,0.0,6.0,26.0,1.0,25.0,24.0,2.0,25.0
2025-08-02,6,NC,97,46,46,5,0.5,10.5,2025,8,,6.0,0.0,4.0,20.0,0.0,19.0,26.0,5.0,27.0
2025-08-02,8,삼성,100,48,51,1,0.485,12.0,2025,8,,3.0,0.0,7.0,30.0,0.0,22.0,18.0,1.0,29.0
2025-08-02,9,두산,101,42,54,5,0.438,16.5,2025,8,,4.0,2.0,4.0,21.0,4.0,28.0,21.0,1.0,26.0
2025-08-02,10,키움,103,29,70,4,0.293,31.0,2025,8,,1.0,1.0,8.0,18.0,2.0,36.0,11.0,2.0,34.0
2025-08-03,1,한화,100,59,38,3,0.608,0.0,2025,8,,4.0,1.0,5.0,31.0,2.0,16.0,28.0,1.0,22.0
2025-08-03,2,LG,103,61,40,2,0.604,0.0,2025,8,,9.0,0.0,1.0,32.0,0.0,19.0,29.0,2.0,21.0
2025-08-03,3,롯데,104,57,44,3,0.564,4.0,2025,8,,8.0,0.0,2.0,29.0,2.0,21.0,28.0,1.0,23.0
2025-08-03,4,SSG,101,50,47,4,0.515,9.0,2025,8,,7.0,1.0,2.0,24.0,4.0,21.0,26.0,0.0,26.0
2025-08-03,5,KIA,99,48,47,4,0.505,10.0,2025,8,,2.0,1.0,7.0,29.0,2.0,20.0,19.0,2.0,27.0
2025-08-03,6,KT,104,50,50,4,0.5,10.5,2025,8,,3.0,1.0,6.0,26.0,1.0,25.0,24.0,3.0,25.0
2025-08-03,6,NC,98,46,46,6,0.5,10.5,2025,8,,6.0,1.0,3.0,20.0,1.0,19.0,26.0,5.0,27.0
2025-08-03,8,삼성,101,48,52,1,0.48,12.5,2025,8,,2.0,0.0,8.0,30.0,0.0,23.0,18.0,1.0,29.0
2025-08-03,9,두산,102,42,55,5,0.433,17.0,2025,8,,3.0,2.0,5.0,21.0,4.0,29.0,21.0,1.0,26.0
2025-08-03,10,키움,104,29,71,4,0.29,31.5,2025,8,,1.0,1.0,8.0,18.0,2.0,37.0,11.0,2.0,34.0
2025-08-05,1,LG,104,62,40,2,0.608,0.0,2025,8,,9.0,0.0,1.0,33.0,0.0,19.0,29.0,2.0,21.0
2025-08-05,2,한화,101,59,39,3,0.602,1.0,2025,8,,3.0,1.0,6.0,31.0,2.0,17.0,28.0,1.0,22.0
2025-08-05,3,롯데,105,57,45,3,0.559,5.0,2025,8,,7.0,0.0,3.0,29.0,2.0,22.0,28.0,1.0,23.0
2025-08-05,4,KIA,100,49,47,4,0.51,10.0,2025,8,,3.0,1.0,6.0,29.0,2.0,20.0,20.0,2.0,27.0
2025-08-05,5,SSG,102,50,48,4,0.51,10.0,2025,8,,6.0,1.0,3.0,24.0,4.0,22.0,26.0,0.0,26.0
2025-08-05,6,KT,105,51,50,4,0.505,10.5,2025,8,,3.0,1.0,6.0,26.0,1.0,25.0,25.0,3.0,25.0
2025-08-05,7,NC,99,46,47,6,0.495,11.5,2025,8,,6.0,1.0,3.0,20.0,1.0,20.0,26.0,5.0,27.0
2025-08-05,8,삼성,102,49,52,1,0.485,12.5,2025,8,,3.0,0.0,7.0,30.0,0.0,23.0,19.0,1.0,29.0
2025-08-05,9,두산,103,42,56,5,0.429,18.0,2025,8,,3.0,1.0,6.0,21.0,4.0,29.0,21.0,1.0,27.0
2025-08-05,10,키움,105,30,71,4,0.297,31.5,2025,8,,2.0,1.0,7.0,18.0,2.0,37.0,12.0,2.0,34.0
2025-08-06,1,한화,102,60,39,3,0.606,0.0,2025,8,,4.0,1.0,5.0,32.0,2.0,17.0,28.0,1.0,22.0
2025-08-06,2,LG,105,62,41,2,0.602,0.0,2025,8,,8.0,0.0,2.0,33.0,0.0,20.0,29.0,2.0,21.0
2025-08-06,3,롯데,106,58,45,3,0.563,4.0,2025,8,,7.0,0.0,3.0,30.0,2.0,22.0,28.0,1.0,23.0
2025-08-06,4,SSG,103,51,48,4,0.515,9.0,2025,8,,7.0,1.0,2.0,25.0,4.0,22.0,26.0,0.0,26.0
2025-08-06,5,KIA,101,49,48,4,0.505,10.0,2025,8,,3.0,1.0,6.0,29.0,2.0,20.0,20.0,2.0,28.0
2025-08-06,6,KT,106,51,51,4,0.5,10.5,2025,8,,2.0,1.0,7.0,26.0,1.0,25.0,25.0,3.0,26.0
2025-08-06,7,NC,100,46,48,6,0.489,11.5,2025,8,,5.0,1.0,4.0,20.0,1.0,21.0,26.0,5.0,27.0
2025-08-06,8,삼성,103,49,53,1,0.48,12.5,2025,8,,3.0,0.0,7.0,30.0,0.0,23.0,19.0,1.0,30.0
2025-08-06,9,두산,104,43,56,5,0.434,17.0,2025,8,,4.0,1.0,5.0,21.0,4.0,29.0,22.0,1.0,27.0
2025-08-06,10,키움,106,31,71,4,0.304,30.5,2025,8,,3.0,1.0,6.0,18.0,2.0,37.0,13.0,2.0,34.0
2025-08-07,1,LG,106,63,41,2,0.606,0.0,2025,8,,8.0,0.0,2.0,34.0,0.0,20.0,29.0,2.0,21.0
2025-08-07,2,한화,103,60,40,3,0.6,1.0,2025,8,,4.0,0.0,6.0,32.0,2.0,18.0,28.0,1.0,22.0
2025-08-07,3,롯데,107,58,46,3,0.558,5.0,2025,8,,6.0,0.0,4.0,30.0,2.0,23.0,28.0,1.0,23.0
2025-08-07,4,KIA,102,50,48,4,0.51,10.0,2025,8,,4.0,1.0,5.0,29.0,2.0,20.0,21.0,2.0,28.0
2025-08-07,5,SSG,104,51,49,4,0.51,10.0,2025,8,,6.0,1.0,3.0,25.0,4.0,23.0,26.0,0.0,26.0
2025-08-07,6,KT,107,52,51,4,0.505,10.5,2025,8,,3.0,1.0,6.0,26.0,1.0,25.0,26.0,3.0,26.0
2025-08-07,7,삼성,104,50,53,1,0.485,12.5,2025,8,,3.0,0.0,7.0,30.0,0.0,23.0,20.0,1.0,30.0
2025-08-07,8,NC,101,46,49,6,0.484,12.5,2025,8,,4.0,1.0,5.0,20.0,1.0,22.0,26.0,5.0,27.0
2025-08-07,9,두산,105,43,57,5,0.43,18.0,2025,8,,4.0,1.0,5.0,21.0,4.0,29.0,22.0,1.0,28.0
2025-08-07,10,키움,107,32,71,4,0.311,30.5,2025,8,,4.0,1.0,5.0,18.0,2.0,37.0,14.0,2.0,34.0
2025-08-08,1,LG,107,64,41,2,0.61,0.0,2025,8,,9.0,0.0,1.0,35.0,0.0,20.0,29.0,2.0,21.0
2025-08-08,2,한화,104,60,41,3,0.594,2.0,2025,8,,3.0,0.0,7.0,32.0,2.0,18.0,28.0,1.0,23.0
2025-08-08,3,롯데,108,58,47,3,0.552,6.0,2025,8,,5.0,0.0,5.0,30.0,2.0,24.0,28.0,1.0,23.0
2025-08-08,4,SSG,105,52,49,4,0.515,10.0,2025,8,,6.0,1.0,3.0,25.0,4.0,23.0,27.0,0.0,26.0
2025-08-08,5,KIA,103,50,49,4,0.505,11.0,2025,8,,4.0,1.0,5.0,29.0,2.0,20.0,21.0,2.0,29.0
2025-08-08,6,KT,108,52,52,4,0.5,11.5,2025,8,,2.0,1.0,7.0,26.0,1.0,26.0,26.0,3.0,26.0
2025-08-08,7,삼성,105,51,53,1,0.49,12.5,2025,8,,4.0,0.0,6.0,30.0,0.0,23.0,21.0,1.0,30.0
2025-08-08,8,NC,102,47,49,6,0.49,12.5,2025,8,,4.0,1.0,5.0,21.0,1.0,22.0,26.0,5.0,27.0
2025-08-08,9,두산,106,44,57,5,0.436,18.0,2025,8,,4.0,1.0,5.0,21.0,4.0,29.0,23.0,1.0,28.0
2025-08-08,10,키움,108,32,72,4,0.308,31.5,2025,8,,4.0,1.0,5.0,18.0,2.0,38.0,14.0,2.0,34.0
2025-08-09,1,LG,108,65,41,2,0.613,0.0,2025,8,,9.0,0.0,1.0,36.0,0.0,20.0,29.0,2.0,21.0
2025-08-09,2,한화,105,60,42,3,0.588,3.0,2025,8,,3.0,0.0,7.0,32.0,2.0,18.0,28.0,1.0,24.0
2025-08-09,3,롯데,108,58,47,3,0.552,6.5,2025,8,,5.0,0.0,5.0,30.0,2.0,24.0,28.0,1.0,23.0
2025-08-09,4,SSG,105,52,49,4,0.515,10.5,2025,8,,6.0,1.0,3.0,25.0,4.0,23.0,27.0,0.0,26.0
2025-08-09,5,KIA,103,50,49,4,0.505,11.5,2025,8,,4.0,1.0,5.0,29.0,2.0,20.0,21.0,2.0,29.0
2025-08-09,6,KT,109,53,52,4,0.505,11.5,2025,8,,3.0,1.0,6.0,27.0,1.0,26.0,26.0,3.0,26.0
2025-08-09,7,NC,102,47,49,6,0.49,13.0,2025,8,,4.0,1.0,5.0,21.0,1.0,22.0,26.0,5.0,27.0
2025-08-09,8,삼성,106,51,54,1,0.486,13.5,2025,8,,3.0,0.0,7.0,30.0,0.0,23.0,21.0,1.0,31.0
2025-08-09,9,두산,107,45,57,5,0.441,18.0,2025,8,,4.0,1.0,5.0,21.0,4.0,29.0,24.0,1.0,28.0
2025-08-09,10,키움,109,32,73,4,0.305,32.5,2025,8,,4.0,1.0,5.0,18.0,2.0,39.0,14.0,2.0,34.0
2025-08-10,1,LG,109,65,42,2,0.607,0.0,2025,8,,8.0,0.0,2.0,36.0,0.0,21.0,29.0,2.0,21.0
2025-08-10,2,한화,106,61,42,3,0.592,2.0,2025,8,,4.0,0.0,6.0,32.0,2.0,18.0,29.0,1.0,24.0
2025-08-10,3,롯데,109,58,48,3,0.547,6.5,2025,8,,4.0,0.0,6.0,30.0,2.0,25.0,28.0,1.0,23.0
2025-08-10,4,SSG,106,53,49,4,0.52,9.5,2025,8,,6.0,1.0,3.0,25.0,4.0,23.0,28.0,0.0,26.0
2025-08-10,5,KT,110,54,52,4,0.509,10.5,2025,8,,4.0,1.0,5.0,28.0,1.0,26.0,26.0,3.0,26.0
2025-08-10,6,KIA,104,50,50,4,0.5,11.5,2025,8,,4.0,1.0,5.0,29.0,2.0,20.0,21.0,2.0,30.0
2025-08-10,7,NC,103,48,49,6,0.495,12.0,2025,8,,5.0,1.0,4.0,22.0,1.0,22.0,26.0,5.0,27.0
2025-08-10,8,삼성,107,51,55,1,0.481,13.5,2025,8,,3.0,0.0,7.0,30.0,0.0,23.0,21.0,1.0,32.0
2025-08-10,9,두산,108,45,58,5,0.437,18.0,2025,8,,4.0,0.0,6.0,21.0,4.0,29.0,24.0,1.0,29.0
2025-08-10,10,키움,110,33,73,4,0.311,31.5,2025,8,,5.0,0.0,5.0,19.0,2.0,39.0,14.0,2.0,34.0
2025-08-12,1,LG,110,66,42,2,0.611,0.0,2025,8,,8.0,0.0,2.0,36.0,0.0,21.0,30.0,2.0,21.0
2025-08-12,2,한화,107,62,42,3,0.596,2.0,2025,8,,5.0,0.0,5.0,33.0,2.0,18.0,29.0,1.0,24.0
2025-08-12,3,롯데,110,58,49,3,0.542,7.5,2025,8,,4.0,0.0,6.0,30.0,2.0,25.0,28.0,1.0,24.0
2025-08-12,4,SSG,107,54,49,4,0.524,9.5,2025,8,,7.0,0.0,3.0,26.0,4.0,23.0,28.0,0.0,26.0
2025-08-12,5,KIA,105,51,50,4,0.505,11.5,2025,8,,5.0,1.0,4.0,29.0,2.0,20.0,22.0,2.0,30.0
2025-08-12,6,KT,111,54,53,4,0.505,11.5,2025,8,,4.0,1.0,5.0,28.0,1.0,27.0,26.0,3.0,26.0
2025-08-12,7,NC,104,49,49,6,0.5,12.0,2025,8,,5.0,1.0,4.0,22.0,1.0,22.0,27.0,5.0,27.0
2025-08-12,8,삼성,108,51,56,1,0.477,14.5,2025,8,,3.0,0.0,7.0,30.0,0.0,24.0,21.0,1.0,32.0
2025-08-12,9,두산,109,45,59,5,0.433,19.0,2025,8,,4.0,0.0,6.0,21.0,4.0,30.0,24.0,1.0,29.0
2025-08-12,10,키움,111,33,74,4,0.308,32.5,2025,8,,5.0,0.0,5.0,19.0,2.0,39.0,14.0,2.0,35.0
2025-08-13,1,LG,110,66,42,2,0.611,0.0,2025,8,,8.0,0.0,2.0,36.0,0.0,21.0,30.0,2.0,21.0
2025-08-13,2,한화,108,63,42,3,0.6,1.5,2025,8,,5.0,0.0,5.0,34.0,2.0,18.0,29.0,1.0,24.0
2025-08-13,3,롯데,111,58,50,3,0.537,8.0,2025,8,,3.0,0.0,7.0,30.0,2.0,25.0,28.0,1.0,25.0
2025-08-13,4,SSG,107,54,49,4,0.524,9.5,2025,8,,7.0,0.0,3.0,26.0,4.0,23.0,28.0,0.0,26.0
2025-08-13,5,KIA,106,52,50,4,0.51,11.0,2025,8,,6.0,1.0,3.0,29.0,2.0,20.0,23.0,2.0,30.0
2025-08-13,6,KT,111,54,53,4,0.505,11.5,2025,8,,4.0,1.0,5.0,28.0,1.0,27.0,26.0,3.0,26.0
2025-08-13,7,NC,104,49,49,6,0.5,12.0,2025,8,,5.0,1.0,4.0,22.0,1.0,22.0,27.0,5.0,27.0
2025-08-13,8,삼성,109,51,57,1,0.472,15.0,2025,8,,3.0,0.0,7.0,30.0,0.0,25.0,21.0,1.0,32.0
2025-08-13,9,두산,109,45,59,5,0.433,19.0,2025,8,,4.0,0.0,6.0,21.0,4.0,30.0,24.0,1.0,29.0
2025-08-13,10,키움,111,33,74,4,0.308,32.5,2025,8,,5.0,0.0,5.0,19.0,2.0,39.0,14.0,2.0,35.0
2025-08-14,1,LG,110,66,42,2,0.611,0.0,2025,8,,8.0,0.0,2.0,36.0,0.0,21.0,30.0,2.0,21.0
2025-08-14,2,한화,109,64,42,3,0.604,1.0,2025,8,,5.0,0.0,5.0,35.0,2.0,18.0,29.0,1.0,24.0
2025-08-14,3,롯데,112,58,51,3,0.532,8.5,2025,8,,3.0,0.0,7.0,30.0,2.0,25.0,28.0,1.0,26.0
2025-08-14,4,SSG,108,54,50,4,0.519,10.0,2025,8,,6.0,0.0,4.0,26.0,4.0,24.0,28.0,0.0,26.0
2025-08-14,5,KIA,107,53,50,4,0.515,10.5,2025,8,,7.0,0.0,3.0,29.0,2.0,20.0,24.0,2.0,30.0
2025-08-14,6,KT,111,54,53,4,0.505,11.5,2025,8,,4.0,1.0,5.0,28.0,1.0,27.0,26.0,3.0,26.0
2025-08-14,7,NC,105,49,50,6,0.495,12.5,2025,8,,5.0,1.0,4.0,22.0,1.0,22.0,27.0,5.0,28.0
2025-08-14,8,삼성,110,51,58,1,0.468,15.5,2025,8,,3.0,0.0,7.0,30.0,0.0,26.0,21.0,1.0,32.0
2025-08-14,9,두산,110,46,59,5,0.438,18.5,2025,8,,5.0,0.0,5.0,22.0,4.0,30.0,24.0,1.0,29.0
2025-08-14,10,키움,112,34,74,4,0.315,32.0,2025,8,,5.0,0.0,5.0,19.0,2.0,39.0,15.0,2.0,35.0
2025-08-15,1,LG,111,67,42,2,0.615,0.0,2025,8,,8.0,0.0,2.0,36.0,0.0,21.0,31.0,2.0,21.0
2025-08-15,2,한화,110,65,42,3,0.607,1.0,2025,8,,6.0,0.0,4.0,35.0,2.0,18.0,30.0,1.0,24.0
2025-08-15,3,롯데,113,58,52,3,0.527,9.5,2025,8,,2.0,0.0,8.0,30.0,2.0,26.0,28.0,1.0,26.0
2025-08-15,4,SSG,109,54,51,4,0.514,11.0,2025,8,,5.0,0.0,5.0,26.0,4.0,25.0,28.0,0.0,26.0
2025-08-15,5,KIA,108,53,51,4,0.51,11.5,2025,8,,6.0,0.0,4.0,29.0,2.0,20.0,24.0,2.0,31.0
2025-08-15,6,KT,112,54,54,4,0.5,12.5,2025,8,,4.0,1.0,5.0,28.0,1.0,27.0,26.0,3.0,27.0
2025-08-15,7,NC,106,49,51,6,0.49,13.5,2025,8,,4.0,1.0,5.0,22.0,1.0,23.0,27.0,5.0,28.0
2025-08-15,8,삼성,111,52,58,1,0.473,15.5,2025,8,,4.0,0.0,6.0,30.0,0.0,26.0,22.0,1.0,32.0
2025-08-15,9,두산,111,47,59,5,0.443,18.5,2025,8,,5.0,0.0,5.0,23.0,4.0,30.0,24.0,1.0,29.0
2025-08-15,10,키움,113,35,74,4,0.321,32.0,2025,8,,6.0,0.0,4.0,20.0,2.0,39.0,15.0,2.0,35.0
2025-08-16,1,LG,112,67,43,2,0.609,0.0,2025,8,,7.0,0.0,3.0,36.0,0.0,21.0,31.0,2.0,22.0
2025-08-16,2,한화,111,65,43,3,0.602,1.0,2025,8,,6.0,0.0,4.0,35.0,2.0,18.0,30.0,1.0,25.0
2025-08-16,3,롯데,114,58,53,3,0.523,9.5,2025,8,,1.0,0.0,9.0,30.0,2.0,27.0,28.0,1.0,26.0
2025-08-16,4,SSG,110,55,51,4,0.519,10.0,2025,8,,6.0,0.0,4.0,27.0,4.0,25.0,28.0,0.0,26.0
2025-08-16,5,KIA,109,53,52,4,0.505,11.5,2025,8,,5.0,0.0,5.0,29.0,2.0,20.0,24.0,2.0,32.0
2025-08-16,6,KT,113,54,55,4,0.495,12.5,2025,8,,4.0,1.0,5.0,28.0,1.0,27.0,26.0,3.0,28.0
2025-08-16,7,NC,107,50,51,6,0.495,12.5,2025,8,,4.0,1.0,5.0,23.0,1.0,23.0,27.0,5.0,28.0
2025-08-16,8,삼성,112,53,58,1,0.477,14.5,2025,8,,4.0,0.0,6.0,30.0,0.0,26.0,23.0,1.0,32.0
2025-08-16,9,두산,112,48,59,5,0.449,17.5,2025,8,,6.0,0.0,4.0,24.0,4.0,30.0,24.0,1.0,29.0
2025-08-16,10,키움,114,36,74,4,0.327,31.0,2025,8,,7.0,0.0,3.0,21.0,2.0,39.0,15.0,2.0,35.0
2025-08-17,1,LG,113,68,43,2,0.613,0.0,2025,8,,7.0,0.0,3.0,36.0,0.0,21.0,32.0,2.0,22.0
2025-08-17,2,한화,112,65,44,3,0.596,2.0,2025,8,,5.0,0.0,5.0,35.0,2.0,18.0,30.0,1.0,26.0
2025-08-17,3,롯데,115,58,53,4,0.523,10.0,2025,8,,1.0,1.0,8.0,30.0,3.0,27.0,28.0,1.0,26.0
2025-08-17,4,SSG,111,55,52,4,0.514,11.0,2025,8,,5.0,0.0,5.0,27.0,4.0,26.0,28.0,0.0,26.0
2025-08-17,5,KIA,110,53,53,4,0.5,12.5,2025,8,,4.0,0.0,6.0,29.0,2.0,20.0,24.0,2.0,33.0
2025-08-17,5,KT,114,55,55,4,0.5,12.5,2025,8,,5.0,0.0,5.0,28.0,1.0,27.0,27.0,3.0,28.0
2025-08-17,5,NC,108,51,51,6,0.5,12.5,2025,8,,5.0,0.0,5.0,24.0,1.0,23.0,27.0,5.0,28.0
2025-08-17,8,삼성,113,53,58,2,0.477,15.0,2025,8,,4.0,1.0,5.0,30.0,0.0,26.0,23.0,2.0,32.0
2025-08-17,9,두산,113,49,59,5,0.454,17.5,2025,8,,7.0,0.0,3.0,25.0,4.0,30.0,24.0,1.0,29.0
2025-08-17,10,키움,115,36,75,4,0.324,32.0,2025,8,,6.0,0.0,4.0,21.0,2.0,40.0,15.0,2.0,35.0
2025-08-19,1,LG,114,69,43,2,0.616,0.0,2025,8,,7.0,0.0,3.0,37.0,0.0,21.0,32.0,2.0,22.0
2025-08-19,2,한화,113,65,45,3,0.591,3.0,2025,8,,5.0,0.0,5.0,35.0,2.0,19.0,30.0,1.0,26.0
2025-08-19,3,롯데,116,58,54,4,0.518,11.0,2025,8,,0.0,1.0,9.0,30.0,3.0,27.0,28.0,1.0,27.0
2025-08-19,4,SSG,112,55,53,4,0.509,12.0,2025,8,,5.0,0.0,5.0,27.0,4.0,26.0,28.0,0.0,27.0
2025-08-19,5,KIA,111,54,53,4,0.505,12.5,2025,8,,5.0,0.0,5.0,30.0,2.0,20.0,24.0,2.0,33.0
2025-08-19,6,KT,115,56,55,4,0.505,12.5,2025,8,,5.0,0.0,5.0,29.0,1.0,27.0,27.0,3.0,28.0
2025-08-19,7,NC,109,51,52,6,0.495,13.5,2025,8,,5.0,0.0,5.0,24.0,1.0,24.0,27.0,5.0,28.0
2025-08-19,8,삼성,114,54,58,2,0.482,15.0,2025,8,,4.0,1.0,5.0,30.0,0.0,26.0,24.0,2.0,32.0
2025-08-19,9,두산,114,50,59,5,0.459,17.5,2025,8,,7.0,0.0,3.0,25.0,4.0,30.0,25.0,1.0,29.0
2025-08-19,10,키움,116,36,76,4,0.321,33.0,2025,8,,5.0,0.0,5.0,21.0,2.0,40.0,15.0,2.0,36.0
2025-08-20,1,LG,115,70,43,2,0.619,0.0,2025,8,,8.0,0.0,2.0,38.0,0.0,21.0,32.0,2.0,22.0
2025-08-20,2,한화,114,65,46,3,0.586,4.0,2025,8,,5.0,0.0,5.0,35.0,2.0,20.0,30.0,1.0,26.0
2025-08-20,3,SSG,113,56,53,4,0.514,12.0,2025,8,,5.0,0.0,5.0,27.0,4.0,26.0,29.0,0.0,27.0
2025-08-20,4,롯데,117,58,55,4,0.513,12.0,2025,8,,0.0,1.0,9.0,30.0,3.0,27.0,28.0,1.0,28.0
2025-08-20,5,KIA,112,54,54,4,0.5,13.5,2025,8,,4.0,0.0,6.0,30.0,2.0,21.0,24.0,2.0,33.0
2025-08-20,5,KT,116,56,56,4,0.5,13.5,2025,8,,5.0,0.0,5.0,29.0,1.0,28.0,27.0,3.0,28.0
2025-08-20,7,NC,110,51,53,6,0.49,14.5,2025,8,,5.0,0.0,5.0,24.0,1.0,25.0,27.0,5.0,28.0
2025-08-20,8,삼성,115,55,58,2,0.487,15.0,2025,8,,4.0,1.0,5.0,30.0,0.0,26.0,25.0,2.0,32.0
2025-08-20,9,두산,115,51,59,5,0.464,17.5,2025,8,,8.0,0.0,2.0,25.0,4.0,30.0,26.0,1.0,29.0
2025-08-20,10,키움,117,37,76,4,0.327,33.0,2025,8,,5.0,0.0,5.0,21.0,2.0,40.0,16.0,2.0,36.0
2025-08-21,1,LG,116,70,43,3,0.619,0.0,2025,8,,7.0,1.0,2.0,38.0,1.0,21.0,32.0,2.0,22.0
2025-08-21,2,한화,115,65,47,3,0.58,4.5,2025,8,,5.0,0.0,5.0,35.0,2.0,21.0,30.0,1.0,26.0
2025-08-21,3,SSG,114,57,53,4,0.518,11.5,2025,8,,6.0,0.0,4.0,27.0,4.0,26.0,30.0,0.0,27.0
2025-08-21,4,롯데,118,58,55,5,0.513,12.0,2025,8,,0.0,2.0,8.0,30.0,3.0,27.0,28.0,2.0,28.0
2025-08-21,5,KT,117,56,57,4,0.496,14.0,2025,8,,4.0,0.0,6.0,29.0,1.0,29.0,27.0,3.0,28.0
2025-08-21,6,KIA,113,54,55,4,0.495,14.0,2025,8,,4.0,0.0,6.0,30.0,2.0,22.0,24.0,2.0,33.0
2025-08-21,7,NC,111,52,53,6,0.495,14.0,2025,8,,6.0,0.0,4.0,25.0,1.0,25.0,27.0,5.0,28.0
2025-08-21,8,삼성,116,55,59,2,0.482,15.5,2025,8,,4.0,1.0,5.0,30.0,0.0,26.0,25.0,2.0,33.0
2025-08-21,9,두산,116,52,59,5,0.468,17.0,2025,8,,8.0,0.0,2.0,25.0,4.0,30.0,27.0,1.0,29.0
2025-08-21,10,키움,118,38,76,4,0.333,32.5,2025,8,,6.0,0.0,4.0,21.0,2.0,40.0,17.0,2.0,36.0
2025-08-22,1,LG,117,71,43,3,0.623,0.0,2025,8,,7.0,1.0,2.0,38.0,1.0,21.0,33.0,2.0,22.0
2025-08-22,2,한화,116,65,48,3,0.575,5.5,2025,8,,4.0,0.0,6.0,35.0,2.0,22.0,30.0,1.0,26.0
2025-08-22,3,SSG,115,58,53,4,0.523,11.5,2025,8,,6.0,0.0,4.0,27.0,4.0,26.0,31.0,0.0,27.0
2025-08-22,4,롯데,119,58,56,5,0.509,13.0,2025,8,,0.0,2.0,8.0,30.0,3.0,27.0,28.0,2.0,29.0
2025-08-22,5,KT,118,57,57,4,0.5,14.0,2025,8,,5.0,0.0,5.0,29.0,1.0,29.0,28.0,3.0,28.0
2025-08-22,5,NC,112,53,53,6,0.5,14.0,2025,8,,6.0,0.0,4.0,26.0,1.0,25.0,27.0,5.0,28.0
2025-08-22,7,KIA,114,54,56,4,0.491,15.0,2025,8,,4.0,0.0,6.0,30.0,2.0,23.0,24.0,2.0,33.0
2025-08-22,8,삼성,117,56,59,2,0.487,15.5,2025,8,,5.0,1.0,4.0,31.0,0.0,26.0,25.0,2.0,33.0
2025-08-22,9,두산,117,52,60,5,0.464,18.0,2025,8,,7.0,0.0,3.0,25.0,4.0,31.0,27.0,1.0,29.0
2025-08-22,10,키움,119,38,77,4,0.33,33.5,2025,8,,6.0,0.0,4.0,21.0,2.0,40.0,17.0,2.0,37.0
2025-08-23,1,LG,118,72,43,3,0.626,0.0,2025,8,,7.0,1.0,2.0,38.0,1.0,21.0,34.0,2.0,22.0
2025-08-23,2,한화,117,66,48,3,0.579,5.5,2025,8,,4.0,0.0,6.0,36.0,2.0,22.0,30.0,1.0,26.0
2025-08-23,3,SSG,116,58,54,4,0.518,12.5,2025,8,,5.0,0.0,5.0,27.0,4.0,26.0,31.0,0.0,28.0
2025-08-23,4,NC,113,54,53,6,0.505,14.0,2025,8,,6.0,0.0,4.0,27.0,1.0,25.0,27.0,5.0,28.0
2025-08-23,5,KT,119,58,57,4,0.504,14.0,2025,8,,5.0,0.0,5.0,29.0,1.0,29.0,29.0,3.0,28.0
2025-08-23,5,롯데,120,58,57,5,0.504,14.0,2025,8,,0.0,2.0,8.0,30.0,3.0,27.0,28.0,2.0,30.0
2025-08-23,7,삼성,118,57,59,2,0.491,15.5,2025,8,,6.0,1.0,3.0,32.0,0.0,26.0,25.0,2.0,33.0
2025-08-23,8,KIA,115,54,57,4,0.486,16.0,2025,8,,3.0,0.0,7.0,30.0,2.0,24.0,24.0,2.0,33.0
2025-08-23,9,두산,118,52,61,5,0.46,19.0,2025,8,,7.0,0.0,3.0,25.0,4.0,32.0,27.0,1.0,29.0
2025-08-23,10,키움,120,38,78,4,0.328,34.5,2025,8,,5.0,0.0,5.0,21.0,2.0,40.0,17.0,2.0,38.0
2025-08-24,1,LG,119,73,43,3,0.629,0.0,2025,8,,8.0,1.0,1.0,38.0,1.0,21.0,35.0,2.0,22.0
2025-08-24,2,한화,118,67,48,3,0.583,5.5,2025,8,,4.0,0.0,6.0,37.0,2.0,22.0,30.0,1.0,26.0
2025-08-24,3,SSG,117,58,55,4,0.513,13.5,2025,8,,4.0,0.0,6.0,27.0,4.0,26.0,31.0,0.0,29.0
2025-08-24,4,KT,120,59,57,4,0.509,14.0,2025,8,,5.0,0.0,5.0,29.0,1.0,29.0,30.0,3.0,28.0
2025-08-24,4,롯데,121,59,57,5,0.509,14.0,2025,8,,1.0,2.0,7.0,30.0,3.0,27.0,29.0,2.0,30.0
2025-08-24,6,NC,114,54,54,6,0.5,15.0,2025,8,,5.0,0.0,5.0,27.0,1.0,26.0,27.0,5.0,28.0
2025-08-24,7,삼성,119,58,59,2,0.496,15.5,2025,8,,7.0,1.0,2.0,33.0,0.0,26.0,25.0,2.0,33.0
2025-08-24,8,KIA,116,54,58,4,0.482,17.0,2025,8,,2.0,0.0,8.0,30.0,2.0,25.0,24.0,2.0,33.0
2025-08-24,9,두산,119,52,62,5,0.456,20.0,2025,8,,7.0,0.0,3.0,25.0,4.0,33.0,27.0,1.0,29.0
2025-08-24,10,키움,121,38,79,4,0.325,35.5,2025,8,,5.0,0.0,5.0,21.0,2.0,40.0,17.0,2.0,39.0
2025-08-26,1,LG,120,73,44,3,0.624,0.0,2025,8,,7.0,1.0,2.0,38.0,1.0,21.0,35.0,2.0,23.0
2025-08-26,2,한화,119,68,48,3,0.586,4.5,2025,8,,4.0,0.0,6.0,37.0,2.0,22.0,31.0,1.0,26.0
2025-08-26,3,SSG,118,59,55,4,0.518,12.5,2025,8,,5.0,0.0,5.0,28.0,4.0,26.0,31.0,0.0,29.0
2025-08-26,4,롯데,122,60,57,5,0.513,13.0,2025,8,,2.0,2.0,6.0,31.0,3.0,27.0,29.0,2.0,30.0
2025-08-26,5,NC,115,55,54,6,0.505,14.0,2025,8,,6.0,0.0,4.0,28.0,1.0,26.0,27.0,5.0,28.0
2025-08-26,6,KT,121,59,58,4,0.504,14.0,2025,8,,5.0,0.0,5.0,29.0,1.0,29.0,30.0,3.0,29.0
2025-08-26,7,삼성,120,59,59,2,0.5,14.5,2025,8,,8.0,1.0,1.0,33.0,0.0,26.0,26.0,2.0,33.0
2025-08-26,8,KIA,117,54,59,4,0.478,17.0,2025,8,,1.0,0.0,9.0,30.0,2.0,25.0,24.0,2.0,34.0
2025-08-26,9,두산,120,52,63,5,0.452,20.0,2025,8,,6.0,0.0,4.0,25.0,4.0,34.0,27.0,1.0,29.0
2025-08-26,10,키움,122,38,80,4,0.322,35.5,2025,8,,4.0,0.0,6.0,21.0,2.0,41.0,17.0,2.0,39.0
2025-08-27,1,LG,121,74,44,3,0.627,0.0,2025,8,,7.0,1.0,2.0,38.0,1.0,21.0,36.0,2.0,23.0
2025-08-27,2,한화,120,69,48,3,0.59,4.5,2025,8,,4.0,0.0,6.0,37.0,2.0,22.0,32.0,1.0,26.0
2025-08-27,3,SSG,119,59,56,4,0.513,13.5,2025,8,,5.0,0.0,5.0,28.0,4.0,27.0,31.0,0.0,29.0
2025-08-27,4,KT,122,60,58,4,0.508,14.0,2025,8,,6.0,0.0,4.0,29.0,1.0,29.0,31.0,3.0,29.0
2025-08-27,4,롯데,123,60,58,5,0.508,14.0,2025,8,,2.0,2.0,6.0,31.0,3.0,28.0,29.0,2.0,30.0
2025-08-27,6,삼성,121,60,59,2,0.504,14.5,2025,8,,8.0,1.0,1.0,33.0,0.0,26.0,27.0,2.0,33.0
2025-08-27,7,NC,116,55,55,6,0.5,15.0,2025,8,,6.0,0.0,4.0,28.0,1.0,27.0,27.0,5.0,28.0
2025-08-27,8,KIA,118,55,59,4,0.482,17.0,2025,8,,2.0,0.0,8.0,30.0,2.0,25.0,25.0,2.0,34.0
2025-08-27,9,두산,121,52,64,5,0.448,21.0,2025,8,,5.0,0.0,5.0,25.0,4.0,35.0,27.0,1.0,29.0
2025-08-27,10,키움,123,38,81,4,0.319,36.5,2025,8,,3.0,0.0,7.0,21.0,2.0,42.0,17.0,2.0,39.0
2025-08-28,1,LG,122,75,44,3,0.63,0.0,2025,8,,8.0,1.0,1.0,38.0,1.0,21.0,37.0,2.0,23.0
2025-08-28,2,한화,121,70,48,3,0.593,4.5,2025,8,,5.0,0.0,5.0,37.0,2.0,22.0,33.0,1.0,26.0
2025-08-28,3,롯데,124,61,58,5,0.513,14.0,2025,8,,3.0,2.0,5.0,32.0,3.0,28.0,29.0,2.0,30.0
2025-08-28,4,SSG,120,59,57,4,0.509,14.5,2025,8,,4.0,0.0,6.0,28.0,4.0,28.0,31.0,0.0,29.0
2025-08-28,5,KT,123,60,59,4,0.504,15.0,2025,8,,6.0,0.0,4.0,29.0,1.0,29.0,31.0,3.0,30.0
2025-08-28,6,삼성,122,60,60,2,0.5,15.5,2025,8,,7.0,1.0,2.0,33.0,0.0,26.0,27.0,2.0,34.0
2025-08-28,7,NC,117,55,56,6,0.495,16.0,2025,8,,5.0,0.0,5.0,28.0,1.0,28.0,27.0,5.0,28.0
2025-08-28,8,KIA,119,56,59,4,0.487,17.0,2025,8,,3.0,0.0,7.0,30.0,2.0,25.0,26.0,2.0,34.0
2025-08-28,9,두산,122,53,64,5,0.453,21.0,2025,8,,5.0,0.0,5.0,26.0,4.0,35.0,27.0,1.0,29.0
2025-08-28,10,키움,124,38,82,4,0.317,37.5,2025,8,,2.0,0.0,8.0,21.0,2.0,43.0,17.0,2.0,39.0
2025-08-29,1,LG,123,75,45,3,0.625,0.0,2025,8,,7.0,1.0,2.0,38.0,1.0,22.0,37.0,2.0,23.0
2025-08-29,2,한화,122,70,49,3,0.588,4.5,2025,8,,5.0,0.0,5.0,37.0,2.0,23.0,33.0,1.0,26.0
2025-08-29,3,SSG,121,60,57,4,0.513,13.5,2025,8,,5.0,0.0,5.0,29.0,4.0,28.0,31.0,0.0,29.0
2025-08-29,4,롯데,125,61,59,5,0.508,14.0,2025,8,,3.0,1.0,6.0,32.0,3.0,29.0,29.0,2.0,30.0
2025-08-29,5,삼성,123,61,60,2,0.504,14.5,2025,8,,8.0,0.0,2.0,33.0,0.0,26.0,28.0,2.0,34.0
2025-08-29,6,KT,124,60,60,4,0.5,15.0,2025,8,,5.0,0.0,5.0,29.0,1.0,30.0,31.0,3.0,30.0
2025-08-29,7,KIA,120,57,59,4,0.491,16.0,2025,8,,4.0,0.0,6.0,30.0,2.0,25.0,27.0,2.0,34.0
2025-08-29,8,NC,118,55,57,6,0.491,16.0,2025,8,,4.0,0.0,6.0,28.0,1.0,28.0,27.0,5.0,29.0
2025-08-29,9,두산,123,54,64,5,0.458,20.0,2025,8,,5.0,0.0,5.0,26.0,4.0,35.0,28.0,1.0,29.0
2025-08-29,10,키움,125,39,82,4,0.322,36.5,2025,8,,3.0,0.0,7.0,21.0,2.0,43.0,18.0,2.0,39.0
2025-08-30,1,LG,124,76,45,3,0.628,0.0,2025,8,,7.0,1.0,2.0,39.0,1.0,22.0,37.0,2.0,23.0
2025-08-30,2,한화,123,70,50,3,0.583,5.5,2025,8,,5.0,0.0,5.0,37.0,2.0,24.0,33.0,1.0,26.0
2025-08-30,3,SSG,122,60,58,4,0.508,14.5,2025,8,,5.0,0.0,5.0,29.0,4.0,29.0,31.0,0.0,29.0
2025-08-30,4,롯데,126,61,59,6,0.508,14.5,2025,8,,3.0,2.0,5.0,32.0,4.0,29.0,29.0,2.0,30.0
2025-08-30,5,삼성,124,62,60,2,0.508,14.5,2025,8,,8.0,0.0,2.0,33.0,0.0,26.0,29.0,2.0,34.0
2025-08-30,6,KT,125,61,60,4,0.504,15.0,2025,8,,5.0,0.0,5.0,30.0,1.0,30.0,31.0,3.0,30.0
2025-08-30,7,NC,119,56,57,6,0.496,16.0,2025,8,,5.0,0.0,5.0,28.0,1.0,28.0,28.0,5.0,29.0
2025-08-30,8,KIA,121,57,60,4,0.487,17.0,2025,8,,3.0,0.0,7.0,30.0,2.0,25.0,27.0,2.0,35.0
2025-08-30,9,두산,124,54,64,6,0.458,20.5,2025,8,,4.0,1.0,5.0,26.0,4.0,35.0,28.0,2.0,29.0
2025-08-30,10,키움,126,39,83,4,0.32,37.5,2025,8,,3.0,0.0,7.0,21.0,2.0,43.0,18.0,2.0,40.0
2025-08-31,1,LG,125,76,46,3,0.623,0.0,2025,8,,6.0,1.0,3.0,39.0,1.0,23.0,37.0,2.0,23.0
2025-08-31,2,한화,124,70,51,3,0.579,5.5,2025,8,,5.0,0.0,5.0,37.0,2.0,25.0,33.0,1.0,26.0
2025-08-31,3,SSG,123,61,58,4,0.513,13.5,2025,8,,5.0,0.0,5.0,30.0,4.0,29.0,31.0,0.0,29.0
2025-08-31,4,롯데,127,62,59,6,0.512,13.5,2025,8,,4.0,2.0,4.0,33.0,4.0,29.0,29.0,2.0,30.0
2025-08-31,5,삼성,125,63,60,2,0.512,13.5,2025,8,,8.0,0.0,2.0,33.0,0.0,26.0,30.0,2.0,34.0
2025-08-31,6,KT,126,62,60,4,0.508,14.0,2025,8,,6.0,0.0,4.0,31.0,1.0,30.0,31.0,3.0,30.0
2025-08-31,7,NC,120,56,58,6,0.491,16.0,2025,8,,5.0,0.0,5.0,28.0,1.0,28.0,28.0,5.0,30.0
2025-08-31,8,KIA,122,57,61,4,0.483,17.0,2025,8,,3.0,0.0,7.0,30.0,2.0,25.0,27.0,2.0,36.0
2025-08-31,9,두산,125,54,65,6,0.454,20.5,2025,8,,3.0,1.0,6.0,26.0,4.0,35.0,28.0,2.0,30.0
2025-08-31,10,키움,127,40,83,4,0.325,36.5,2025,8,,3.0,0.0,7.0,21.0,2.0,43.0,19.0,2.0,40.0
2025-09-02,1,LG,126,77,46,3,0.626,0.0,2025,9,,7.0,0.0,3.0,40.0,1.0,23.0,37.0,2.0,23.0
2025-09-02,2,한화,125,71,51,3,0.582,5.5,2025,9,,6.0,0.0,4.0,38.0,2.0,25.0,33.0,1.0,26.0
2025-09-02,3,SSG,124,62,58,4,0.517,13.5,2025,9,,5.0,0.0,5.0,31.0,4.0,29.0,31.0,0.0,29.0
2025-09-02,4,삼성,125,63,60,2,0.512,14.0,2025,9,,8.0,0.0,2.0,33.0,0.0,26.0,30.0,2.0,34.0
2025-09-02,5,롯데,128,62,60,6,0.508,14.5,2025,9,,4.0,1.0,5.0,33.0,4.0,29.0,29.0,2.0,31.0
2025-09-02,6,KT,127,62,61,4,0.504,15.0,2025,9,,6.0,0.0,4.0,31.0,1.0,31.0,31.0,3.0,30.0
2025-09-02,7,NC,121,57,58,6,0.496,16.0,2025,9,,5.0,0.0,5.0,28.0,1.0,28.0,29.0,5.0,30.0
2025-09-02,8,KIA,123,57,62,4,0.479,18.0,2025,9,,3.0,0.0,7.0,30.0,2.0,25.0,27.0,2.0,37.0
2025-09-02,9,두산,125,54,65,6,0.454,21.0,2025,9,,3.0,1.0,6.0,26.0,4.0,35.0,28.0,2.0,30.0
2025-09-02,10,키움,128,40,84,4,0.323,37.5,2025,9,,2.0,0.0,8.0,21.0,2.0,43.0,19.0,2.0,41.0
2025-09-03,1,LG,126,77,46,3,0.626,0.0,2025,9,,7.0,0.0,3.0,40.0,1.0,23.0,37.0,2.0,23.0
2025-09-03,2,한화,126,72,51,3,0.585,5.0,2025,9,,7.0,0.0,3.0,39.0,2.0,25.0,33.0,1.0,26.0
2025-09-03,3,SSG,125,63,58,4,0.521,13.0,2025,9,,5.0,0.0,5.0,31.0,4.0,29.0,32.0,0.0,29.0
2025-09-03,4,삼성,126,63,61,2,0.508,14.5,2025,9,,8.0,0.0,2.0,33.0,0.0,27.0,30.0,2.0,34.0
2025-09-03,4,KT,128,63,61,4,0.508,14.5,2025,9,,6.0,0.0,4.0,32.0,1.0,31.0,31.0,3.0,30.0
2025-09-03,6,롯데,129,62,61,6,0.504,15.0,2025,9,,4.0,1.0,5.0,33.0,4.0,29.0,29.0,2.0,32.0
2025-09-03,7,NC,122,57,59,6,0.491,16.5,2025,9,,4.0,0.0,6.0,28.0,1.0,28.0,29.0,5.0,31.0
2025-09-03,8,KIA,124,57,63,4,0.475,18.5,2025,9,,3.0,0.0,7.0,30.0,2.0,26.0,27.0,2.0,37.0
2025-09-03,9,두산,125,54,65,6,0.454,21.0,2025,9,,3.0,1.0,6.0,26.0,4.0,35.0,28.0,2.0,30.0
2025-09-03,10,키움,129,41,84,4,0.328,37.0,2025,9,,3.0,0.0,7.0,21.0,2.0,43.0,20.0,2.0,41.0
2025-09-04,1,LG,127,78,46,3,0.629,0.0,2025,9,,7.0,0.0,3.0,40.0,1.0,23.0,38.0,2.0,23.0
2025-09-04,2,한화,126,72,51,3,0.585,5.5,2025,9,,7.0,0.0,3.0,39.0,2.0,25.0,33.0,1.0,26.0
2025-09-04,3,SSG,125,63,58,4,0.521,13.5,2025,9,,5.0,0.0,5.0,31.0,4.0,29.0,32.0,0.0,29.0
2025-09-04,4,삼성,126,63,61,2,0.508,15.0,2025,9,,8.0,0.0,2.0,33.0,0.0,27.0,30.0,2.0,34.0
2025-09-04,5,롯데,129,62,61,6,0.504,15.5,2025,9,,4.0,1.0,5.0,33.0,4.0,29.0,29.0,2.0,32.0
2025-09-04,6,KT,129,63,62,4,0.504,15.5,2025,9,,5.0,0.0,5.0,32.0,1.0,32.0,31.0,3.0,30.0
2025-09-04,7,NC,123,57,60,6,0.487,17.5,2025,9,,3.0,0.0,7.0,28.0,1.0,29.0,29.0,5.0,31.0
2025-09-04,8,KIA,124,57,63,4,0.475,19.0,2025,9,,3.0,0.0,7.0,30.0,2.0,26.0,27.0,2.0,37.0
2025-09-04,9,두산,126,55,65,6,0.458,21.0,2025,9,,3.0,1.0,6.0,26.0,4.0,35.0,29.0,2.0,30.0
2025-09-04,10,키움,129,41,84,4,0.328,37.5,2025,9,,3.0,0.0,7.0,21.0,2.0,43.0,20.0,2.0,41.0
2025-09-05,1,LG,127,78,46,3,0.629,0.0,2025,9,,7.0,0.0,3.0,40.0,1.0,23.0,38.0,2.0,23.0
2025-09-05,2,한화,126,72,51,3,0.585,5.5,2025,9,,7.0,0.0,3.0,39.0,2.0,25.0,33.0,1.0,26.0
2025-09-05,3,SSG,126,64,58,4,0.525,13.0,2025,9,,6.0,0.0,4.0,32.0,4.0,29.0,32.0,0.0,29.0
2025-09-05,4,삼성,127,64,61,2,0.512,14.5,2025,9,,8.0,0.0,2.0,34.0,0.0,27.0,30.0,2.0,34.0
2025-09-05,5,KT,129,63,62,4,0.504,15.5,2025,9,,5.0,0.0,5.0,32.0,1.0,32.0,31.0,3.0,30.0
2025-09-05,6,롯데,130,62,62,6,0.5,16.0,2025,9,,4.0,1.0,5.0,33.0,4.0,29.0,29.0,2.0,33.0
2025-09-05,7,NC,124,57,61,6,0.483,18.0,2025,9,,3.0,0.0,7.0,28.0,1.0,30.0,29.0,5.0,31.0
2025-09-05,8,KIA,124,57,63,4,0.475,19.0,2025,9,,3.0,0.0,7.0,30.0,2.0,26.0,27.0,2.0,37.0
2025-09-05,9,두산,127,56,65,6,0.463,20.5,2025,9,,4.0,1.0,5.0,26.0,4.0,35.0,30.0,2.0,30.0
2025-09-05,10,키움,130,41,85,4,0.325,38.0,2025,9,,3.0,0.0,7.0,21.0,2.0,43.0,20.0,2.0,42.0
2025-09-06,1,LG,127,78,46,3,0.629,0.0,2025,9,,7.0,0.0,3.0,40.0,1.0,23.0,38.0,2.0,23.0
2025-09-06,2,한화,127,73,51,3,0.589,5.0,2025,9,,7.0,0.0,3.0,39.0,2.0,25.0,34.0,1.0,26.0
2025-09-06,3,SSG,126,64,58,4,0.525,13.0,2025,9,,6.0,0.0,4.0,32.0,4.0,29.0,32.0,0.0,29.0
2025-09-06,4,삼성,128,64,62,2,0.508,15.0,2025,9,,7.0,0.0,3.0,34.0,0.0,28.0,30.0,2.0,34.0
2025-09-06,5,KT,129,63,62,4,0.504,15.5,2025,9,,5.0,0.0,5.0,32.0,1.0,32.0,31.0,3.0,30.0
2025-09-06,6,롯데,130,62,62,6,0.5,16.0,2025,9,,4.0,1.0,5.0,33.0,4.0,29.0,29.0,2.0,33.0
2025-09-06,7,KIA,125,58,63,4,0.479,18.5,2025,9,,4.0,0.0,6.0,30.0,2.0,26.0,28.0,2.0,37.0
2025-09-06,8,NC,125,57,62,6,0.479,18.5,2025,9,,2.0,0.0,8.0,28.0,1.0,31.0,29.0,5.0,31.0
2025-09-06,9,두산,127,56,65,6,0.463,20.5,2025,9,,4.0,1.0,5.0,26.0,4.0,35.0,30.0,2.0,30.0
2025-09-06,10,키움,130,41,85,4,0.325,38.0,2025,9,,3.0,0.0,7.0,21.0,2.0,43.0,20.0,2.0,42.0
2025-09-07,1,LG,128,78,47,3,0.624,0.0,2025,9,,6.0,0.0,4.0,40.0,1.0,24.0,38.0,2.0,23.0
2025-09-07,2,한화,128,73,52,3,0.584,5.0,2025,9,,6.0,0.0,4.0,39.0,2.0,25.0,34.0,1.0,27.0
2025-09-07,3,SSG,127,65,58,4,0.528,12.0,2025,9,,7.0,0.0,3.0,32.0,4.0,29.0,33.0,0.0,29.0
2025-09-07,4,삼성,129,65,62,2,0.512,14.0,2025,9,,7.0,0.0,3.0,35.0,0.0,28.0,30.0,2.0,34.0
2025-09-07,5,KT,129,63,62,4,0.504,15.0,2025,9,,5.0,0.0,5.0,32.0,1.0,32.0,31.0,3.0,30.0
2025-09-07,6,롯데,130,62,62,6,0.5,15.5,2025,9,,4.0,1.0,5.0,33.0,4.0,29.0,29.0,2.0,33.0
2025-09-07,7,NC,126,58,62,6,0.483,17.5,2025,9,,3.0,0.0,7.0,29.0,1.0,31.0,29.0,5.0,31.0
2025-09-07,8,KIA,126,58,64,4,0.475,18.5,2025,9,,4.0,0.0,6.0,30.0,2.0,26.0,28.0,2.0,38.0
2025-09-07,9,두산,127,56,65,6,0.463,20.0,2025,9,,4.0,1.0,5.0,26.0,4.0,35.0,30.0,2.0,30.0
2025-09-07,10,키움,130,41,85,4,0.325,37.5,2025,9,,3.0,0.0,7.0,21.0,2.0,43.0,20.0,2.0,42.0
2025-09-09,1,LG,129,78,48,3,0.619,0.0,2025,9,,5.0,0.0,5.0,40.0,1.0,24.0,38.0,2.0,24.0
2025-09-09,2,한화,129,74,52,3,0.587,4.0,2025,9,,6.0,0.0,4.0,39.0,2.0,25.0,35.0,1.0,27.0
2025-09-09,3,SSG,127,65,58,4,0.528,11.5,2025,9,,7.0,0.0,3.0,32.0,4.0,29.0,33.0,0.0,29.0
2025-09-09,4,삼성,129,65,62,2,0.512,13.5,2025,9,,7.0,0.0,3.0,35.0,0.0,28.0,30.0,2.0,34.0
2025-09-09,5,KT,130,64,62,4,0.508,14.0,2025,9,,5.0,0.0,5.0,33.0,1.0,32.0,31.0,3.0,30.0
2025-09-09,6,롯데,131,62,63,6,0.496,15.5,2025,9,,3.0,1.0,6.0,33.0,4.0,30.0,29.0,2.0,33.0
2025-09-09,7,NC,126,58,62,6,0.483,17.0,2025,9,,3.0,0.0,7.0,29.0,1.0,31.0,29.0,5.0,31.0
2025-09-09,8,KIA,126,58,64,4,0.475,18.0,2025,9,,4.0,0.0,6.0,30.0,2.0,26.0,28.0,2.0,38.0
2025-09-09,9,두산,128,56,66,6,0.459,20.0,2025,9,,4.0,1.0,5.0,26.0,4.0,35.0,30.0,2.0,31.0
2025-09-09,10,키움,131,42,85,4,0.331,36.5,2025,9,,4.0,0.0,6.0,22.0,2.0,43.0,20.0,2.0,42.0
2025-09-10,1,LG,130,79,48,3,0.622,0.0,2025,9,,6.0,0.0,4.0,40.0,1.0,24.0,39.0,2.0,24.0
2025-09-10,2,한화,130,75,52,3,0.591,4.0,2025,9,,6.0,0.0,4.0,39.0,2.0,25.0,36.0,1.0,27.0
2025-09-10,3,SSG,128,65,59,4,0.524,12.5,2025,9,,6.0,0.0,4.0,32.0,4.0,29.0,33.0,0.0,30.0
2025-09-10,4,KT,130,64,62,4,0.508,14.5,2025,9,,5.0,0.0,5.0,33.0,1.0,32.0,31.0,3.0,30.0
2025-09-10,5,삼성,130,65,63,2,0.508,14.5,2025,9,,6.0,0.0,4.0,35.0,0.0,28.0,30.0,2.0,35.0
2025-09-10,6,롯데,132,62,64,6,0.492,16.5,2025,9,,2.0,1.0,7.0,33.0,4.0,31.0,29.0,2.0,33.0
2025-09-10,7,NC,127,59,62,6,0.488,17.0,2025,9,,4.0,0.0,6.0,30.0,1.0,31.0,29.0,5.0,31.0
2025-09-10,8,KIA,127,59,64,4,0.48,18.0,2025,9,,5.0,0.0,5.0,31.0,2.0,26.0,28.0,2.0,38.0
2025-09-10,9,두산,129,56,67,6,0.455,21.0,2025,9,,4.0,1.0,5.0,26.0,4.0,36.0,30.0,2.0,31.0
2025-09-10,10,키움,131,42,85,4,0.331,37.0,2025,9,,4.0,0.0,6.0,22.0,2.0,43.0,20.0,2.0,42.0
2025-09-11,1,LG,131,79,49,3,0.617,0.0,2025,9,,5.0,0.0,5.0,40.0,1.0,25.0,39.0,2.0,24.0
2025-09-11,2,한화,130,75,52,3,0.591,3.5,2025,9,,6.0,0.0,4.0,39.0,2.0,25.0,36.0,1.0,27.0
2025-09-11,3,SSG,129,66,59,4,0.528,11.5,2025,9,,7.0,0.0,3.0,32.0,4.0,29.0,34.0,0.0,30.0
2025-09-11,4,KT,131,65,62,4,0.512,13.5,2025,9,,6.0,0.0,4.0,33.0,1.0,32.0,32.0,3.0,30.0
2025-09-11,5,삼성,131,65,64,2,0.504,14.5,2025,9,,5.0,0.0,5.0,35.0,0.0,29.0,30.0,2.0,35.0
2025-09-11,6,롯데,133,63,64,6,0.496,15.5,2025,9,,3.0,1.0,6.0,33.0,4.0,31.0,30.0,2.0,33.0
2025-09-11,7,NC,128,59,63,6,0.484,17.0,2025,9,,4.0,0.0,6.0,30.0,1.0,31.0,29.0,5.0,32.0
2025-09-11,8,KIA,128,59,65,4,0.476,18.0,2025,9,,4.0,0.0,6.0,31.0,2.0,27.0,28.0,2.0,38.0
2025-09-11,9,두산,129,56,67,6,0.455,20.5,2025,9,,4.0,1.0,5.0,26.0,4.0,36.0,30.0,2.0,31.0
2025-09-11,10,키움,132,43,85,4,0.336,36.0,2025,9,,5.0,0.0,5.0,23.0,2.0,43.0,20.0,2.0,42.0
2025-09-12,1,LG,131,79,49,3,0.617,0.0,2025,9,,5.0,0.0,5.0,40.0,1.0,25.0,39.0,2.0,24.0
2025-09-12,2,한화,130,75,52,3,0.591,3.5,2025,9,,6.0,0.0,4.0,39.0,2.0,25.0,36.0,1.0,27.0
2025-09-12,3,SSG,129,66,59,4,0.528,11.5,2025,9,,7.0,0.0,3.0,32.0,4.0,29.0,34.0,0.0,30.0
2025-09-12,4,KT,131,65,62,4,0.512,13.5,2025,9,,6.0,0.0,4.0,33.0,1.0,32.0,32.0,3.0,30.0
2025-09-12,5,삼성,131,65,64,2,0.504,14.5,2025,9,,5.0,0.0,5.0,35.0,0.0,29.0,30.0,2.0,35.0
2025-09-12,6,롯데,133,63,64,6,0.496,15.5,2025,9,,3.0,1.0,6.0,33.0,4.0,31.0,30.0,2.0,33.0
2025-09-12,7,NC,128,59,63,6,0.484,17.0,2025,9,,4.0,0.0,6.0,30.0,1.0,31.0,29.0,5.0,32.0
2025-09-12,8,KIA,129,60,65,4,0.48,17.5,2025,9,,4.0,0.0,6.0,32.0,2.0,27.0,28.0,2.0,38.0
2025-09-12,9,두산,130,56,68,6,0.452,21.0,2025,9,,4.0,1.0,5.0,26.0,4.0,36.0,30.0,2.0,32.0
2025-09-12,10,키움,132,43,85,4,0.336,36.0,2025,9,,5.0,0.0,5.0,23.0,2.0,43.0,20.0,2.0,42.0
2025-09-13,1,LG,132,79,50,3,0.612,0.0,2025,9,,4.0,0.0,6.0,40.0,1.0,26.0,39.0,2.0,24.0
2025-09-13,2,한화,131,76,52,3,0.594,2.5,2025,9,,6.0,0.0,4.0,40.0,2.0,25.0,36.0,1.0,27.0
2025-09-13,3,SSG,130,66,60,4,0.524,11.5,2025,9,,7.0,0.0,3.0,32.0,4.0,29.0,34.0,0.0,31.0
2025-09-13,4,KT,132,66,62,4,0.516,12.5,2025,9,,6.0,0.0,4.0,33.0,1.0,32.0,33.0,3.0,30.0
2025-09-13,5,삼성,132,65,65,2,0.5,14.5,2025,9,,5.0,0.0,5.0,35.0,0.0,30.0,30.0,2.0,35.0
2025-09-13,5,롯데,134,64,64,6,0.5,14.5,2025,9,,3.0,1.0,6.0,34.0,4.0,31.0,30.0,2.0,33.0
2025-09-13,7,NC,129,60,63,6,0.488,16.0,2025,9,,4.0,0.0,6.0,31.0,1.0,31.0,29.0,5.0,32.0
2025-09-13,8,KIA,130,61,65,4,0.484,16.5,2025,9,,4.0,0.0,6.0,32.0,2.0,27.0,29.0,2.0,38.0
2025-09-13,9,두산,131,56,69,6,0.448,21.0,2025,9,,4.0,1.0,5.0,26.0,4.0,36.0,30.0,2.0,33.0
2025-09-13,10,키움,133,43,86,4,0.333,36.0,2025,9,,5.0,0.0,5.0,23.0,2.0,43.0,20.0,2.0,43.0
2025-09-14,1,LG,133,80,50,3,0.615,0.0,2025,9,,5.0,0.0,5.0,41.0,1.0,26.0,39.0,2.0,24.0
2025-09-14,2,한화,132,76,53,3,0.589,3.5,2025,9,,6.0,0.0,4.0,40.0,2.0,26.0,36.0,1.0,27.0
2025-09-14,3,SSG,130,66,60,4,0.524,12.0,2025,9,,7.0,0.0,3.0,32.0,4.0,29.0,34.0,0.0,31.0
2025-09-14,4,KT,133,66,63,4,0.512,13.5,2025,9,,6.0,0.0,4.0,33.0,1.0,32.0,33.0,3.0,31.0
2025-09-14,5,삼성,133,66,65,2,0.504,14.5,2025,9,,5.0,0.0,5.0,36.0,0.0,30.0,30.0,2.0,35.0
2025-09-14,6,롯데,134,64,64,6,0.5,15.0,2025,9,,3.0,1.0,6.0,34.0,4.0,31.0,30.0,2.0,33.0
2025-09-14,7,NC,130,61,63,6,0.492,16.0,2025,9,,5.0,0.0,5.0,32.0,1.0,31.0,29.0,5.0,32.0
2025-09-14,8,KIA,131,61,66,4,0.48,17.5,2025,9,,4.0,0.0,6.0,32.0,2.0,27.0,29.0,2.0,39.0
2025-09-14,9,두산,132,56,70,6,0.444,22.0,2025,9,,3.0,1.0,6.0,26.0,4.0,36.0,30.0,2.0,34.0
2025-09-14,10,키움,134,44,86,4,0.338,36.0,2025,9,,6.0,0.0,4.0,23.0,2.0,43.0,21.0,2.0,43.0
2025-09-15,1,LG,133,80,50,3,0.615,0.0,2025,9,,5.0,0.0,5.0,41.0,1.0,26.0,39.0,2.0,24.0
2025-09-15,2,한화,133,77,53,3,0.592,3.0,2025,9,,7.0,0.0,3.0,41.0,2.0,26.0,36.0,1.0,27.0
2025-09-15,3,SSG,130,66,60,4,0.524,12.0,2025,9,,7.0,0.0,3.0,32.0,4.0,29.0,34.0,0.0,31.0
2025-09-15,4,KT,133,66,63,4,0.512,13.5,2025,9,,6.0,0.0,4.0,33.0,1.0,32.0,33.0,3.0,31.0
2025-09-15,5,삼성,133,66,65,2,0.504,14.5,2025,9,,5.0,0.0,5.0,36.0,0.0,30.0,30.0,2.0,35.0
2025-09-15,6,롯데,134,64,64,6,0.5,15.0,2025,9,,3.0,1.0,6.0,34.0,4.0,31.0,30.0,2.0,33.0
2025-09-15,7,NC,130,61,63,6,0.492,16.0,2025,9,,5.0,0.0,5.0,32.0,1.0,31.0,29.0,5.0,32.0
2025-09-15,8,KIA,131,61,66,4,0.48,17.5,2025,9,,4.0,0.0,6.0,32.0,2.0,27.0,29.0,2.0,39.0
2025-09-15,9,두산,132,56,70,6,0.444,22.0,2025,9,,3.0,1.0,6.0,26.0,4.0,36.0,30.0,2.0,34.0
2025-09-15,10,키움,135,44,87,4,0.336,36.5,2025,9,,5.0,0.0,5.0,23.0,2.0,43.0,21.0,2.0,44.0
2025-09-16,1,LG,134,81,50,3,0.618,0.0,2025,9,,5.0,0.0,5.0,41.0,1.0,26.0,40.0,2.0,24.0
2025-09-16,2,한화,134,78,53,3,0.595,3.0,2025,9,,8.0,0.0,2.0,41.0,2.0,26.0,37.0,1.0,27.0
2025-09-16,3,SSG,131,67,60,4,0.528,12.0,2025,9,,7.0,0.0,3.0,32.0,4.0,29.0,35.0,0.0,31.0
2025-09-16,4,KT,134,66,64,4,0.508,14.5,2025,9,,6.0,0.0,4.0,33.0,1.0,33.0,33.0,3.0,31.0
2025-09-16,5,삼성,134,67,65,2,0.508,14.5,2025,9,,5.0,0.0,5.0,37.0,0.0,30.0,30.0,2.0,35.0
2025-09-16,6,롯데,135,64,65,6,0.496,16.0,2025,9,,3.0,1.0,6.0,34.0,4.0,31.0,30.0,2.0,34.0
2025-09-16,7,NC,131,61,64,6,0.488,17.0,2025,9,,4.0,0.0,6.0,32.0,1.0,32.0,29.0,5.0,32.0
2025-09-16,8,KIA,132,61,67,4,0.477,18.5,2025,9,,4.0,0.0,6.0,32.0,2.0,28.0,29.0,2.0,39.0
2025-09-16,9,두산,133,56,71,6,0.441,23.0,2025,9,,2.0,1.0,7.0,26.0,4.0,37.0,30.0,2.0,34.0
2025-09-16,10,키움,136,45,87,4,0.341,36.5,2025,9,,6.0,0.0,4.0,23.0,2.0,43.0,22.0,2.0,44.0
2025-09-17,1,LG,134,81,50,3,0.618,0.0,2025,9,,5.0,0.0,5.0,41.0,1.0,26.0,40.0,2.0,24.0
2025-09-17,2,한화,135,79,53,3,0.598,2.5,2025,9,,8.0,0.0,2.0,41.0,2.0,26.0,38.0,1.0,27.0
2025-09-17,3,SSG,132,67,61,4,0.523,12.5,2025,9,,7.0,0.0,3.0,32.0,4.0,29.0,35.0,0.0,32.0
2025-09-17,4,KT,134,66,64,4,0.508,14.5,2025,9,,6.0,0.0,4.0,33.0,1.0,33.0,33.0,3.0,31.0
2025-09-17,5,삼성,134,67,65,2,0.508,14.5,2025,9,,5.0,0.0,5.0,37.0,0.0,30.0,30.0,2.0,35.0
2025-09-17,6,롯데,135,64,65,6,0.496,16.0,2025,9,,3.0,1.0,6.0,34.0,4.0,31.0,30.0,2.0,34.0
2025-09-17,7,NC,132,62,64,6,0.492,16.5,2025,9,,5.0,0.0,5.0,33.0,1.0,32.0,29.0,5.0,32.0
2025-09-17,8,KIA,133,61,68,4,0.473,19.0,2025,9,,4.0,0.0,6.0,32.0,2.0,29.0,29.0,2.0,39.0
2025-09-17,9,두산,134,56,72,6,0.438,23.5,2025,9,,2.0,0.0,8.0,26.0,4.0,38.0,30.0,2.0,34.0
2025-09-17,10,키움,137,46,87,4,0.346,36.0,2025,9,,6.0,0.0,4.0,23.0,2.0,43.0,23.0,2.0,44.0
2025-09-18,1,LG,136,83,50,3,0.624,0.0,2025,9,,6.0,0.0,4.0,41.0,1.0,26.0,42.0,2.0,24.0
2025-09-18,2,한화,136,80,53,3,0.602,3.0,2025,9,,8.0,0.0,2.0,41.0,2.0,26.0,39.0,1.0,27.0
2025-09-18,3,SSG,132,67,61,4,0.523,13.5,2025,9,,7.0,0.0,3.0,32.0,4.0,29.0,35.0,0.0,32.0
2025-09-18,4,삼성,135,68,65,2,0.511,15.0,2025,9,,5.0,0.0,5.0,37.0,0.0,30.0,31.0,2.0,35.0
2025-09-18,5,KT,136,66,66,4,0.5,16.5,2025,9,,4.0,0.0,6.0,33.0,1.0,35.0,33.0,3.0,31.0
2025-09-18,6,롯데,135,64,65,6,0.496,17.0,2025,9,,3.0,1.0,6.0,34.0,4.0,31.0,30.0,2.0,34.0
2025-09-18,7,NC,133,62,65,6,0.488,18.0,2025,9,,5.0,0.0,5.0,33.0,1.0,33.0,29.0,5.0,32.0
2025-09-18,8,KIA,134,61,69,4,0.469,20.5,2025,9,,4.0,0.0,6.0,32.0,2.0,30.0,29.0,2.0,39.0
2025-09-18,9,두산,135,57,72,6,0.442,24.0,2025,9,,3.0,0.0,7.0,27.0,4.0,38.0,30.0,2.0,34.0
2025-09-18,10,키움,138,46,88,4,0.343,37.5,2025,9,,6.0,0.0,4.0,23.0,2.0,43.0,23.0,2.0,45.0
2025-09-19,1,LG,136,83,50,3,0.624,0.0,2025,9,,6.0,0.0,4.0,41.0,1.0,26.0,42.0,2.0,24.0
2025-09-19,2,한화,136,80,53,3,0.602,3.0,2025,9,,8.0,0.0,2.0,41.0,2.0,26.0,39.0,1.0,27.0
2025-09-19,3,SSG,132,67,61,4,0.523,13.5,2025,9,,7.0,0.0,3.0,32.0,4.0,29.0,35.0,0.0,32.0
2025-09-19,4,삼성,135,68,65,2,0.511,15.0,2025,9,,5.0,0.0,5.0,37.0,0.0,30.0,31.0,2.0,35.0
2025-09-19,5,KT,136,66,66,4,0.5,16.5,2025,9,,4.0,0.0,6.0,33.0,1.0,35.0,33.0,3.0,31.0
2025-09-19,5,롯데,136,65,65,6,0.5,16.5,2025,9,,4.0,0.0,6.0,34.0,4.0,31.0,31.0,2.0,34.0
2025-09-19,7,NC,134,62,66,6,0.484,18.5,2025,9,,5.0,0.0,5.0,33.0,1.0,34.0,29.0,5.0,32.0
2025-09-19,8,KIA,134,61,69,4,0.469,20.5,2025,9,,4.0,0.0,6.0,32.0,2.0,30.0,29.0,2.0,39.0
2025-09-19,9,두산,135,57,72,6,0.442,24.0,2025,9,,3.0,0.0,7.0,27.0,4.0,38.0,30.0,2.0,34.0
2025-09-19,10,키움,138,46,88,4,0.343,37.5,2025,9,,6.0,0.0,4.0,23.0,2.0,43.0,23.0,2.0,45.0
2025-09-20,1,LG,137,83,51,3,0.619,0.0,2025,9,,5.0,0.0,5.0,41.0,1.0,27.0,42.0,2.0,24.0
2025-09-20,2,한화,137,80,54,3,0.597,3.0,2025,9,,7.0,0.0,3.0,41.0,2.0,26.0,39.0,1.0,28.0
2025-09-20,3,SSG,133,68,61,4,0.527,12.5,2025,9,,7.0,0.0,3.0,33.0,4.0,29.0,35.0,0.0,32.0
2025-09-20,4,삼성,136,69,65,2,0.515,14.0,2025,9,,6.0,0.0,4.0,37.0,0.0,30.0,32.0,2.0,35.0
2025-09-20,5,KT,137,67,66,4,0.504,15.5,2025,9,,5.0,0.0,5.0,34.0,1.0,35.0,33.0,3.0,31.0
2025-09-20,6,롯데,137,65,66,6,0.496,16.5,2025,9,,3.0,0.0,7.0,34.0,4.0,32.0,31.0,2.0,34.0
2025-09-20,7,NC,135,62,67,6,0.481,18.5,2025,9,,5.0,0.0,5.0,33.0,1.0,34.0,29.0,5.0,33.0
2025-09-20,8,KIA,135,62,69,4,0.473,19.5,2025,9,,4.0,0.0,6.0,33.0,2.0,30.0,29.0,2.0,39.0
2025-09-20,9,두산,136,57,73,6,0.438,24.0,2025,9,,2.0,0.0,8.0,27.0,4.0,38.0,30.0,2.0,35.0
2025-09-20,10,키움,139,47,88,4,0.348,36.5,2025,9,,6.0,0.0,4.0,23.0,2.0,43.0,24.0,2.0,45.0
2025-09-21,1,LG,137,83,51,3,0.619,0.0,2025,9,,5.0,0.0,5.0,41.0,1.0,27.0,42.0,2.0,24.0
2025-09-21,2,한화,137,80,54,3,0.597,3.0,2025,9,,7.0,0.0,3.0,41.0,2.0,26.0,39.0,1.0,28.0
2025-09-21,3,SSG,134,69,61,4,0.531,12.0,2025,9,,7.0,0.0,3.0,34.0,4.0,29.0,35.0,0.0,32.0
2025-09-21,4,삼성,137,69,66,2,0.511,14.5,2025,9,,5.0,0.0,5.0,37.0,0.0,30.0,32.0,2.0,36.0
2025-09-21,5,KT,138,68,66,4,0.507,15.0,2025,9,,5.0,0.0,5.0,35.0,1.0,35.0,33.0,3.0,31.0
2025-09-21,6,롯데,137,65,66,6,0.496,16.5,2025,9,,3.0,0.0,7.0,34.0,4.0,32.0,31.0,2.0,34.0
2025-09-21,7,NC,136,63,67,6,0.485,18.0,2025,9,,5.0,0.0,5.0,33.0,1.0,34.0,30.0,5.0,33.0
2025-09-21,8,KIA,136,62,70,4,0.47,20.0,2025,9,,4.0,0.0,6.0,33.0,2.0,31.0,29.0,2.0,39.0
2025-09-21,9,두산,137,57,74,6,0.435,24.5,2025,9,,1.0,0.0,9.0,27.0,4.0,38.0,30.0,2.0,36.0
2025-09-21,10,키움,139,47,88,4,0.348,36.5,2025,9,,6.0,0.0,4.0,23.0,2.0,43.0,24.0,2.0,45.0
2025-09-22,1,LG,137,83,51,3,0.619,0.0,2025,9,,5.0,0.0,5.0,41.0,1.0,27.0,42.0,2.0,24.0
2025-09-22,2,한화,137,80,54,3,0.597,3.0,2025,9,,7.0,0.0,3.0,41.0,2.0,26.0,39.0,1.0,28.0
2025-09-22,3,SSG,135,69,62,4,0.527,12.5,2025,9,,6.0,0.0,4.0,34.0,4.0,30.0,35.0,0.0,32.0
2025-09-22,4,삼성,137,69,66,2,0.511,14.5,2025,9,,5.0,0.0,5.0,37.0,0.0,30.0,32.0,2.0,36.0
2025-09-22,5,KT,138,68,66,4,0.507,15.0,2025,9,,5.0,0.0,5.0,35.0,1.0,35.0,33.0,3.0,31.0
2025-09-22,6,롯데,137,65,66,6,0.496,16.5,2025,9,,3.0,0.0,7.0,34.0,4.0,32.0,31.0,2.0,34.0
2025-09-22,7,NC,136,63,67,6,0.485,18.0,2025,9,,5.0,0.0,5.0,33.0,1.0,34.0,30.0,5.0,33.0
2025-09-22,8,KIA,136,62,70,4,0.47,20.0,2025,9,,4.0,0.0,6.0,33.0,2.0,31.0,29.0,2.0,39.0
2025-09-22,9,두산,138,58,74,6,0.439,24.0,2025,9,,2.0,0.0,8.0,27.0,4.0,38.0,31.0,2.0,36.0
2025-09-22,10,키움,139,47,88,4,0.348,36.5,2025,9,,6.0,0.0,4.0,23.0,2.0,43.0,24.0,2.0,45.0
2025-09-23,1,LG,137,83,51,3,0.619,0.0,2025,9,,5.0,0.0,5.0,41.0,1.0,27.0,42.0,2.0,24.0
2025-09-23,2,한화,137,80,54,3,0.597,3.0,2025,9,,7.0,0.0,3.0,41.0,2.0,26.0,39.0,1.0,28.0
2025-09-23,3,SSG,136,70,62,4,0.53,12.0,2025,9,,6.0,0.0,4.0,35.0,4.0,30.0,35.0,0.0,32.0
2025-09-23,4,삼성,138,70,66,2,0.515,14.0,2025,9,,6.0,0.0,4.0,38.0,0.0,30.0,32.0,2.0,36.0
2025-09-23,5,KT,139,69,66,4,0.511,14.5,2025,9,,6.0,0.0,4.0,36.0,1.0,35.0,33.0,3.0,31.0
2025-09-23,6,롯데,138,65,67,6,0.492,17.0,2025,9,,3.0,0.0,7.0,34.0,4.0,33.0,31.0,2.0,34.0
2025-09-23,7,NC,137,64,67,6,0.489,17.5,2025,9,,5.0,0.0,5.0,33.0,1.0,34.0,31.0,5.0,33.0
2025-09-23,8,KIA,137,62,71,4,0.466,20.5,2025,9,,3.0,0.0,7.0,33.0,2.0,31.0,29.0,2.0,40.0
2025-09-23,9,두산,139,58,75,6,0.436,24.5,2025,9,,2.0,0.0,8.0,27.0,4.0,38.0,31.0,2.0,37.0
2025-09-23,10,키움,140,47,89,4,0.346,37.0,2025,9,,6.0,0.0,4.0,23.0,2.0,43.0,24.0,2.0,46.0
2025-09-24,1,LG,138,83,52,3,0.615,0.0,2025,9,,5.0,0.0,5.0,41.0,1.0,27.0,42.0,2.0,25.0
2025-09-24,2,한화,137,80,54,3,0.597,2.5,2025,9,,7.0,0.0,3.0,41.0,2.0,26.0,39.0,1.0,28.0
2025-09-24,3,SSG,136,70,62,4,0.53,11.5,2025,9,,6.0,0.0,4.0,35.0,4.0,30.0,35.0,0.0,32.0
2025-09-24,4,삼성,139,71,66,2,0.518,13.0,2025,9,,6.0,0.0,4.0,39.0,0.0,30.0,32.0,2.0,36.0
2025-09-24,5,KT,139,69,66,4,0.511,14.0,2025,9,,6.0,0.0,4.0,36.0,1.0,35.0,33.0,3.0,31.0
2025-09-24,6,NC,138,65,67,6,0.492,16.5,2025,9,,6.0,0.0,4.0,34.0,1.0,34.0,31.0,5.0,33.0
2025-09-24,7,롯데,139,65,68,6,0.489,17.0,2025,9,,3.0,0.0,7.0,34.0,4.0,33.0,31.0,2.0,35.0
2025-09-24,8,KIA,138,63,71,4,0.47,19.5,2025,9,,4.0,0.0,6.0,33.0,2.0,31.0,30.0,2.0,40.0
2025-09-24,9,두산,139,58,75,6,0.436,24.0,2025,9,,2.0,0.0,8.0,27.0,4.0,38.0,31.0,2.0,37.0
2025-09-24,10,키움,141,47,90,4,0.343,37.0,2025,9,,5.0,0.0,5.0,23.0,2.0,44.0,24.0,2.0,46.0
2025-09-25,1,LG,139,84,52,3,0.618,0.0,2025,9,,6.0,0.0,4.0,41.0,1.0,27.0,43.0,2.0,25.0
2025-09-25,2,한화,138,80,55,3,0.593,3.5,2025,9,,7.0,0.0,3.0,41.0,2.0,26.0,39.0,1.0,29.0
2025-09-25,3,SSG,137,70,63,4,0.526,12.5,2025,9,,5.0,0.0,5.0,35.0,4.0,31.0,35.0,0.0,32.0
2025-09-25,4,삼성,140,72,66,2,0.522,13.0,2025,9,,7.0,0.0,3.0,40.0,0.0,30.0,32.0,2.0,36.0
2025-09-25,5,KT,140,70,66,4,0.515,14.0,2025,9,,6.0,0.0,4.0,36.0,1.0,35.0,34.0,3.0,31.0
2025-09-25,6,NC,138,65,67,6,0.492,17.0,2025,9,,6.0,0.0,4.0,34.0,1.0,34.0,31.0,5.0,33.0
2025-09-25,7,롯데,140,65,69,6,0.485,18.0,2025,9,,3.0,0.0,7.0,34.0,4.0,34.0,31.0,2.0,35.0
2025-09-25,8,KIA,138,63,71,4,0.47,20.0,2025,9,,4.0,0.0,6.0,33.0,2.0,31.0,30.0,2.0,40.0
2025-09-25,9,두산,140,59,75,6,0.44,24.0,2025,9,,3.0,0.0,7.0,28.0,4.0,38.0,31.0,2.0,37.0
2025-09-25,10,키움,142,47,91,4,0.341,38.0,2025,9,,4.0,0.0,6.0,23.0,2.0,44.0,24.0,2.0,47.0
2025-09-27,1,LG,141,85,53,3,0.616,0.0,2025,9,,6.0,0.0,4.0,41.0,1.0,27.0,44.0,2.0,26.0
2025-09-27,2,한화,140,81,56,3,0.591,3.5,2025,9,,6.0,0.0,4.0,42.0,2.0,27.0,39.0,1.0,29.0
2025-09-27,3,SSG,139,72,63,4,0.533,11.5,2025,9,,6.0,0.0,4.0,36.0,4.0,31.0,36.0,0.0,32.0
2025-09-27,4,삼성,141,72,67,2,0.518,13.5,2025,9,,7.0,0.0,3.0,40.0,0.0,30.0,32.0,2.0,37.0
2025-09-27,5,KT,141,70,67,4,0.511,14.5,2025,9,,5.0,0.0,5.0,36.0,1.0,35.0,34.0,3.0,32.0
2025-09-27,6,NC,140,67,67,6,0.5,16.0,2025,9,,6.0,0.0,4.0,34.0,1.0,34.0,33.0,5.0,33.0
2025-09-27,7,롯데,141,66,69,6,0.489,17.5,2025,9,,4.0,0.0,6.0,35.0,4.0,34.0,31.0,2.0,35.0
2025-09-27,8,KIA,139,63,72,4,0.467,20.5,2025,9,,3.0,0.0,7.0,33.0,2.0,32.0,30.0,2.0,40.0
2025-09-27,9,두산,142,59,77,6,0.434,25.0,2025,9,,3.0,0.0,7.0,28.0,4.0,40.0,31.0,2.0,37.0
2025-09-27,10,키움,142,47,91,4,0.341,38.0,2025,9,,4.0,0.0,6.0,23.0,2.0,44.0,24.0,2.0,47.0
2025-09-28,1,LG,141,85,53,3,0.616,0.0,2025,9,,6.0,0.0,4.0,41.0,1.0,27.0,44.0,2.0,26.0
2025-09-28,2,한화,140,81,56,3,0.591,3.5,2025,9,,6.0,0.0,4.0,42.0,2.0,27.0,39.0,1.0,29.0
2025-09-28,3,SSG,139,72,63,4,0.533,11.5,2025,9,,6.0,0.0,4.0,36.0,4.0,31.0,36.0,0.0,32.0
2025-09-28,4,삼성,142,73,67,2,0.521,13.0,2025,9,,8.0,0.0,2.0,40.0,0.0,30.0,33.0,2.0,37.0
2025-09-28,5,KT,141,70,67,4,0.511,14.5,2025,9,,5.0,0.0,5.0,36.0,1.0,35.0,34.0,3.0,32.0
2025-09-28,6,NC,140,67,67,6,0.5,16.0,2025,9,,6.0,0.0,4.0,34.0,1.0,34.0,33.0,5.0,33.0
2025-09-28,7,롯데,142,66,70,6,0.485,18.0,2025,9,,4.0,0.0,6.0,35.0,4.0,34.0,31.0,2.0,36.0
2025-09-28,8,KIA,139,63,72,4,0.467,20.5,2025,9,,3.0,0.0,7.0,33.0,2.0,32.0,30.0,2.0,40.0
2025-09-28,9,두산,143,60,77,6,0.438,24.5,2025,9,,4.0,0.0,6.0,29.0,4.0,40.0,31.0,2.0,37.0
2025-09-28,10,키움,143,47,92,4,0.338,38.5,2025,9,,4.0,0.0,6.0,23.0,2.0,45.0,24.0,2.0,47.0
2025-09-29,1,LG,142,85,54,3,0.612,0.0,2025,9,,6.0,0.0,4.0,41.0,1.0,27.0,44.0,2.0,27.0
2025-09-29,2,한화,141,82,56,3,0.594,2.5,2025,9,,6.0,0.0,4.0,43.0,2.0,27.0,39.0,1.0,29.0
2025-09-29,3,SSG,140,73,63,4,0.537,10.5,2025,9,,7.0,0.0,3.0,37.0,4.0,31.0,36.0,0.0,32.0
2025-09-29,4,삼성,142,73,67,2,0.521,12.5,2025,9,,8.0,0.0,2.0,40.0,0.0,30.0,33.0,2.0,37.0
2025-09-29,5,KT,141,70,67,4,0.511,14.0,2025,9,,5.0,0.0,5.0,36.0,1.0,35.0,34.0,3.0,32.0
2025-09-29,6,NC,141,68,67,6,0.504,15.0,2025,9,,7.0,0.0,3.0,34.0,1.0,34.0,34.0,5.0,33.0
2025-09-29,7,롯데,143,66,71,6,0.482,18.0,2025,9,,3.0,0.0,7.0,35.0,4.0,34.0,31.0,2.0,37.0
2025-09-29,8,KIA,140,63,73,4,0.463,20.5,2025,9,,2.0,0.0,8.0,33.0,2.0,33.0,30.0,2.0,40.0
2025-09-29,9,두산,143,60,77,6,0.438,24.0,2025,9,,4.0,0.0,6.0,29.0,4.0,40.0,31.0,2.0,37.0
2025-09-29,10,키움,143,47,92,4,0.338,38.0,2025,9,,4.0,0.0,6.0,23.0,2.0,45.0,24.0,2.0,47.0
2025-09-30,1,LG,143,85,55,3,0.607,0.0,2025,9,,5.0,0.0,5.0,41.0,1.0,28.0,44.0,2.0,27.0
2025-09-30,2,한화,142,83,56,3,0.597,1.5,2025,9,,7.0,0.0,3.0,44.0,2.0,27.0,39.0,1.0,29.0
2025-09-30,3,SSG,141,74,63,4,0.54,9.5,2025,9,,7.0,0.0,3.0,37.0,4.0,31.0,37.0,0.0,32.0
2025-09-30,4,삼성,143,74,67,2,0.525,11.5,2025,9,,8.0,0.0,2.0,41.0,0.0,30.0,33.0,2.0,37.0
2025-09-30,5,NC,142,69,67,6,0.507,14.0,2025,9,,7.0,0.0,3.0,35.0,1.0,34.0,34.0,5.0,33.0
2025-09-30,6,KT,142,70,68,4,0.507,14.0,2025,9,,4.0,0.0,6.0,36.0,1.0,35.0,34.0,3.0,33.0
2025-09-30,7,롯데,144,66,72,6,0.478,18.0,2025,9,,2.0,0.0,8.0,35.0,4.0,34.0,31.0,2.0,38.0
2025-09-30,8,KIA,141,63,74,4,0.46,20.5,2025,9,,2.0,0.0,8.0,33.0,2.0,33.0,30.0,2.0,41.0
2025-09-30,9,두산,144,61,77,6,0.442,23.0,2025,9,,5.0,0.0,5.0,29.0,4.0,40.0,32.0,2.0,37.0
2025-09-30,10,키움,144,47,93,4,0.336,38.0,2025,9,,3.0,0.0,7.0,23.0,2.0,46.0,24.0,2.0,47.0
2025-10-01,1,LG,144,85,56,3,0.603,0.0,2025,10,,4.0,0.0,6.0,41.0,1.0,29.0,44.0,2.0,27.0
2025-10-01,2,한화,143,83,57,3,0.593,1.5,2025,10,,6.0,0.0,4.0,44.0,2.0,27.0,39.0,1.0,30.0
2025-10-01,3,SSG,142,75,63,4,0.543,8.5,2025,10,,8.0,0.0,2.0,38.0,4.0,31.0,37.0,0.0,32.0
2025-10-01,4,삼성,143,74,67,2,0.525,11.0,2025,10,,8.0,0.0,2.0,41.0,0.0,30.0,33.0,2.0,37.0
2025-10-01,5,NC,143,70,67,6,0.511,13.0,2025,10,,8.0,0.0,2.0,35.0,1.0,34.0,35.0,5.0,33.0
2025-10-01,6,KT,143,71,68,4,0.511,13.0,2025,10,,5.0,0.0,5.0,36.0,1.0,35.0,35.0,3.0,33.0
2025-10-01,7,롯데,144,66,72,6,0.478,17.5,2025,10,,2.0,0.0,8.0,35.0,4.0,34.0,31.0,2.0,38.0
2025-10-01,8,KIA,142,63,75,4,0.457,20.5,2025,10,,2.0,0.0,8.0,33.0,2.0,34.0,30.0,2.0,41.0
2025-10-01,9,두산,144,61,77,6,0.442,22.5,2025,10,,5.0,0.0,5.0,29.0,4.0,40.0,32.0,2.0,37.0
2025-10-01,10,키움,144,47,93,4,0.336,37.5,2025,10,,3.0,0.0,7.0,23.0,2.0,46.0,24.0,2.0,47.0
2025-10-02,1,LG,144,85,56,3,0.603,0.0,2025,10,,4.0,0.0,6.0,41.0,1.0,29.0,44.0,2.0,27.0
2025-10-02,2,한화,143,83,57,3,0.593,1.5,2025,10,,6.0,0.0,4.0,44.0,2.0,27.0,39.0,1.0,30.0
2025-10-02,3,SSG,143,75,64,4,0.54,9.0,2025,10,,7.0,0.0,3.0,38.0,4.0,31.0,37.0,0.0,33.0
2025-10-02,4,삼성,143,74,67,2,0.525,11.0,2025,10,,8.0,0.0,2.0,41.0,0.0,30.0,33.0,2.0,37.0
2025-10-02,5,NC,143,70,67,6,0.511,13.0,2025,10,,8.0,0.0,2.0,35.0,1.0,34.0,35.0,5.0,33.0
2025-10-02,6,KT,143,71,68,4,0.511,13.0,2025,10,,5.0,0.0,5.0,36.0,1.0,35.0,35.0,3.0,33.0
2025-10-02,7,롯데,144,66,72,6,0.478,17.5,2025,10,,2.0,0.0,8.0,35.0,4.0,34.0,31.0,2.0,38.0
2025-10-02,8,KIA,143,64,75,4,0.46,20.0,2025,10,,3.0,0.0,7.0,34.0,2.0,34.0,30.0,2.0,41.0
2025-10-02,9,두산,144,61,77,6,0.442,22.5,2025,10,,5.0,0.0,5.0,29.0,4.0,40.0,32.0,2.0,37.0
2025-10-02,10,키움,144,47,93,4,0.336,37.5,2025,10,,3.0,0.0,7.0,23.0,2.0,46.0,24.0,2.0,47.0
2025-10-03,1,LG,144,85,56,3,0.603,0.0,2025,10,,4.0,0.0,6.0,41.0,1.0,29.0,44.0,2.0,27.0
2025-10-03,2,한화,144,83,57,4,0.593,1.5,2025,10,,5.0,1.0,4.0,44.0,2.0,27.0,39.0,2.0,30.0
2025-10-03,3,SSG,143,75,64,4,0.54,9.0,2025,10,,7.0,0.0,3.0,38.0,4.0,31.0,37.0,0.0,33.0
2025-10-03,4,삼성,143,74,67,2,0.525,11.0,2025,10,,8.0,0.0,2.0,41.0,0.0,30.0,33.0,2.0,37.0
2025-10-03,5,NC,143,70,67,6,0.511,13.0,2025,10,,8.0,0.0,2.0,35.0,1.0,34.0,35.0,5.0,33.0
2025-10-03,6,KT,144,71,68,5,0.511,13.0,2025,10,,5.0,1.0,4.0,36.0,2.0,35.0,35.0,3.0,33.0
2025-10-03,7,롯데,144,66,72,6,0.478,17.5,2025,10,,2.0,0.0,8.0,35.0,4.0,34.0,31.0,2.0,38.0
2025-10-03,8,KIA,143,64,75,4,0.46,20.0,2025,10,,3.0,0.0,7.0,34.0,2.0,34.0,30.0,2.0,41.0
2025-10-03,9,두산,144,61,77,6,0.442,22.5,2025,10,,5.0,0.0,5.0,29.0,4.0,40.0,32.0,2.0,37.0
2025-10-03,10,키움,144,47,93,4,0.336,37.5,2025,10,,3.0,0.0,7.0,23.0,2.0,46.0,24.0,2.0,47.0
2025-10-04,1,LG,144,85,56,3,0.603,0.0,2025,10,,4.0,0.0,6.0,41.0,1.0,29.0,44.0,2.0,27.0
2025-10-04,2,한화,144,83,57,4,0.593,1.5,2025,10,,5.0,1.0,4.0,44.0,2.0,27.0,39.0,2.0,30.0
2025-10-04,3,SSG,144,75,65,4,0.536,9.5,2025,10,,6.0,0.0,4.0,38.0,4.0,31.0,37.0,0.0,34.0
2025-10-04,4,삼성,144,74,68,2,0.521,11.5,2025,10,,7.0,0.0,3.0,41.0,0.0,30.0,33.0,2.0,38.0
2025-10-04,5,NC,144,71,67,6,0.514,12.5,2025,10,,9.0,0.0,1.0,36.0,1.0,34.0,35.0,5.0,33.0
2025-10-04,6,KT,144,71,68,5,0.511,13.0,2025,10,,5.0,1.0,4.0,36.0,2.0,35.0,35.0,3.0,33.0
2025-10-04,7,롯데,144,66,72,6,0.478,17.5,2025,10,,2.0,0.0,8.0,35.0,4.0,34.0,31.0,2.0,38.0
2025-10-04,8,KIA,144,65,75,4,0.464,19.5,2025,10,,4.0,0.0,6.0,35.0,2.0,34.0,30.0,2.0,41.0
2025-10-04,9,두산,144,61,77,6,0.442,22.5,2025,10,,5.0,0.0,5.0,29.0,4.0,40.0,32.0,2.0,37.0
2025-10-04,10,키움,144,47,93,4,0.336,37.5,2025,10,,3.0,0.0,7.0,23.0,2.0,46.0,24.0,2.0,47.0
2026-03-28,1,한화,1,1,0,0,1.0,0.0,2026,3,,1.0,0.0,0.0,1.0,0.0,0.0,0.0,0.0,0.0
2026-03-28,1,SSG,1,1,0,0,1.0,0.0,2026,3,,1.0,0.0,0.0,1.0,0.0,0.0,0.0,0.0,0.0
2026-03-28,1,NC,1,1,0,0,1.0,0.0,2026,3,,1.0,0.0,0.0,1.0,0.0,0.0,0.0,0.0,0.0
2026-03-28,1,KT,1,1,0,0,1.0,0.0,2026,3,,1.0,0.0,0.0,0.0,0.0,0.0,1.0,0.0,0.0
2026-03-28,1,롯데,1,1,0,0,1.0,0.0,2026,3,,1.0,0.0,0.0,0.0,0.0,0.0,1.0,0.0,0.0
2026-03-28,6,LG,1,0,1,0,0.0,1.0,2026,3,,0.0,0.0,1.0,0.0,0.0,1.0,0.0,0.0,0.0
2026-03-28,6,삼성,1,0,1,0,0.0,1.0,2026,3,,0.0,0.0,1.0,0.0,0.0,1.0,0.0,0.0,0.0
2026-03-28,6,KIA,1,0,1,0,0.0,1.0,2026,3,,0.0,0.0,1.0,0.0,0.0,0.0,0.0,0.0,1.0
2026-03-28,6,두산,1,0,1,0,0.0,1.0,2026,3,,0.0,0.0,1.0,0.0,0.0,0.0,0.0,0.0,1.0
2026-03-28,6,키움,1,0,1,0,0.0,1.0,2026,3,,0.0,0.0,1.0,0.0,0.0,0.0,0.0,0.0,1.0
2026-03-29,1,한화,2,2,0,0,1.0,0.0,2026,3,,2.0,0.0,0.0,2.0,0.0,0.0,0.0,0.0,0.0
2026-03-29,1,SSG,2,2,0,0,1.0,0.0,2026,3,,2.0,0.0,0.0,2.0,0.0,0.0,0.0,0.0,0.0
2026-03-29,1,KT,2,2,0,0,1.0,0.0,2026,3,,2.0,0.0,0.0,0.0,0.0,0.0,2.0,0.0,0.0
2026-03-29,1,롯데,2,2,0,0,1.0,0.0,2026,3,,2.0,0.0,0.0,0.0,0.0,0.0,2.0,0.0,0.0
2026-03-29,5,NC,2,1,1,0,0.5,1.0,2026,3,,1.0,0.0,1.0,1.0,0.0,1.0,0.0,0.0,0.0
2026-03-29,5,두산,2,1,1,0,0.5,1.0,2026,3,,1.0,0.0,1.0,0.0,0.0,0.0,1.0,0.0,1.0
2026-03-29,7,LG,2,0,2,0,0.0,2.0,2026,3,,0.0,0.0,2.0,0.0,0.0,2.0,0.0,0.0,0.0
2026-03-29,7,삼성,2,0,2,0,0.0,2.0,2026,3,,0.0,0.0,2.0,0.0,0.0,2.0,0.0,0.0,0.0
2026-03-29,7,KIA,2,0,2,0,0.0,2.0,2026,3,,0.0,0.0,2.0,0.0,0.0,0.0,0.0,0.0,2.0
2026-03-29,7,키움,2,0,2,0,0.0,2.0,2026,3,,0.0,0.0,2.0,0.0,0.0,0.0,0.0,0.0,2.0
2026-03-31,1,SSG,3,3,0,0,1.0,0.0,2026,3,,3.0,0.0,0.0,3.0,0.0,0.0,0.0,0.0,0.0
2026-03-31,1,KT,3,3,0,0,1.0,0.0,2026,3,,3.0,0.0,0.0,0.0,0.0,0.0,3.0,0.0,0.0
2026-03-31,3,한화,3,2,1,0,0.667,1.0,2026,3,,2.0,0.0,1.0,2.0,0.0,1.0,0.0,0.0,0.0
2026-03-31,3,NC,3,2,1,0,0.667,1.0,2026,3,,2.0,0.0,1.0,2.0,0.0,1.0,0.0,0.0,0.0
2026-03-31,3,롯데,3,2,1,0,0.667,1.0,2026,3,,2.0,0.0,1.0,0.0,0.0,0.0,2.0,0.0,1.0
2026-03-31,6,두산,3,1,1,1,0.5,1.5,2026,3,,1.0,1.0,1.0,0.0,0.0,0.0,1.0,1.0,1.0
2026-03-31,7,KIA,3,1,2,0,0.333,2.0,2026,3,,1.0,0.0,2.0,0.0,0.0,0.0,1.0,0.0,2.0
2026-03-31,8,LG,3,0,3,0,0.0,3.0,2026,3,,0.0,0.0,3.0,0.0,0.0,3.0,0.0,0.0,0.0
2026-03-31,8,삼성,3,0,2,1,0.0,2.5,2026,3,,0.0,1.0,2.0,0.0,1.0,2.0,0.0,0.0,0.0
2026-03-31,8,키움,3,0,3,0,0.0,3.0,2026,3,,0.0,0.0,3.0,0.0,0.0,0.0,0.0,0.0,3.0
2026-04-01,1,KT,4,4,0,0,1.0,0.0,2026,4,,4.0,0.0,0.0,0.0,0.0,0.0,4.0,0.0,0.0
2026-04-01,2,SSG,4,3,1,0,0.75,1.0,2026,4,,3.0,0.0,1.0,3.0,0.0,1.0,0.0,0.0,0.0
2026-04-01,2,NC,4,3,1,0,0.75,1.0,2026,4,,3.0,0.0,1.0,3.0,0.0,1.0,0.0,0.0,0.0
2026-04-01,4,한화,4,2,2,0,0.5,2.0,2026,4,,2.0,0.0,2.0,2.0,0.0,2.0,0.0,0.0,0.0
2026-04-01,4,롯데,4,2,2,0,0.5,2.0,2026,4,,2.0,0.0,2.0,0.0,0.0,0.0,2.0,0.0,2.0
2026-04-01,6,삼성,4,1,2,1,0.333,2.5,2026,4,,1.0,1.0,2.0,1.0,1.0,2.0,0.0,0.0,0.0
2026-04-01,6,두산,4,1,2,1,0.333,2.5,2026,4,,1.0,1.0,2.0,0.0,0.0,0.0,1.0,1.0,2.0
2026-04-01,8,LG,4,1,3,0,0.25,3.0,2026,4,,1.0,0.0,3.0,1.0,0.0,3.0,0.0,0.0,0.0
2026-04-01,8,KIA,4,1,3,0,0.25,3.0,2026,4,,1.0,0.0,3.0,0.0,0.0,0.0,1.0,0.0,3.0
2026-04-01,8,키움,4,1,3,0,0.25,3.0,2026,4,,1.0,0.0,3.0,0.0,0.0,0.0,1.0,0.0,3.0
2026-04-02,1,KT,5,5,0,0,1.0,0.0,2026,4,,5.0,0.0,0.0,0.0,0.0,0.0,5.0,0.0,0.0
2026-04-02,2,SSG,5,4,1,0,0.8,1.0,2026,4,,4.0,0.0,1.0,4.0,0.0,1.0,0.0,0.0,0.0
2026-04-02,2,NC,5,4,1,0,0.8,1.0,2026,4,,4.0,0.0,1.0,4.0,0.0,1.0,0.0,0.0,0.0
2026-04-02,4,삼성,5,2,2,1,0.5,2.5,2026,4,,2.0,1.0,2.0,2.0,1.0,2.0,0.0,0.0,0.0
2026-04-02,5,LG,5,2,3,0,0.4,3.0,2026,4,,2.0,0.0,3.0,2.0,0.0,3.0,0.0,0.0,0.0
2026-04-02,5,한화,5,2,3,0,0.4,3.0,2026,4,,2.0,0.0,3.0,2.0,0.0,3.0,0.0,0.0,0.0
2026-04-02,5,롯데,5,2,3,0,0.4,3.0,2026,4,,2.0,0.0,3.0,0.0,0.0,0.0,2.0,0.0,3.0
2026-04-02,8,두산,5,1,3,1,0.25,3.5,2026,4,,1.0,1.0,3.0,0.0,0.0,0.0,1.0,1.0,3.0
2026-04-02,9,KIA,5,1,4,0,0.2,4.0,2026,4,,1.0,0.0,4.0,0.0,0.0,0.0,1.0,0.0,4.0
2026-04-02,9,키움,5,1,4,0,0.2,4.0,2026,4,,1.0,0.0,4.0,0.0,0.0,0.0,1.0,0.0,4.0
2026-04-03,1,SSG,6,5,1,0,0.833,0.0,2026,4,,5.0,0.0,1.0,4.0,0.0,1.0,1.0,0.0,0.0
2026-04-03,1,NC,6,5,1,0,0.833,0.0,2026,4,,5.0,0.0,1.0,4.0,0.0,1.0,1.0,0.0,0.0
2026-04-03,1,KT,6,5,1,0,0.833,0.0,2026,4,,5.0,0.0,1.0,0.0,0.0,1.0,5.0,0.0,0.0
2026-04-03,4,삼성,6,3,2,1,0.6,1.5,2026,4,,3.0,1.0,2.0,2.0,1.0,2.0,1.0,0.0,0.0
2026-04-03,5,한화,6,3,3,0,0.5,2.0,2026,4,,3.0,0.0,3.0,2.0,0.0,3.0,1.0,0.0,0.0
2026-04-03,6,LG,6,2,4,0,0.333,3.0,2026,4,,2.0,0.0,4.0,2.0,0.0,3.0,0.0,0.0,1.0
2026-04-03,6,롯데,6,2,4,0,0.333,3.0,2026,4,,2.0,0.0,4.0,0.0,0.0,1.0,2.0,0.0,3.0
2026-04-03,6,키움,6,2,4,0,0.333,3.0,2026,4,,2.0,0.0,4.0,1.0,0.0,0.0,1.0,0.0,4.0
2026-04-03,9,두산,6,1,4,1,0.2,3.5,2026,4,,1.0,1.0,4.0,0.0,0.0,1.0,1.0,1.0,3.0
2026-04-03,10,KIA,6,1,5,0,0.167,4.0,2026,4,,1.0,0.0,5.0,0.0,0.0,1.0,1.0,0.0,4.0
2026-04-04,1,SSG,7,6,1,0,0.857,0.0,2026,4,,6.0,0.0,1.0,4.0,0.0,1.0,2.0,0.0,0.0
2026-04-04,1,NC,7,6,1,0,0.857,0.0,2026,4,,6.0,0.0,1.0,4.0,0.0,1.0,2.0,0.0,0.0
2026-04-04,3,KT,7,5,2,0,0.714,1.0,2026,4,,5.0,0.0,2.0,0.0,0.0,2.0,5.0,0.0,0.0
2026-04-04,4,삼성,7,4,2,1,0.667,1.5,2026,4,,4.0,1.0,2.0,2.0,1.0,2.0,2.0,0.0,0.0
2026-04-04,5,한화,7,4,3,0,0.571,2.0,2026,4,,4.0,0.0,3.0,2.0,0.0,3.0,2.0,0.0,0.0
2026-04-04,6,LG,7,3,4,0,0.429,3.0,2026,4,,3.0,0.0,4.0,2.0,0.0,3.0,1.0,0.0,1.0
2026-04-04,7,롯데,7,2,5,0,0.286,4.0,2026,4,,2.0,0.0,5.0,0.0,0.0,2.0,2.0,0.0,3.0
2026-04-04,7,키움,7,2,5,0,0.286,4.0,2026,4,,2.0,0.0,5.0,1.0,0.0,1.0,1.0,0.0,4.0
2026-04-04,9,두산,7,1,5,1,0.167,4.5,2026,4,,1.0,1.0,5.0,0.0,0.0,2.0,1.0,1.0,3.0
2026-04-04,10,KIA,7,1,6,0,0.143,5.0,2026,4,,1.0,0.0,6.0,0.0,0.0,2.0,1.0,0.0,4.0
2026-04-05,1,SSG,8,7,1,0,0.875,0.0,2026,4,,7.0,0.0,1.0,4.0,0.0,1.0,3.0,0.0,0.0
2026-04-05,2,NC,8,6,2,0,0.75,1.0,2026,4,,6.0,0.0,2.0,4.0,0.0,1.0,2.0,0.0,1.0
2026-04-05,2,KT,8,6,2,0,0.75,1.0,2026,4,,6.0,0.0,2.0,1.0,0.0,2.0,5.0,0.0,0.0
2026-04-05,4,삼성,8,4,3,1,0.571,2.5,2026,4,,4.0,1.0,3.0,2.0,1.0,2.0,2.0,0.0,1.0
2026-04-05,5,LG,8,4,4,0,0.5,3.0,2026,4,,4.0,0.0,4.0,2.0,0.0,3.0,2.0,0.0,1.0
2026-04-05,5,한화,8,4,4,0,0.5,3.0,2026,4,,4.0,0.0,4.0,2.0,0.0,3.0,2.0,0.0,1.0
2026-04-05,7,두산,8,2,5,1,0.286,4.5,2026,4,,2.0,1.0,5.0,1.0,0.0,2.0,1.0,1.0,3.0
2026-04-05,8,롯데,8,2,6,0,0.25,5.0,2026,4,,2.0,0.0,6.0,0.0,0.0,3.0,2.0,0.0,3.0
2026-04-05,8,KIA,8,2,6,0,0.25,5.0,2026,4,,2.0,0.0,6.0,1.0,0.0,2.0,1.0,0.0,4.0
2026-04-05,8,키움,8,2,6,0,0.25,5.0,2026,4,,2.0,0.0,6.0,1.0,0.0,2.0,1.0,0.0,4.0
2026-04-07,1,SSG,9,7,2,0,0.778,0.0,2026,4,,7.0,0.0,2.0,4.0,0.0,2.0,3.0,0.0,0.0
2026-04-07,1,KT,9,7,2,0,0.778,0.0,2026,4,,7.0,0.0,2.0,1.0,0.0,2.0,6.0,0.0,0.0
2026-04-07,3,NC,9,6,3,0,0.667,1.0,2026,4,,6.0,0.0,3.0,4.0,0.0,2.0,2.0,0.0,1.0
2026-04-07,4,삼성,9,5,3,1,0.625,1.5,2026,4,,5.0,1.0,3.0,2.0,1.0,2.0,3.0,0.0,1.0
2026-04-07,5,LG,9,5,4,0,0.556,2.0,2026,4,,5.0,0.0,4.0,2.0,0.0,3.0,3.0,0.0,1.0
2026-04-07,5,한화,9,5,4,0,0.556,2.0,2026,4,,5.0,0.0,4.0,2.0,0.0,3.0,3.0,0.0,1.0
2026-04-07,7,키움,9,3,6,0,0.333,4.0,2026,4,,3.0,0.0,6.0,1.0,0.0,2.0,2.0,0.0,4.0
2026-04-07,8,두산,9,2,6,1,0.25,4.5,2026,4,,2.0,1.0,6.0,1.0,0.0,3.0,1.0,1.0,3.0
2026-04-07,9,롯데,9,2,7,0,0.222,5.0,2026,4,,2.0,0.0,7.0,0.0,0.0,4.0,2.0,0.0,3.0
2026-04-07,9,KIA,9,2,7,0,0.222,5.0,2026,4,,2.0,0.0,7.0,1.0,0.0,3.0,1.0,0.0,4.0
2026-04-08,1,SSG,10,7,3,0,0.7,0.0,2026,4,,7.0,0.0,3.0,4.0,0.0,3.0,3.0,0.0,0.0
2026-04-08,1,KT,10,7,3,0,0.7,0.0,2026,4,,7.0,0.0,3.0,1.0,0.0,2.0,6.0,0.0,1.0
2026-04-08,3,LG,10,6,4,0,0.6,1.0,2026,4,,6.0,0.0,4.0,2.0,0.0,3.0,4.0,0.0,1.0
2026-04-08,3,한화,10,6,4,0,0.6,1.0,2026,4,,6.0,0.0,4.0,2.0,0.0,3.0,4.0,0.0,1.0
2026-04-08,3,NC,10,6,4,0,0.6,1.0,2026,4,,6.0,0.0,4.0,4.0,0.0,3.0,2.0,0.0,1.0
2026-04-08,6,삼성,10,5,4,1,0.556,1.5,2026,4,,5.0,1.0,4.0,2.0,1.0,2.0,3.0,0.0,2.0
2026-04-08,7,두산,10,3,6,1,0.333,3.5,2026,4,,3.0,1.0,6.0,2.0,0.0,3.0,1.0,1.0,3.0
2026-04-08,8,롯데,10,3,7,0,0.3,4.0,2026,4,,3.0,0.0,7.0,1.0,0.0,4.0,2.0,0.0,3.0
2026-04-08,8,KIA,10,3,7,0,0.3,4.0,2026,4,,3.0,0.0,7.0,2.0,0.0,3.0,1.0,0.0,4.0
2026-04-08,8,키움,10,3,7,0,0.3,4.0,2026,4,,3.0,0.0,7.0,1.0,0.0,2.0,2.0,0.0,5.0
2026-04-10,1,LG,11,7,4,0,0.636,0.0,2026,4,,7.0,0.0,3.0,3.0,0.0,3.0,4.0,0.0,1.0
2026-04-10,1,SSG,11,7,4,0,0.636,0.0,2026,4,,6.0,0.0,4.0,4.0,0.0,3.0,3.0,0.0,1.0
2026-04-10,1,KT,11,7,4,0,0.636,0.0,2026,4,,6.0,0.0,4.0,1.0,0.0,3.0,6.0,0.0,1.0
2026-04-10,4,삼성,11,6,4,1,0.6,0.5,2026,4,,6.0,1.0,3.0,3.0,1.0,2.0,3.0,0.0,2.0
2026-04-10,5,한화,11,6,5,0,0.545,1.0,2026,4,,5.0,0.0,5.0,2.0,0.0,4.0,4.0,0.0,1.0
2026-04-10,5,NC,11,6,5,0,0.545,1.0,2026,4,,5.0,0.0,5.0,4.0,0.0,3.0,2.0,0.0,2.0
2026-04-10,7,두산,11,4,6,1,0.4,2.5,2026,4,,4.0,1.0,5.0,2.0,0.0,3.0,2.0,1.0,3.0
2026-04-10,8,롯데,11,4,7,0,0.364,3.0,2026,4,,3.0,0.0,7.0,1.0,0.0,4.0,3.0,0.0,3.0
2026-04-10,8,KIA,11,4,7,0,0.364,3.0,2026,4,,4.0,0.0,6.0,2.0,0.0,3.0,2.0,0.0,4.0
2026-04-10,10,키움,11,3,8,0,0.273,4.0,2026,4,,3.0,0.0,7.0,1.0,0.0,3.0,2.0,0.0,5.0
2026-04-11,1,LG,12,8,4,0,0.667,0.0,2026,4,,8.0,0.0,2.0,4.0,0.0,3.0,4.0,0.0,1.0
2026-04-11,1,KT,12,8,4,0,0.667,0.0,2026,4,,6.0,0.0,4.0,2.0,0.0,3.0,6.0,0.0,1.0
2026-04-11,3,삼성,12,7,4,1,0.636,0.5,2026,4,,7.0,1.0,2.0,4.0,1.0,2.0,3.0,0.0,2.0
2026-04-11,4,SSG,12,7,5,0,0.583,1.0,2026,4,,5.0,0.0,5.0,4.0,0.0,3.0,3.0,0.0,2.0
2026-04-11,5,한화,12,6,6,0,0.5,2.0,2026,4,,4.0,0.0,6.0,2.0,0.0,5.0,4.0,0.0,1.0
2026-04-11,5,NC,12,6,6,0,0.5,2.0,2026,4,,5.0,0.0,5.0,4.0,0.0,3.0,2.0,0.0,3.0
2026-04-11,7,롯데,12,5,7,0,0.417,3.0,2026,4,,3.0,0.0,7.0,1.0,0.0,4.0,4.0,0.0,3.0
2026-04-11,7,KIA,12,5,7,0,0.417,3.0,2026,4,,5.0,0.0,5.0,2.0,0.0,3.0,3.0,0.0,4.0
2026-04-11,9,두산,12,4,7,1,0.364,3.5,2026,4,,3.0,1.0,6.0,2.0,0.0,3.0,2.0,1.0,4.0
2026-04-11,10,키움,12,3,9,0,0.25,5.0,2026,4,,3.0,0.0,7.0,1.0,0.0,4.0,2.0,0.0,5.0
2026-04-12,1,LG,13,9,4,0,0.692,0.0,2026,4,,9.0,0.0,1.0,5.0,0.0,3.0,4.0,0.0,1.0
2026-04-12,1,KT,13,9,4,0,0.692,0.0,2026,4,,6.0,0.0,4.0,3.0,0.0,3.0,6.0,0.0,1.0
2026-04-12,3,삼성,13,8,4,1,0.667,0.5,2026,4,,8.0,0.0,2.0,5.0,1.0,2.0,3.0,0.0,2.0
2026-04-12,4,SSG,13,7,6,0,0.538,2.0,2026,4,,4.0,0.0,6.0,4.0,0.0,3.0,3.0,0.0,3.0
2026-04-12,5,한화,13,6,7,0,0.462,3.0,2026,4,,4.0,0.0,6.0,2.0,0.0,6.0,4.0,0.0,1.0
2026-04-12,5,NC,13,6,7,0,0.462,3.0,2026,4,,4.0,0.0,6.0,4.0,0.0,3.0,2.0,0.0,4.0
2026-04-12,5,KIA,13,6,7,0,0.462,3.0,2026,4,,5.0,0.0,5.0,2.0,0.0,3.0,4.0,0.0,4.0
2026-04-12,8,롯데,13,5,8,0,0.385,4.0,2026,4,,3.0,0.0,7.0,1.0,0.0,4.0,4.0,0.0,4.0
2026-04-12,9,두산,13,4,8,1,0.333,4.5,2026,4,,3.0,0.0,7.0,2.0,0.0,3.0,2.0,1.0,5.0
2026-04-12,10,키움,13,4,9,0,0.308,5.0,2026,4,,4.0,0.0,6.0,2.0,0.0,4.0,2.0,0.0,5.0
2026-04-14,1,LG,14,10,4,0,0.714,0.0,2026,4,,9.0,0.0,1.0,6.0,0.0,3.0,4.0,0.0,1.0
2026-04-14,2,삼성,14,9,4,1,0.692,0.5,2026,4,,8.0,0.0,2.0,5.0,1.0,2.0,4.0,0.0,2.0
2026-04-14,3,KT,14,9,5,0,0.643,1.0,2026,4,,5.0,0.0,5.0,3.0,0.0,3.0,6.0,0.0,2.0
2026-04-14,4,SSG,14,7,7,0,0.5,3.0,2026,4,,4.0,0.0,6.0,4.0,0.0,4.0,3.0,0.0,3.0
2026-04-14,4,NC,14,7,7,0,0.5,3.0,2026,4,,4.0,0.0,6.0,5.0,0.0,3.0,2.0,0.0,4.0
2026-04-14,4,KIA,14,7,7,0,0.5,3.0,2026,4,,6.0,0.0,4.0,3.0,0.0,3.0,4.0,0.0,4.0
2026-04-14,7,한화,14,6,8,0,0.429,4.0,2026,4,,4.0,0.0,6.0,2.0,0.0,7.0,4.0,0.0,1.0
2026-04-14,8,두산,14,5,8,1,0.385,4.5,2026,4,,4.0,0.0,6.0,2.0,0.0,3.0,3.0,1.0,5.0
2026-04-14,9,롯데,14,5,9,0,0.357,5.0,2026,4,,3.0,0.0,7.0,1.0,0.0,4.0,4.0,0.0,5.0
2026-04-14,10,키움,14,4,10,0,0.286,6.0,2026,4,,3.0,0.0,7.0,2.0,0.0,4.0,2.0,0.0,6.0
2026-04-15,1,삼성,15,10,4,1,0.714,0.0,2026,4,,8.0,0.0,2.0,5.0,1.0,2.0,5.0,0.0,2.0
2026-04-15,2,LG,15,10,5,0,0.667,0.5,2026,4,,8.0,0.0,2.0,6.0,0.0,4.0,4.0,0.0,1.0
2026-04-15,2,KT,15,10,5,0,0.667,0.5,2026,4,,5.0,0.0,5.0,3.0,0.0,3.0,7.0,0.0,2.0
2026-04-15,4,SSG,15,8,7,0,0.533,2.5,2026,4,,4.0,0.0,6.0,5.0,0.0,4.0,3.0,0.0,3.0
2026-04-15,4,KIA,15,8,7,0,0.533,2.5,2026,4,,7.0,0.0,3.0,4.0,0.0,3.0,4.0,0.0,4.0
2026-04-15,6,NC,15,7,8,0,0.467,3.5,2026,4,,3.0,0.0,7.0,5.0,0.0,4.0,2.0,0.0,4.0
2026-04-15,7,한화,15,6,9,0,0.4,4.5,2026,4,,4.0,0.0,6.0,2.0,0.0,8.0,4.0,0.0,1.0
2026-04-15,7,롯데,15,6,9,0,0.4,4.5,2026,4,,4.0,0.0,6.0,1.0,0.0,4.0,5.0,0.0,5.0
2026-04-15,9,두산,15,5,9,1,0.357,5.0,2026,4,,4.0,0.0,6.0,2.0,0.0,3.0,3.0,1.0,6.0
2026-04-15,10,키움,15,4,11,0,0.267,6.5,2026,4,,3.0,0.0,7.0,2.0,0.0,4.0,2.0,0.0,7.0
2026-04-16,1,삼성,16,11,4,1,0.733,0.0,2026,4,,8.0,0.0,2.0,5.0,1.0,2.0,6.0,0.0,2.0
2026-04-16,2,LG,16,11,5,0,0.688,0.5,2026,4,,9.0,0.0,1.0,7.0,0.0,4.0,4.0,0.0,1.0
2026-04-16,2,KT,16,11,5,0,0.688,0.5,2026,4,,6.0,0.0,4.0,3.0,0.0,3.0,8.0,0.0,2.0
2026-04-16,4,SSG,16,9,7,0,0.563,2.5,2026,4,,4.0,0.0,6.0,6.0,0.0,4.0,3.0,0.0,3.0
2026-04-16,4,KIA,16,9,7,0,0.563,2.5,2026,4,,8.0,0.0,2.0,5.0,0.0,3.0,4.0,0.0,4.0
2026-04-16,6,NC,16,7,9,0,0.438,4.5,2026,4,,2.0,0.0,8.0,5.0,0.0,5.0,2.0,0.0,4.0
2026-04-16,7,한화,16,6,10,0,0.375,5.5,2026,4,,3.0,0.0,7.0,2.0,0.0,9.0,4.0,0.0,1.0
2026-04-16,7,롯데,16,6,10,0,0.375,5.5,2026,4,,4.0,0.0,6.0,1.0,0.0,4.0,5.0,0.0,6.0
2026-04-16,9,두산,16,5,10,1,0.333,6.0,2026,4,,4.0,0.0,6.0,2.0,0.0,3.0,3.0,1.0,7.0
2026-04-16,10,키움,16,4,12,0,0.25,7.5,2026,4,,2.0,0.0,8.0,2.0,0.0,4.0,2.0,0.0,8.0
2026-04-17,1,삼성,16,11,4,1,0.733,0.0,2026,4,,8.0,0.0,2.0,5.0,1.0,2.0,6.0,0.0,2.0
2026-04-17,2,KT,17,12,5,0,0.706,0.0,2026,4,,7.0,0.0,3.0,4.0,0.0,3.0,8.0,0.0,2.0
2026-04-17,3,LG,16,11,5,0,0.688,0.5,2026,4,,9.0,0.0,1.0,7.0,0.0,4.0,4.0,0.0,1.0
2026-04-17,4,KIA,17,10,7,0,0.588,2.0,2026,4,,9.0,0.0,1.0,5.0,0.0,3.0,5.0,0.0,4.0
2026-04-17,5,SSG,16,9,7,0,0.563,2.5,2026,4,,4.0,0.0,6.0,6.0,0.0,4.0,3.0,0.0,3.0
2026-04-17,6,NC,16,7,9,0,0.438,4.5,2026,4,,2.0,0.0,8.0,5.0,0.0,5.0,2.0,0.0,4.0
2026-04-17,7,한화,16,6,10,0,0.375,5.5,2026,4,,3.0,0.0,7.0,2.0,0.0,9.0,4.0,0.0,1.0
2026-04-17,7,롯데,16,6,10,0,0.375,5.5,2026,4,,4.0,0.0,6.0,1.0,0.0,4.0,5.0,0.0,6.0
2026-04-17,9,두산,17,5,11,1,0.313,6.5,2026,4,,4.0,0.0,6.0,2.0,0.0,4.0,3.0,1.0,7.0
2026-04-17,10,키움,17,4,13,0,0.235,8.0,2026,4,,2.0,0.0,8.0,2.0,0.0,4.0,2.0,0.0,9.0
2026-04-18,1,삼성,17,12,4,1,0.75,0.0,2026,4,,8.0,0.0,2.0,6.0,1.0,2.0,6.0,0.0,2.0
2026-04-18,2,KT,18,13,5,0,0.722,0.0,2026,4,,7.0,0.0,3.0,5.0,0.0,3.0,8.0,0.0,2.0
2026-04-18,3,LG,17,11,6,0,0.647,1.5,2026,4,,8.0,0.0,2.0,7.0,0.0,4.0,4.0,0.0,2.0
2026-04-18,4,SSG,17,10,7,0,0.588,2.5,2026,4,,4.0,0.0,6.0,6.0,0.0,4.0,4.0,0.0,3.0
2026-04-18,5,KIA,18,10,8,0,0.556,3.0,2026,4,,8.0,0.0,2.0,5.0,0.0,3.0,5.0,0.0,5.0
2026-04-18,6,한화,17,7,10,0,0.412,5.5,2026,4,,3.0,0.0,7.0,2.0,0.0,9.0,5.0,0.0,1.0
2026-04-18,6,NC,17,7,10,0,0.412,5.5,2026,4,,1.0,0.0,9.0,5.0,0.0,6.0,2.0,0.0,4.0
2026-04-18,8,롯데,17,6,11,0,0.353,6.5,2026,4,,4.0,0.0,6.0,1.0,0.0,5.0,5.0,0.0,6.0
2026-04-18,8,두산,18,6,11,1,0.353,6.5,2026,4,,4.0,0.0,6.0,3.0,0.0,4.0,3.0,1.0,7.0
2026-04-18,10,키움,18,4,14,0,0.222,9.0,2026,4,,2.0,0.0,8.0,2.0,0.0,4.0,2.0,0.0,10.0
2026-04-19,1,삼성,18,12,5,1,0.706,0.0,2026,4,,8.0,0.0,2.0,6.0,1.0,3.0,6.0,0.0,2.0
2026-04-19,2,KT,19,13,6,0,0.684,0.0,2026,4,,6.0,0.0,4.0,5.0,0.0,4.0,8.0,0.0,2.0
2026-04-19,3,LG,18,12,6,0,0.667,0.5,2026,4,,8.0,0.0,2.0,7.0,0.0,4.0,5.0,0.0,2.0
2026-04-19,4,SSG,18,10,8,0,0.556,2.5,2026,4,,3.0,0.0,7.0,6.0,0.0,4.0,4.0,0.0,4.0
2026-04-19,5,KIA,19,10,9,0,0.526,3.0,2026,4,,8.0,0.0,2.0,5.0,0.0,3.0,5.0,0.0,6.0
2026-04-19,6,한화,18,8,10,0,0.444,4.5,2026,4,,4.0,0.0,6.0,2.0,0.0,9.0,6.0,0.0,1.0
2026-04-19,6,NC,18,8,10,0,0.444,4.5,2026,4,,2.0,0.0,8.0,6.0,0.0,6.0,2.0,0.0,4.0
2026-04-19,8,두산,19,7,11,1,0.389,5.5,2026,4,,5.0,0.0,5.0,4.0,0.0,4.0,3.0,1.0,7.0
2026-04-19,9,롯데,18,6,12,0,0.333,6.5,2026,4,,4.0,0.0,6.0,1.0,0.0,6.0,5.0,0.0,6.0
2026-04-19,10,키움,19,5,14,0,0.263,8.0,2026,4,,2.0,0.0,8.0,2.0,0.0,4.0,3.0,0.0,10.0
2026-04-21,1,KT,20,14,6,0,0.7,0.0,2026,4,,7.0,0.0,3.0,6.0,0.0,4.0,8.0,0.0,2.0
2026-04-21,2,LG,19,13,6,0,0.684,0.5,2026,4,,8.0,0.0,2.0,8.0,0.0,4.0,5.0,0.0,2.0
2026-04-21,3,삼성,19,12,6,1,0.667,1.0,2026,4,,7.0,0.0,3.0,6.0,1.0,4.0,6.0,0.0,2.0
2026-04-21,4,SSG,19,11,8,0,0.579,2.5,2026,4,,4.0,0.0,6.0,6.0,0.0,4.0,5.0,0.0,4.0
2026-04-21,5,KIA,20,10,10,0,0.5,4.0,2026,4,,7.0,0.0,3.0,5.0,0.0,3.0,5.0,0.0,7.0
2026-04-21,6,한화,19,8,11,0,0.421,5.5,2026,4,,3.0,0.0,7.0,2.0,0.0,9.0,6.0,0.0,2.0
2026-04-21,6,NC,19,8,11,0,0.421,5.5,2026,4,,2.0,0.0,8.0,6.0,0.0,6.0,2.0,0.0,5.0
2026-04-21,6,두산,20,8,11,1,0.421,5.5,2026,4,,5.0,0.0,5.0,4.0,0.0,4.0,4.0,1.0,7.0
2026-04-21,9,롯데,19,6,13,0,0.316,7.5,2026,4,,4.0,0.0,6.0,1.0,0.0,7.0,5.0,0.0,6.0
2026-04-21,10,키움,20,6,14,0,0.3,8.0,2026,4,,3.0,0.0,7.0,3.0,0.0,4.0,3.0,0.0,10.0
2026-04-22,1,KT,21,15,6,0,0.714,0.0,2026,4,,8.0,0.0,2.0,7.0,0.0,4.0,8.0,0.0,2.0
2026-04-22,2,LG,20,14,6,0,0.7,0.5,2026,4,,8.0,0.0,2.0,9.0,0.0,4.0,5.0,0.0,2.0
2026-04-22,3,삼성,20,12,7,1,0.632,2.0,2026,4,,7.0,0.0,3.0,6.0,1.0,5.0,6.0,0.0,2.0
2026-04-22,4,SSG,20,12,8,0,0.6,2.5,2026,4,,5.0,0.0,5.0,6.0,0.0,4.0,6.0,0.0,4.0
2026-04-22,5,KIA,21,10,11,0,0.476,5.0,2026,4,,6.0,0.0,4.0,5.0,0.0,3.0,5.0,0.0,8.0
2026-04-22,6,두산,21,9,11,1,0.45,5.5,2026,4,,5.0,0.0,5.0,4.0,0.0,4.0,5.0,1.0,7.0
2026-04-22,7,한화,20,8,12,0,0.4,6.5,2026,4,,2.0,0.0,8.0,2.0,0.0,9.0,6.0,0.0,3.0
2026-04-22,7,NC,20,8,12,0,0.4,6.5,2026,4,,2.0,0.0,8.0,6.0,0.0,6.0,2.0,0.0,6.0
2026-04-22,9,키움,21,7,14,0,0.333,8.0,2026,4,,4.0,0.0,6.0,4.0,0.0,4.0,3.0,0.0,10.0
2026-04-22,10,롯데,20,6,14,0,0.3,8.5,2026,4,,3.0,0.0,7.0,1.0,0.0,8.0,5.0,0.0,6.0
2026-04-23,1,KT,22,16,6,0,0.727,0.0,2026,4,,8.0,0.0,2.0,8.0,0.0,4.0,8.0,0.0,2.0
2026-04-23,2,LG,21,14,7,0,0.667,1.5,2026,4,,7.0,0.0,3.0,9.0,0.0,5.0,5.0,0.0,2.0
2026-04-23,3,SSG,21,13,8,0,0.619,2.5,2026,4,,6.0,0.0,4.0,6.0,0.0,4.0,7.0,0.0,4.0
2026-04-23,4,삼성,21,12,8,1,0.6,3.0,2026,4,,6.0,0.0,4.0,6.0,1.0,6.0,6.0,0.0,2.0
2026-04-23,5,KIA,22,10,12,0,0.455,6.0,2026,4,,5.0,0.0,5.0,5.0,0.0,3.0,5.0,0.0,9.0
2026-04-23,6,한화,21,9,12,0,0.429,6.5,2026,4,,3.0,0.0,7.0,2.0,0.0,9.0,7.0,0.0,3.0
2026-04-23,6,NC,21,9,12,0,0.429,6.5,2026,4,,3.0,0.0,7.0,6.0,0.0,6.0,3.0,0.0,6.0
2026-04-23,6,두산,22,9,12,1,0.429,6.5,2026,4,,5.0,0.0,5.0,4.0,0.0,4.0,5.0,1.0,8.0
2026-04-23,9,롯데,21,7,14,0,0.333,8.5,2026,4,,3.0,0.0,7.0,2.0,0.0,8.0,5.0,0.0,6.0
2026-04-23,10,키움,22,7,15,0,0.318,9.0,2026,4,,4.0,0.0,6.0,4.0,0.0,5.0,3.0,0.0,10.0
2026-04-24,1,KT,23,16,7,0,0.696,0.0,2026,4,,7.0,0.0,3.0,8.0,0.0,4.0,8.0,0.0,3.0
2026-04-24,2,LG,22,15,7,0,0.682,0.5,2026,4,,7.0,0.0,3.0,9.0,0.0,5.0,6.0,0.0,2.0
2026-04-24,3,SSG,22,14,8,0,0.636,1.5,2026,4,,7.0,0.0,3.0,7.0,0.0,4.0,7.0,0.0,4.0
2026-04-24,4,삼성,22,12,9,1,0.571,3.0,2026,4,,5.0,0.0,5.0,6.0,1.0,6.0,6.0,0.0,3.0
2026-04-24,5,KIA,23,11,12,0,0.478,5.0,2026,4,,5.0,0.0,5.0,6.0,0.0,3.0,5.0,0.0,9.0
2026-04-24,6,NC,22,10,12,0,0.455,5.5,2026,4,,4.0,0.0,6.0,6.0,0.0,6.0,4.0,0.0,6.0
2026-04-24,7,한화,22,9,13,0,0.409,6.5,2026,4,,3.0,0.0,7.0,2.0,0.0,10.0,7.0,0.0,3.0
2026-04-24,7,두산,23,9,13,1,0.409,6.5,2026,4,,5.0,0.0,5.0,4.0,0.0,5.0,5.0,1.0,8.0
2026-04-24,9,키움,23,8,15,0,0.348,8.0,2026,4,,4.0,0.0,6.0,5.0,0.0,5.0,3.0,0.0,10.0
2026-04-24,10,롯데,22,7,15,0,0.318,8.5,2026,4,,2.0,0.0,8.0,2.0,0.0,8.0,5.0,0.0,7.0
